customer_id,archetype,monthly_income,income_volatility_cv,dti_ratio,savings_rate,liquidity_buffer_days,discretionary_spend_ratio,late_mandate_count_90d,balance_trend_slope,expense_trend_pct,upi_txns_per_day,night_txn_ratio,new_beneficiary_pct,merchant_category_entropy,is_stressed,life_stage
CUST_KIR_00001,kirana_msme,36045.39,0.4064,0.135,0.2674,26.2,0.1665,0,-4304.69,35.58,13.61,0.005,0.1913,0.9818,0,MSME_KIRANA_SEASONAL
CUST_RUR_00002,rural_agri,14935.46,0.3207,0.0805,0.0679,52.2,0.11,0,-1574.84,-3.52,4.46,0.0465,0.0469,1.1672,0,RURAL_AGRI_ALLIED
CUST_GIG_00003,gig_worker,25333.32,0.4758,0.1201,-0.1001,18.9,0.2158,3,-10814.32,12.95,26.45,0.1596,0.101,1.2549,1,EARLY_CAREER_GIG
CUST_GIG_00004,gig_worker,33219.22,0.4459,0.1057,-0.0497,24.8,0.1235,2,1568.16,-18.65,9.7,0.1042,0.109,0.7672,0,EARLY_CAREER_GIG
CUST_SAL_00005,salaried_tier1,25000.0,0.0946,0.5191,0.1509,49.4,0.4449,0,3527.02,28.01,5.36,0.0744,0.0212,2.1172,0,ESTABLISHED_FAMILY_HIGH_DEBT
CUST_SAL_00006,salaried_tier1,49003.14,0.0978,0.3572,0.1957,39.8,0.3434,0,4504.86,5.32,3.06,0.0686,0.044,1.5974,0,ESTABLISHED_FAMILY_HIGH_DEBT
CUST_SAL_00007,salaried_tier1,46330.15,0.0229,0.1711,0.2837,27.4,0.1681,0,9613.84,35.38,4.62,0.0395,0.024,2.5972,0,EARLY_CAREER_SALARIED
CUST_RUR_00008,rural_agri,8000.0,0.4578,0.0267,0.01,10.5,0.122,4,32.56,17.07,5.26,0.03,0.0591,1.1791,0,RURAL_AGRI_ALLIED
CUST_GIG_00009,gig_worker,14366.35,0.5531,0.0564,-0.0546,41.8,0.0924,0,-7115.33,18.05,20.21,0.1229,0.06,1.4215,0,EARLY_CAREER_GIG
CUST_GIG_00010,gig_worker,28255.25,0.2898,0.0032,0.1391,18.8,0.2127,0,10648.39,25.47,26.65,0.1279,0.0451,1.2148,0,EARLY_CAREER_GIG
CUST_SAL_00011,salaried_tier1,89163.72,0.0719,0.5097,0.1994,28.8,0.2739,0,6327.12,13.01,9.6,0.0573,0.0501,2.6815,0,ESTABLISHED_FAMILY_HIGH_DEBT
CUST_RUR_00012,rural_agri,8236.91,0.6083,0.0101,-0.0021,30.8,0.0478,4,-984.62,28.5,1.22,0.0102,0.0638,0.6464,0,RURAL_AGRI_ALLIED
CUST_RUR_00013,rural_agri,28178.17,0.7426,0.0217,0.0615,55.2,0.0766,2,-1843.12,-10.38,5.64,0.0376,0.0759,0.5936,0,RURAL_AGRI_ALLIED
CUST_SAL_00014,salaried_tier1,65503.43,0.0466,0.4303,0.2561,112.6,0.2319,0,11968.36,23.92,2.64,0.0371,0.0483,2.4601,0,ESTABLISHED_FAMILY_HIGH_DEBT
CUST_SAL_00015,salaried_tier1,66621.93,0.0841,0.3238,0.2978,34.0,0.5291,0,15122.4,27.81,9.56,0.0376,0.0808,1.9241,0,EARLY_CAREER_SALARIED
CUST_SAL_00016,salaried_tier1,62660.63,0.0334,0.2919,0.11,21.0,0.3833,1,-13585.33,-5.29,7.98,0.0565,0.0619,1.6973,0,EARLY_CAREER_SALARIED
CUST_KIR_00017,kirana_msme,41354.08,0.3575,0.2153,0.0596,45.8,0.1969,0,-1659.34,10.34,23.2,0.0215,0.1664,1.3019,0,MSME_KIRANA_SEASONAL
CUST_KIR_00018,kirana_msme,22216.34,0.2658,0.2917,0.2243,25.8,0.1794,0,-4252.12,12.37,15.99,0.0125,0.2255,0.8688,0,MSME_KIRANA_SEASONAL
CUST_KIR_00019,kirana_msme,35252.6,0.4416,0.1782,0.1227,52.9,0.1787,0,1156.97,-16.6,7.58,0.0089,0.206,0.9927,0,MSME_KIRANA_SEASONAL
CUST_SAL_00020,salaried_tier1,57348.17,0.0952,0.2872,0.3452,65.9,0.2217,1,7415.12,8.9,9.1,0.0789,0.025,2.0985,0,EARLY_CAREER_SALARIED
CUST_GIG_00021,gig_worker,16652.3,0.2657,0.0044,0.0823,8.6,0.1829,0,-1462.79,10.54,8.54,0.1632,0.0313,0.9855,0,EARLY_CAREER_GIG
CUST_SAL_00022,salaried_tier1,96250.11,0.0582,0.3057,0.305,108.9,0.2843,0,-8296.49,8.41,11.62,0.0456,0.0653,2.705,0,EARLY_CAREER_SALARIED
CUST_SAL_00023,salaried_tier1,46318.13,0.0524,0.5495,-0.028,75.7,0.183,0,-11319.35,1.41,7.1,0.0281,0.0516,2.0714,1,ESTABLISHED_FAMILY_HIGH_DEBT
CUST_KIR_00024,kirana_msme,56967.66,0.4229,0.0515,0.2527,86.4,0.0637,0,-4013.34,30.99,15.75,0.0004,0.1015,1.7607,0,MSME_KIRANA_SEASONAL
CUST_KIR_00025,kirana_msme,49866.88,0.31,0.1514,0.0923,88.4,0.178,0,-11178.81,8.87,9.55,0.0163,0.189,1.4032,0,MSME_KIRANA_SEASONAL
CUST_GIG_00026,gig_worker,11218.39,0.5589,0.0341,-0.0346,17.6,0.175,1,314.38,-3.26,23.88,0.128,0.071,1.0358,0,EARLY_CAREER_GIG
CUST_SAL_00027,salaried_tier1,68554.64,0.0409,0.1536,0.2093,68.7,0.3282,2,-5200.22,8.27,10.63,0.0198,0.0769,2.2426,0,EARLY_CAREER_SALARIED
CUST_KIR_00028,kirana_msme,32459.07,0.1777,0.1645,0.1486,80.7,0.0866,1,7126.69,4.16,9.95,0.0104,0.2291,1.7581,0,MSME_KIRANA_SEASONAL
CUST_GIG_00029,gig_worker,25181.73,0.5251,0.0547,0.0709,5.2,0.0908,0,-6761.84,-3.38,14.31,0.1135,0.0685,0.9181,0,EARLY_CAREER_GIG
CUST_SAL_00030,salaried_tier1,66501.28,0.0556,0.3806,0.3433,40.4,0.4225,0,19086.72,26.13,2.89,0.0574,0.0264,2.2895,0,ESTABLISHED_FAMILY_HIGH_DEBT
CUST_GIG_00031,gig_worker,26814.56,0.2621,0.1688,-0.0119,12.1,0.1094,3,-4385.21,-9.77,11.98,0.0891,0.1044,0.6654,1,EARLY_CAREER_GIG
CUST_SAL_00032,salaried_tier1,46337.59,0.0371,0.3145,0.2316,37.8,0.2967,0,1691.77,2.24,11.55,0.066,0.0442,2.7694,0,EARLY_CAREER_SALARIED
CUST_SAL_00033,salaried_tier1,68975.89,0.0822,0.4933,0.2879,52.8,0.4249,0,-1485.69,22.08,9.02,0.0107,0.0609,1.5792,0,ESTABLISHED_FAMILY_HIGH_DEBT
CUST_RUR_00034,rural_agri,13662.37,0.7058,0.0735,0.0339,45.0,0.1132,4,795.89,11.62,4.14,0.0305,0.0741,0.6576,0,RURAL_AGRI_ALLIED
CUST_RUR_00035,rural_agri,8000.0,0.5372,0.0834,0.0738,53.9,0.0983,1,273.47,-8.17,0.78,0.0116,0.0444,0.8631,0,RURAL_AGRI_ALLIED
CUST_RUR_00036,rural_agri,8000.0,0.4291,0.116,-0.06,56.0,0.1341,2,-1234.52,9.3,4.77,0.0404,0.0637,0.5743,0,RURAL_AGRI_ALLIED
CUST_KIR_00037,kirana_msme,49149.01,0.3439,0.1646,0.1822,22.4,0.1458,0,11089.71,18.92,10.85,0.0164,0.0767,1.235,0,MSME_KIRANA_SEASONAL
CUST_SAL_00038,salaried_tier1,25000.0,0.0285,0.4098,0.2972,102.0,0.4004,0,11056.2,-4.61,2.49,0.028,0.0336,1.6461,0,ESTABLISHED_FAMILY_HIGH_DEBT
CUST_GIG_00039,gig_worker,24093.77,0.584,0.1421,-0.1162,33.9,0.1405,0,-3518.01,20.12,27.95,0.0748,0.0635,0.9069,0,EARLY_CAREER_GIG
CUST_KIR_00040,kirana_msme,52309.58,0.3442,0.0821,0.2125,88.8,0.1868,0,12615.94,-4.36,12.25,0.0248,0.1903,0.8399,0,MSME_KIRANA_SEASONAL
CUST_SAL_00041,salaried_tier1,44714.31,0.0943,0.4064,0.0747,70.2,0.1764,3,-14536.9,22.58,6.78,0.0349,0.0883,1.9681,1,ESTABLISHED_FAMILY_HIGH_DEBT
CUST_KIR_00042,kirana_msme,31491.14,0.1876,0.2139,0.0599,61.8,0.1805,0,-5541.97,-2.74,14.19,0.0023,0.1842,1.249,0,MSME_KIRANA_SEASONAL
CUST_SAL_00043,salaried_tier1,93815.73,0.0902,0.2473,0.1702,35.2,0.1908,1,3520.24,-22.11,9.6,0.0134,0.1044,2.5667,0,EARLY_CAREER_SALARIED
CUST_RUR_00044,rural_agri,12852.16,0.6783,0.1456,-0.044,15.4,0.0521,0,-1696.95,22.75,5.12,0.0009,0.0134,0.9115,0,RURAL_AGRI_ALLIED
CUST_SAL_00045,salaried_tier1,42543.43,0.0677,0.2597,-0.0394,92.2,0.4003,0,-12734.61,16.9,8.75,0.0244,0.0552,2.4642,0,EARLY_CAREER_SALARIED
CUST_GIG_00046,gig_worker,23805.83,0.3236,0.0211,0.0939,27.3,0.216,1,960.32,-1.46,24.69,0.0396,0.1197,1.2329,0,EARLY_CAREER_GIG
CUST_KIR_00047,kirana_msme,24082.57,0.4374,0.0584,0.1949,31.7,0.1568,0,5332.25,10.89,14.89,0.0274,0.0923,1.0354,0,MSME_KIRANA_SEASONAL
CUST_KIR_00048,kirana_msme,58217.2,0.194,0.2115,0.1082,31.0,0.1525,0,487.79,-8.42,11.19,0.0134,0.1311,1.5548,0,MSME_KIRANA_SEASONAL
CUST_KIR_00049,kirana_msme,21246.17,0.4246,0.1164,0.274,27.2,0.1485,0,4748.81,-11.62,24.37,0.0136,0.2391,0.9687,0,MSME_KIRANA_SEASONAL
CUST_SAL_00050,salaried_tier1,55039.53,0.0274,0.2075,-0.0081,59.4,0.4682,0,-12131.12,-1.83,8.43,0.0238,0.0298,1.6694,1,EARLY_CAREER_SALARIED
CUST_RUR_00051,rural_agri,22474.8,0.6386,0.1707,0.0886,19.6,0.0347,0,5340.64,12.01,3.63,0.0416,0.0794,1.1237,0,RURAL_AGRI_ALLIED
CUST_GIG_00052,gig_worker,28568.44,0.2928,0.1561,0.1231,19.1,0.2187,0,-1527.03,10.18,14.21,0.1596,0.1423,0.994,0,EARLY_CAREER_GIG
CUST_RUR_00053,rural_agri,18296.67,0.434,0.2281,0.09,44.7,0.0609,2,-309.82,-2.53,2.56,0.0313,0.0202,0.5197,0,RURAL_AGRI_ALLIED
CUST_RUR_00054,rural_agri,11508.66,0.598,0.0269,-0.0949,55.0,0.0624,2,130.72,25.33,1.66,0.0133,0.0564,1.1995,0,RURAL_AGRI_ALLIED
CUST_GIG_00055,gig_worker,18526.91,0.3587,0.1632,-0.0365,6.7,0.1553,3,-3194.17,-2.93,16.32,0.0583,0.1483,1.1667,1,EARLY_CAREER_GIG
CUST_RUR_00056,rural_agri,20466.29,0.7644,0.1242,0.1529,29.5,0.115,2,-1335.64,12.64,2.49,0.0319,0.0149,0.6218,0,RURAL_AGRI_ALLIED
CUST_SAL_00057,salaried_tier1,67821.51,0.0853,0.3228,0.2686,77.5,0.5046,0,12718.36,0.17,8.3,0.0392,0.0344,2.2856,0,EARLY_CAREER_SALARIED
CUST_SAL_00058,salaried_tier1,83099.78,0.0456,0.3524,0.015,115.8,0.4906,1,-15428.53,5.78,9.62,0.0201,0.0209,2.0288,0,ESTABLISHED_FAMILY_HIGH_DEBT
CUST_SAL_00059,salaried_tier1,93212.61,0.0206,0.3191,0.2372,61.5,0.4429,0,-18947.65,20.34,7.88,0.0248,0.0437,2.5571,0,EARLY_CAREER_SALARIED
CUST_KIR_00060,kirana_msme,21825.94,0.4101,0.2173,0.162,54.2,0.0806,0,-58.83,16.4,24.91,0.0144,0.1472,1.1587,0,MSME_KIRANA_SEASONAL
CUST_KIR_00061,kirana_msme,41615.15,0.3656,0.1966,0.1731,33.5,0.1196,0,9978.26,14.85,11.71,0.0286,0.1566,1.7148,0,MSME_KIRANA_SEASONAL
CUST_SAL_00062,salaried_tier1,61063.47,0.0279,0.3992,0.1287,96.7,0.2382,0,-5139.9,-6.99,11.27,0.0597,0.0619,2.0282,0,ESTABLISHED_FAMILY_HIGH_DEBT
CUST_RUR_00063,rural_agri,23566.14,0.3547,0.2415,-0.0476,40.6,0.0595,2,-8090.84,1.76,4.2,0.0307,0.0725,1.0438,0,RURAL_AGRI_ALLIED
CUST_KIR_00064,kirana_msme,67065.52,0.3554,0.103,0.1097,39.7,0.1117,0,-4975.59,18.32,22.59,0.029,0.1183,0.8197,0,MSME_KIRANA_SEASONAL
CUST_SAL_00065,salaried_tier1,63800.81,0.0832,0.3965,-0.0321,80.4,0.2736,0,-9942.67,24.7,10.11,0.038,0.1147,2.5007,0,ESTABLISHED_FAMILY_HIGH_DEBT
CUST_KIR_00066,kirana_msme,59329.04,0.4223,0.0719,0.2841,77.8,0.1687,0,10648.03,38.44,22.0,0.0087,0.2405,1.6051,0,MSME_KIRANA_SEASONAL
CUST_SAL_00067,salaried_tier1,83902.19,0.0733,0.4791,-0.0447,71.9,0.3338,0,-11013.98,-11.65,8.84,0.0452,0.0965,1.5939,1,ESTABLISHED_FAMILY_HIGH_DEBT
CUST_RUR_00068,rural_agri,11677.15,0.7362,0.1533,-0.0528,57.9,0.0922,0,-1121.36,5.02,1.89,0.0402,0.0672,0.9388,0,RURAL_AGRI_ALLIED
CUST_SAL_00069,salaried_tier1,103295.46,0.0306,0.3688,0.1685,24.4,0.3172,1,3541.77,-2.49,2.99,0.0164,0.0463,2.613,0,ESTABLISHED_FAMILY_HIGH_DEBT
CUST_RUR_00070,rural_agri,8519.2,0.6945,0.0584,0.0918,18.0,0.1156,3,1239.32,-11.56,5.27,0.0297,0.0189,0.5888,0,RURAL_AGRI_ALLIED
CUST_GIG_00071,gig_worker,30720.6,0.2923,0.1012,0.0944,42.3,0.193,3,2764.6,-10.33,15.88,0.1742,0.0892,1.0821,0,EARLY_CAREER_GIG
CUST_SAL_00072,salaried_tier1,74139.84,0.0523,0.2833,0.1468,75.1,0.2453,0,6061.59,3.4,5.34,0.0175,0.0439,2.1324,0,EARLY_CAREER_SALARIED
CUST_SAL_00073,salaried_tier1,64697.43,0.0446,0.1641,0.0793,72.1,0.3707,0,-11155.3,1.32,11.66,0.0364,0.0458,2.0815,0,EARLY_CAREER_SALARIED
CUST_RUR_00074,rural_agri,13826.8,0.6546,0.0053,0.0257,47.7,0.0706,1,54.75,9.3,4.58,0.0026,0.0697,0.6435,0,RURAL_AGRI_ALLIED
CUST_GIG_00075,gig_worker,32903.11,0.3777,0.1812,-0.112,10.5,0.1885,0,-10428.35,6.18,26.88,0.196,0.0752,0.7764,1,EARLY_CAREER_GIG
CUST_GIG_00076,gig_worker,29926.31,0.5136,0.1978,-0.0705,31.2,0.0914,0,-8874.97,-21.76,27.99,0.1664,0.1244,0.6035,0,EARLY_CAREER_GIG
CUST_GIG_00077,gig_worker,19486.28,0.4004,0.1513,0.0119,6.3,0.084,0,-3491.03,-25.49,26.66,0.1384,0.1262,0.9694,0,EARLY_CAREER_GIG
CUST_SAL_00078,salaried_tier1,55639.47,0.061,0.3449,0.2,114.3,0.3819,0,8766.55,17.19,2.63,0.0231,0.0232,1.5654,0,EARLY_CAREER_SALARIED
CUST_KIR_00079,kirana_msme,46960.35,0.1964,0.1253,0.1122,46.1,0.0882,0,-222.54,7.06,24.73,0.0017,0.0784,1.2074,0,MSME_KIRANA_SEASONAL
CUST_SAL_00080,salaried_tier1,135690.93,0.0649,0.2183,0.0291,48.5,0.3874,0,12522.92,-4.54,11.7,0.0115,0.1003,1.6512,0,EARLY_CAREER_SALARIED
CUST_RUR_00081,rural_agri,25956.48,0.6914,0.2344,0.1076,13.6,0.0592,2,4476.14,8.18,0.9,0.0352,0.0382,0.6465,0,RURAL_AGRI_ALLIED
CUST_GIG_00082,gig_worker,16834.43,0.4109,0.0102,-0.001,8.2,0.1682,0,-4164.16,-9.38,24.06,0.0561,0.074,1.2956,0,EARLY_CAREER_GIG
CUST_KIR_00083,kirana_msme,54667.78,0.2071,0.1417,0.0765,64.0,0.0682,1,4802.06,-12.81,12.8,0.0174,0.2323,1.5807,0,MSME_KIRANA_SEASONAL
CUST_SAL_00084,salaried_tier1,91378.46,0.0715,0.4103,0.2967,108.9,0.5179,0,13857.78,11.26,9.41,0.063,0.0807,2.2074,0,ESTABLISHED_FAMILY_HIGH_DEBT
CUST_KIR_00085,kirana_msme,38271.86,0.2891,0.0935,0.1344,21.3,0.11,0,2410.97,5.04,18.27,0.0251,0.0931,1.4196,0,MSME_KIRANA_SEASONAL
CUST_KIR_00086,kirana_msme,59740.25,0.255,0.2821,0.0664,58.5,0.1386,0,-12043.75,8.36,12.29,0.0253,0.089,1.0557,0,MSME_KIRANA_SEASONAL
CUST_GIG_00087,gig_worker,28924.4,0.333,0.1138,0.1103,21.1,0.2926,0,3663.72,-4.18,15.79,0.1918,0.0684,0.7285,0,EARLY_CAREER_GIG
CUST_GIG_00088,gig_worker,15954.03,0.5632,0.0885,-0.0044,35.7,0.1641,0,476.86,10.45,15.35,0.1194,0.1271,0.9386,0,EARLY_CAREER_GIG
CUST_RUR_00089,rural_agri,10614.23,0.4388,0.2334,0.1171,36.7,0.1077,0,1310.96,3.39,3.3,0.0273,0.0352,0.9327,0,RURAL_AGRI_ALLIED
CUST_KIR_00090,kirana_msme,35139.41,0.1613,0.2293,0.1845,55.6,0.0865,0,2763.64,15.26,8.8,0.0138,0.1073,0.9682,0,MSME_KIRANA_SEASONAL
CUST_SAL_00091,salaried_tier1,91066.62,0.0534,0.1792,0.0595,117.9,0.3885,0,1639.16,-24.47,7.18,0.0126,0.0769,1.5096,0,EARLY_CAREER_SALARIED
CUST_GIG_00092,gig_worker,24164.94,0.276,0.0931,-0.0779,22.7,0.1802,0,-3145.04,-12.31,11.29,0.1156,0.1296,0.9211,0,EARLY_CAREER_GIG
CUST_GIG_00093,gig_worker,28482.5,0.6371,0.178,0.0302,25.3,0.0861,0,-148.89,11.99,20.57,0.1247,0.1191,1.0137,0,EARLY_CAREER_GIG
CUST_GIG_00094,gig_worker,21722.11,0.5501,0.1387,0.1472,14.7,0.1896,0,-1093.62,9.78,25.14,0.1463,0.1359,0.9965,0,EARLY_CAREER_GIG
CUST_GIG_00095,gig_worker,13875.64,0.4548,0.1881,-0.1357,17.8,0.2684,0,-5137.45,5.44,16.5,0.0955,0.1398,0.7792,1,EARLY_CAREER_GIG
CUST_KIR_00096,kirana_msme,44691.59,0.1675,0.1156,0.159,31.0,0.1921,0,4188.48,5.58,16.82,0.0216,0.2383,1.0683,0,MSME_KIRANA_SEASONAL
CUST_KIR_00097,kirana_msme,50016.58,0.3158,0.0787,0.0815,57.1,0.0903,0,7947.79,4.76,5.65,0.0179,0.1578,1.5228,0,MSME_KIRANA_SEASONAL
CUST_KIR_00098,kirana_msme,46267.78,0.4023,0.2992,0.1576,42.4,0.186,0,-1297.55,17.45,13.11,0.0012,0.1195,1.4154,0,MSME_KIRANA_SEASONAL
CUST_SAL_00099,salaried_tier1,51128.99,0.0947,0.4565,0.2132,101.5,0.409,2,6204.43,-10.03,11.25,0.0462,0.0317,2.4281,1,ESTABLISHED_FAMILY_HIGH_DEBT
CUST_SAL_00100,salaried_tier1,57425.75,0.0698,0.154,0.0279,66.6,0.5302,0,13360.79,-14.33,9.15,0.0523,0.0499,2.0517,0,EARLY_CAREER_SALARIED
CUST_SAL_00101,salaried_tier1,62332.35,0.0377,0.4622,0.0305,23.4,0.3398,0,-4854.81,11.1,10.08,0.064,0.1115,1.6102,1,ESTABLISHED_FAMILY_HIGH_DEBT
CUST_GIG_00102,gig_worker,25944.76,0.4534,0.0466,0.1036,33.5,0.2958,0,1505.55,19.47,12.24,0.1647,0.0524,0.8031,0,EARLY_CAREER_GIG
CUST_KIR_00103,kirana_msme,58619.43,0.4279,0.0523,0.0689,37.5,0.1504,0,-957.22,-7.17,17.14,0.0057,0.211,1.2599,0,MSME_KIRANA_SEASONAL
CUST_KIR_00104,kirana_msme,47060.29,0.1933,0.1605,0.1335,56.5,0.1378,0,18057.36,-5.73,19.26,0.011,0.0606,1.561,0,MSME_KIRANA_SEASONAL
CUST_RUR_00105,rural_agri,21169.26,0.3774,0.089,0.1091,35.8,0.0764,0,-3042.58,8.06,0.53,0.0039,0.0717,0.8935,0,RURAL_AGRI_ALLIED
CUST_SAL_00106,salaried_tier1,63585.94,0.0496,0.3776,0.3027,113.9,0.4458,0,15692.04,12.78,6.1,0.0429,0.0249,2.3699,0,ESTABLISHED_FAMILY_HIGH_DEBT
CUST_KIR_00107,kirana_msme,18000.0,0.2652,0.2636,0.2372,39.1,0.0676,0,1544.6,21.24,16.63,0.016,0.1693,1.7208,0,MSME_KIRANA_SEASONAL
CUST_GIG_00108,gig_worker,15305.99,0.3016,0.1074,0.131,16.0,0.2713,1,588.53,-2.19,8.73,0.0473,0.1174,0.823,0,EARLY_CAREER_GIG
CUST_SAL_00109,salaried_tier1,107265.05,0.0291,0.3125,0.144,71.8,0.4773,0,4895.92,-9.78,8.93,0.0489,0.09,2.5502,0,EARLY_CAREER_SALARIED
CUST_SAL_00110,salaried_tier1,74772.31,0.0711,0.2852,0.3127,76.7,0.1842,0,34465.08,-3.4,9.94,0.0446,0.1095,2.4833,0,EARLY_CAREER_SALARIED
CUST_SAL_00111,salaried_tier1,86026.21,0.0271,0.496,0.0782,33.7,0.2457,0,2504.63,-17.78,5.21,0.0194,0.0496,1.8265,0,ESTABLISHED_FAMILY_HIGH_DEBT
CUST_SAL_00112,salaried_tier1,95555.9,0.0915,0.4527,0.0828,93.2,0.2108,0,-10576.32,-13.7,10.08,0.0272,0.0263,1.9493,0,ESTABLISHED_FAMILY_HIGH_DEBT
CUST_RUR_00113,rural_agri,28035.31,0.6277,0.0583,0.1593,22.0,0.1133,0,10369.42,-3.98,2.43,0.0272,0.0151,0.7609,0,RURAL_AGRI_ALLIED
CUST_RUR_00114,rural_agri,26188.26,0.5809,0.1852,0.0986,24.6,0.1271,0,1846.47,23.52,4.6,0.0189,0.0312,0.8998,0,RURAL_AGRI_ALLIED
CUST_GIG_00115,gig_worker,23596.8,0.5146,0.1807,-0.1204,12.7,0.236,2,-3052.88,-5.63,16.3,0.0452,0.0825,1.3713,0,EARLY_CAREER_GIG
CUST_RUR_00116,rural_agri,17093.13,0.598,0.0224,0.0012,9.9,0.1454,2,841.92,8.13,1.73,0.0467,0.0341,0.8217,0,RURAL_AGRI_ALLIED
CUST_RUR_00117,rural_agri,26589.39,0.5386,0.2486,0.1038,9.1,0.1491,0,770.77,8.59,3.57,0.0152,0.0161,0.7012,0,RURAL_AGRI_ALLIED
CUST_SAL_00118,salaried_tier1,51021.7,0.0331,0.2641,0.2671,110.1,0.54,0,5478.74,-9.75,5.28,0.0179,0.107,2.6457,0,EARLY_CAREER_SALARIED
CUST_RUR_00119,rural_agri,8000.0,0.6684,0.1134,0.1968,8.0,0.0726,0,235.39,7.35,2.24,0.0365,0.0712,0.8522,0,RURAL_AGRI_ALLIED
CUST_KIR_00120,kirana_msme,36906.13,0.2695,0.1292,0.1668,40.0,0.1942,0,6430.38,2.34,15.54,0.0017,0.0721,0.898,0,MSME_KIRANA_SEASONAL
CUST_RUR_00121,rural_agri,28542.6,0.6697,0.1066,0.0001,22.4,0.1229,0,-3891.04,11.04,4.88,0.0239,0.0192,0.509,0,RURAL_AGRI_ALLIED
CUST_RUR_00122,rural_agri,37003.97,0.7876,0.2414,-0.0354,49.6,0.0537,0,-14999.6,16.79,2.73,0.0466,0.0162,0.9733,0,RURAL_AGRI_ALLIED
CUST_KIR_00123,kirana_msme,65265.24,0.1978,0.292,0.2787,31.7,0.0682,0,-183.8,-4.79,8.87,0.0125,0.1398,1.7094,0,MSME_KIRANA_SEASONAL
CUST_SAL_00124,salaried_tier1,70262.89,0.0216,0.2808,0.2012,43.9,0.5138,0,8368.63,-21.5,11.09,0.077,0.0278,1.5935,0,EARLY_CAREER_SALARIED
CUST_SAL_00125,salaried_tier1,41869.16,0.0662,0.5332,0.1512,23.7,0.398,0,148.65,-5.7,6.35,0.0235,0.0391,2.6127,0,ESTABLISHED_FAMILY_HIGH_DEBT
CUST_KIR_00126,kirana_msme,34358.53,0.2465,0.1664,0.2858,85.2,0.081,0,9041.46,2.51,15.2,0.0138,0.2302,0.9494,0,MSME_KIRANA_SEASONAL
CUST_RUR_00127,rural_agri,25747.35,0.7034,0.0009,-0.004,28.2,0.0576,0,-2739.36,14.63,4.04,0.0131,0.0137,0.5264,0,RURAL_AGRI_ALLIED
CUST_RUR_00128,rural_agri,18600.71,0.508,0.2445,-0.0398,16.8,0.065,0,41.81,9.48,5.51,0.0308,0.0388,0.7656,0,RURAL_AGRI_ALLIED
CUST_SAL_00129,salaried_tier1,58279.32,0.0522,0.4097,0.2292,82.0,0.2782,0,8306.82,20.26,3.29,0.0763,0.0675,2.0552,0,ESTABLISHED_FAMILY_HIGH_DEBT
CUST_KIR_00130,kirana_msme,18000.0,0.3936,0.2668,0.2183,23.3,0.1349,0,2082.65,2.62,9.57,0.0265,0.054,0.9365,0,MSME_KIRANA_SEASONAL
CUST_KIR_00131,kirana_msme,42250.49,0.3958,0.14,0.1852,67.4,0.1554,1,3499.02,-4.96,12.99,0.0286,0.1784,1.3313,0,MSME_KIRANA_SEASONAL
CUST_SAL_00132,salaried_tier1,58957.45,0.0728,0.3383,0.0296,78.2,0.1743,0,3075.61,7.32,6.36,0.0624,0.1028,2.2106,0,EARLY_CAREER_SALARIED
CUST_SAL_00133,salaried_tier1,57360.42,0.0544,0.3383,0.0129,18.3,0.5288,0,800.88,13.93,2.83,0.075,0.078,1.8119,1,EARLY_CAREER_SALARIED
CUST_KIR_00134,kirana_msme,62932.97,0.1616,0.0967,0.2578,73.7,0.1026,0,-1539.65,15.55,5.0,0.0072,0.0916,1.3336,0,MSME_KIRANA_SEASONAL
CUST_RUR_00135,rural_agri,13005.56,0.5521,0.2164,-0.0276,9.3,0.0728,2,-2614.0,2.75,4.99,0.048,0.0655,0.8855,1,RURAL_AGRI_ALLIED
CUST_KIR_00136,kirana_msme,29165.41,0.35,0.1211,0.1964,61.1,0.1169,0,1575.0,-1.89,13.97,0.0161,0.1827,1.065,0,MSME_KIRANA_SEASONAL
CUST_KIR_00137,kirana_msme,30408.53,0.4298,0.1458,0.2324,21.4,0.0808,0,5509.27,-9.64,15.55,0.0279,0.1468,1.6783,0,MSME_KIRANA_SEASONAL
CUST_GIG_00138,gig_worker,18316.17,0.6098,0.1822,0.133,24.8,0.229,1,2246.13,0.18,20.02,0.0358,0.0897,0.7179,0,EARLY_CAREER_GIG
CUST_KIR_00139,kirana_msme,30301.12,0.337,0.0686,0.1759,32.8,0.1361,0,-4816.6,-4.02,19.77,0.0101,0.203,1.3567,0,MSME_KIRANA_SEASONAL
CUST_RUR_00140,rural_agri,27303.02,0.4549,0.0214,-0.0727,55.8,0.1127,0,330.9,10.73,3.76,0.0418,0.0131,0.7497,0,RURAL_AGRI_ALLIED
CUST_RUR_00141,rural_agri,19793.76,0.4308,0.0167,-0.0915,18.5,0.1358,0,-2701.12,17.58,5.55,0.0204,0.0234,1.0042,0,RURAL_AGRI_ALLIED
CUST_SAL_00142,salaried_tier1,82509.69,0.0926,0.199,0.1636,107.3,0.314,0,22739.33,0.51,4.78,0.0327,0.1145,1.5916,0,EARLY_CAREER_SALARIED
CUST_KIR_00143,kirana_msme,30900.48,0.2959,0.2346,0.2667,63.8,0.1504,0,6918.99,7.12,7.65,0.0232,0.103,1.7458,0,MSME_KIRANA_SEASONAL
CUST_KIR_00144,kirana_msme,33261.02,0.2829,0.2045,0.2425,27.3,0.1944,0,7561.47,15.65,21.46,0.0155,0.1424,1.0703,0,MSME_KIRANA_SEASONAL
CUST_SAL_00145,salaried_tier1,54633.49,0.0703,0.4297,0.2344,20.5,0.4939,0,17626.44,24.3,4.42,0.0438,0.1087,1.8411,0,ESTABLISHED_FAMILY_HIGH_DEBT
CUST_SAL_00146,salaried_tier1,66794.88,0.0993,0.4582,0.0342,67.7,0.2434,0,-11787.84,-19.22,9.71,0.026,0.1122,2.5141,1,ESTABLISHED_FAMILY_HIGH_DEBT
CUST_GIG_00147,gig_worker,41730.61,0.474,0.0973,0.0015,10.4,0.2588,0,-3880.92,-8.32,23.32,0.1885,0.1437,0.718,0,EARLY_CAREER_GIG
CUST_KIR_00148,kirana_msme,29896.09,0.4302,0.0959,0.1132,48.5,0.1075,0,565.95,9.64,8.42,0.008,0.1518,1.2563,0,MSME_KIRANA_SEASONAL
CUST_SAL_00149,salaried_tier1,105642.63,0.095,0.5149,0.3284,40.7,0.2026,0,30774.28,3.53,11.72,0.0702,0.031,2.6636,0,ESTABLISHED_FAMILY_HIGH_DEBT
CUST_SAL_00150,salaried_tier1,67439.13,0.0237,0.3676,0.0854,64.7,0.3953,1,-2740.55,6.22,6.34,0.0674,0.1106,2.3605,0,ESTABLISHED_FAMILY_HIGH_DEBT
CUST_RUR_00151,rural_agri,24997.16,0.3815,0.2031,0.156,55.3,0.0618,3,2594.32,-1.07,3.54,0.0025,0.0131,0.7245,0,RURAL_AGRI_ALLIED
CUST_SAL_00152,salaried_tier1,51124.52,0.0736,0.1502,0.2724,23.3,0.2266,0,5107.13,2.97,5.55,0.0324,0.1164,2.1303,0,EARLY_CAREER_SALARIED
CUST_SAL_00153,salaried_tier1,90502.51,0.0441,0.1878,0.2534,78.6,0.3781,0,11810.61,-19.77,8.23,0.0245,0.0704,1.6826,0,EARLY_CAREER_SALARIED
CUST_KIR_00154,kirana_msme,39241.88,0.1818,0.1732,0.0902,88.5,0.0738,0,567.12,12.99,17.79,0.0039,0.1361,1.1641,0,MSME_KIRANA_SEASONAL
CUST_RUR_00155,rural_agri,15369.33,0.6946,0.0078,0.1901,34.0,0.0664,0,2957.73,13.77,5.94,0.002,0.0558,0.5465,0,RURAL_AGRI_ALLIED
CUST_SAL_00156,salaried_tier1,72511.66,0.0586,0.4311,-0.0228,35.3,0.2358,0,-23029.83,5.41,7.73,0.0251,0.1062,1.7459,1,ESTABLISHED_FAMILY_HIGH_DEBT
CUST_GIG_00157,gig_worker,13755.95,0.2699,0.0537,0.0463,25.4,0.2877,0,-1869.0,-17.76,17.79,0.1171,0.0621,1.2245,0,EARLY_CAREER_GIG
CUST_GIG_00158,gig_worker,25230.97,0.3817,0.0084,-0.0011,25.9,0.1171,1,-2128.78,-0.75,26.92,0.0635,0.135,1.4864,0,EARLY_CAREER_GIG
CUST_SAL_00159,salaried_tier1,93898.07,0.0584,0.2993,0.1473,75.8,0.2256,1,5982.11,-29.09,8.33,0.017,0.0804,2.3764,0,EARLY_CAREER_SALARIED
CUST_GIG_00160,gig_worker,16889.33,0.4224,0.035,0.1461,26.6,0.2312,0,1136.11,3.47,27.52,0.0787,0.0809,0.6853,0,EARLY_CAREER_GIG
CUST_KIR_00161,kirana_msme,47408.84,0.2335,0.0654,0.0906,82.7,0.1529,0,7304.78,-12.19,18.81,0.0172,0.1309,0.8656,0,MSME_KIRANA_SEASONAL
CUST_GIG_00162,gig_worker,25687.58,0.4197,0.0893,-0.0738,37.7,0.1868,0,-8151.77,13.57,11.64,0.0446,0.1157,0.8743,0,EARLY_CAREER_GIG
CUST_GIG_00163,gig_worker,12638.06,0.4377,0.0735,-0.1198,16.0,0.226,1,-5505.14,-4.2,17.2,0.0629,0.0552,0.8576,0,EARLY_CAREER_GIG
CUST_KIR_00164,kirana_msme,35198.06,0.3418,0.0688,0.0836,65.1,0.1009,0,-2211.65,-28.65,10.12,0.0195,0.0733,1.3574,0,MSME_KIRANA_SEASONAL
CUST_SAL_00165,salaried_tier1,82790.45,0.0897,0.5496,0.1931,57.5,0.2401,0,-7198.8,-14.59,5.67,0.074,0.0568,2.1233,0,ESTABLISHED_FAMILY_HIGH_DEBT
CUST_RUR_00166,rural_agri,22156.74,0.6071,0.0835,0.1454,7.1,0.1345,1,3681.98,2.87,3.23,0.0334,0.0109,0.7788,0,RURAL_AGRI_ALLIED
CUST_KIR_00167,kirana_msme,31593.81,0.2818,0.1741,0.1509,67.5,0.1131,1,137.62,16.17,21.15,0.0033,0.1295,1.3993,0,MSME_KIRANA_SEASONAL
CUST_SAL_00168,salaried_tier1,82209.59,0.0634,0.4832,0.0,28.6,0.3727,2,-19060.28,21.53,5.27,0.0525,0.113,2.0395,1,ESTABLISHED_FAMILY_HIGH_DEBT
CUST_SAL_00169,salaried_tier1,46732.56,0.083,0.1726,0.0978,68.1,0.3741,0,-4569.26,-13.49,8.13,0.051,0.0748,1.9613,0,EARLY_CAREER_SALARIED
CUST_GIG_00170,gig_worker,23008.32,0.5862,0.1403,0.0867,17.7,0.169,0,-4569.91,-5.03,9.22,0.1305,0.1487,0.7727,0,EARLY_CAREER_GIG
CUST_GIG_00171,gig_worker,26981.71,0.6283,0.0818,0.0486,22.5,0.2187,0,1391.38,16.92,18.16,0.1199,0.1273,0.7698,0,EARLY_CAREER_GIG
CUST_SAL_00172,salaried_tier1,75435.02,0.06,0.5076,0.3179,20.8,0.4783,0,11079.86,28.15,7.42,0.0204,0.0946,1.9773,0,ESTABLISHED_FAMILY_HIGH_DEBT
CUST_KIR_00173,kirana_msme,48597.87,0.3515,0.1486,0.0503,28.4,0.1302,0,421.75,11.09,19.61,0.0157,0.0648,1.2174,0,MSME_KIRANA_SEASONAL
CUST_SAL_00174,salaried_tier1,79830.9,0.0294,0.5461,0.0338,16.2,0.549,0,-2352.66,21.14,3.77,0.0506,0.1104,2.3684,1,ESTABLISHED_FAMILY_HIGH_DEBT
CUST_GIG_00175,gig_worker,26509.63,0.3846,0.0422,-0.056,10.5,0.2784,0,-7859.55,4.18,16.97,0.0845,0.1193,0.8208,1,EARLY_CAREER_GIG
CUST_SAL_00176,salaried_tier1,72391.43,0.0326,0.4262,0.1554,83.3,0.5059,0,13513.69,0.55,9.51,0.0442,0.0803,2.6715,0,ESTABLISHED_FAMILY_HIGH_DEBT
CUST_GIG_00177,gig_worker,31036.37,0.2725,0.0048,-0.015,17.0,0.1764,0,-9179.84,17.08,21.78,0.1175,0.054,0.7482,0,EARLY_CAREER_GIG
CUST_KIR_00178,kirana_msme,57303.49,0.3649,0.2173,0.1692,65.0,0.0558,0,9588.29,24.28,15.01,0.0107,0.1055,1.5779,0,MSME_KIRANA_SEASONAL
CUST_RUR_00179,rural_agri,16458.08,0.6849,0.1403,0.1649,34.0,0.0921,1,2754.74,5.69,5.81,0.0037,0.0137,1.0245,0,RURAL_AGRI_ALLIED
CUST_SAL_00180,salaried_tier1,59963.82,0.0275,0.4572,0.2489,47.7,0.2725,0,26111.01,7.59,10.81,0.028,0.0793,1.5941,0,ESTABLISHED_FAMILY_HIGH_DEBT
CUST_KIR_00181,kirana_msme,70609.95,0.2532,0.1193,0.2992,72.6,0.1467,0,7532.14,22.1,5.62,0.0166,0.2024,0.8492,0,MSME_KIRANA_SEASONAL
CUST_SAL_00182,salaried_tier1,65907.54,0.039,0.3289,-0.021,115.2,0.2393,1,-10612.03,2.72,11.86,0.0488,0.1131,2.0537,0,EARLY_CAREER_SALARIED
CUST_RUR_00183,rural_agri,19505.07,0.5637,0.0353,-0.0998,49.6,0.0405,1,-2168.47,-10.87,1.65,0.0333,0.0155,1.1402,0,RURAL_AGRI_ALLIED
CUST_RUR_00184,rural_agri,12732.52,0.5317,0.1499,-0.0486,45.8,0.0663,1,-268.34,16.51,4.28,0.0064,0.0398,0.6108,0,RURAL_AGRI_ALLIED
CUST_SAL_00185,salaried_tier1,80143.21,0.0913,0.2286,0.1955,24.2,0.3066,0,4347.5,9.23,8.25,0.0298,0.0578,2.3573,0,EARLY_CAREER_SALARIED
CUST_GIG_00186,gig_worker,37014.52,0.3496,0.0649,-0.0497,4.1,0.155,2,-5387.78,4.77,18.36,0.1074,0.0337,1.4076,1,EARLY_CAREER_GIG
CUST_RUR_00187,rural_agri,23135.21,0.3122,0.1454,0.0647,17.1,0.0815,1,-1428.23,-5.82,0.5,0.0468,0.0215,1.009,0,RURAL_AGRI_ALLIED
CUST_GIG_00188,gig_worker,28434.44,0.3528,0.0042,-0.0831,5.4,0.1027,0,-3675.29,7.01,18.32,0.0731,0.1429,0.8069,0,EARLY_CAREER_GIG
CUST_KIR_00189,kirana_msme,26232.01,0.2736,0.2319,0.1629,80.0,0.1916,0,-3173.88,9.72,6.9,0.006,0.1327,1.3607,0,MSME_KIRANA_SEASONAL
CUST_SAL_00190,salaried_tier1,64545.45,0.0685,0.4267,0.1032,106.3,0.3773,0,-9164.91,4.68,6.65,0.0675,0.0815,1.5874,0,ESTABLISHED_FAMILY_HIGH_DEBT
CUST_SAL_00191,salaried_tier1,91826.0,0.0832,0.2683,0.1483,59.2,0.3142,0,-7429.11,-2.73,3.97,0.0139,0.0398,1.6773,0,EARLY_CAREER_SALARIED
CUST_RUR_00192,rural_agri,35043.38,0.6269,0.0968,0.0942,7.5,0.0365,0,7648.64,-1.67,5.38,0.0052,0.0676,0.8847,0,RURAL_AGRI_ALLIED
CUST_RUR_00193,rural_agri,12744.83,0.3752,0.1259,0.1405,29.3,0.0889,2,-1994.22,-14.96,3.2,0.0129,0.0719,0.9942,0,RURAL_AGRI_ALLIED
CUST_GIG_00194,gig_worker,29219.93,0.2677,0.1984,-0.1109,36.4,0.1669,0,-8377.14,-5.58,16.26,0.1214,0.0359,1.3926,0,EARLY_CAREER_GIG
CUST_KIR_00195,kirana_msme,41752.15,0.3444,0.228,0.0946,25.6,0.1911,0,-4930.78,12.52,22.27,0.0232,0.0838,1.6533,0,MSME_KIRANA_SEASONAL
CUST_KIR_00196,kirana_msme,19586.16,0.2288,0.0805,0.1774,61.0,0.1039,0,3882.6,-9.05,17.82,0.027,0.0828,1.1635,0,MSME_KIRANA_SEASONAL
CUST_GIG_00197,gig_worker,33623.09,0.6228,0.0558,0.1351,5.7,0.2127,0,4298.78,-0.07,18.6,0.1438,0.1298,1.4044,0,EARLY_CAREER_GIG
CUST_RUR_00198,rural_agri,18356.22,0.5992,0.0077,-0.0175,6.8,0.0804,3,-4540.61,-11.93,4.0,0.0081,0.0734,1.1879,1,RURAL_AGRI_ALLIED
CUST_RUR_00199,rural_agri,19794.19,0.6659,0.1773,-0.0399,16.6,0.1126,0,-2327.75,12.08,4.8,0.0392,0.0417,0.8071,0,RURAL_AGRI_ALLIED
CUST_GIG_00200,gig_worker,14068.13,0.3596,0.063,-0.115,14.5,0.1261,0,-1878.26,-22.26,10.09,0.1524,0.1125,1.4176,0,EARLY_CAREER_GIG
CUST_GIG_00201,gig_worker,16921.04,0.5274,0.0079,0.1018,21.8,0.2201,0,1770.95,18.4,23.44,0.1104,0.1041,1.2094,0,EARLY_CAREER_GIG
CUST_SAL_00202,salaried_tier1,95134.93,0.0841,0.3142,0.042,57.6,0.4805,0,-5602.39,-1.21,10.06,0.0347,0.0842,2.1818,0,EARLY_CAREER_SALARIED
CUST_SAL_00203,salaried_tier1,65479.69,0.0417,0.492,0.0886,117.2,0.5419,0,-86.5,2.99,9.05,0.0416,0.0301,1.5533,0,ESTABLISHED_FAMILY_HIGH_DEBT
CUST_RUR_00204,rural_agri,19222.32,0.7007,0.0994,0.0009,17.9,0.0877,1,-1730.5,-24.08,1.91,0.0474,0.0219,0.9422,0,RURAL_AGRI_ALLIED
CUST_GIG_00205,gig_worker,39093.69,0.4242,0.083,0.0698,31.8,0.2633,0,-8427.63,-6.49,19.7,0.0929,0.0883,1.1486,0,EARLY_CAREER_GIG
CUST_SAL_00206,salaried_tier1,62303.35,0.0746,0.4143,0.3302,91.6,0.1708,1,12940.37,17.69,6.43,0.051,0.1176,2.6215,0,ESTABLISHED_FAMILY_HIGH_DEBT
CUST_SAL_00207,salaried_tier1,113271.85,0.0853,0.5453,0.1055,20.0,0.4705,0,-18924.18,-22.19,6.95,0.062,0.097,1.7581,1,ESTABLISHED_FAMILY_HIGH_DEBT
CUST_GIG_00208,gig_worker,11073.94,0.5424,0.0484,-0.0985,25.3,0.1438,0,-3081.27,-0.12,21.1,0.0782,0.03,0.7061,0,EARLY_CAREER_GIG
CUST_SAL_00209,salaried_tier1,79471.89,0.0977,0.2994,0.2226,21.7,0.3085,2,22492.18,-12.98,4.88,0.0184,0.0904,2.2007,0,EARLY_CAREER_SALARIED
CUST_SAL_00210,salaried_tier1,78811.8,0.0457,0.2509,0.1637,101.5,0.1913,2,2852.86,23.94,3.81,0.0598,0.0585,2.5336,0,EARLY_CAREER_SALARIED
CUST_KIR_00211,kirana_msme,35569.95,0.2629,0.1408,0.0631,68.0,0.1154,0,-12488.92,-14.37,21.05,0.0146,0.1097,1.616,0,MSME_KIRANA_SEASONAL
CUST_GIG_00212,gig_worker,28881.1,0.2661,0.019,-0.148,9.4,0.0952,3,-10273.78,-26.54,10.99,0.071,0.1423,0.8599,1,EARLY_CAREER_GIG
CUST_GIG_00213,gig_worker,20953.67,0.384,0.0415,-0.0367,16.3,0.229,0,-424.1,2.64,9.32,0.0625,0.0789,1.1195,0,EARLY_CAREER_GIG
CUST_SAL_00214,salaried_tier1,41429.29,0.0302,0.1734,0.0722,31.6,0.2196,0,2869.35,-20.62,7.58,0.0366,0.0707,1.5206,0,EARLY_CAREER_SALARIED
CUST_GIG_00215,gig_worker,30778.86,0.5985,0.0385,-0.1207,40.7,0.157,0,-10156.19,1.81,10.52,0.1302,0.093,0.9236,0,EARLY_CAREER_GIG
CUST_SAL_00216,salaried_tier1,76849.9,0.0278,0.3692,0.2311,98.2,0.4016,0,22256.87,22.18,8.77,0.0117,0.0612,2.4232,0,ESTABLISHED_FAMILY_HIGH_DEBT
CUST_KIR_00217,kirana_msme,51578.69,0.424,0.2495,0.2804,88.5,0.0516,0,823.26,22.76,22.2,0.0076,0.2462,1.2128,0,MSME_KIRANA_SEASONAL
CUST_GIG_00218,gig_worker,13825.85,0.4946,0.1392,-0.0473,7.5,0.0953,0,327.64,0.13,22.84,0.1167,0.0807,1.0686,0,EARLY_CAREER_GIG
CUST_GIG_00219,gig_worker,20235.35,0.4851,0.1695,-0.0176,3.8,0.0964,0,-420.33,13.11,21.86,0.0421,0.0527,1.4725,0,EARLY_CAREER_GIG
CUST_RUR_00220,rural_agri,29783.09,0.3142,0.2071,0.1365,19.2,0.115,0,5573.15,8.92,1.61,0.0089,0.0336,0.5282,0,RURAL_AGRI_ALLIED
CUST_GIG_00221,gig_worker,10000.0,0.2617,0.121,-0.0313,15.5,0.2707,1,-1525.76,1.07,17.9,0.0523,0.1135,1.372,0,EARLY_CAREER_GIG
CUST_GIG_00222,gig_worker,22188.96,0.5477,0.1239,0.0909,21.1,0.2529,0,2759.75,8.06,17.73,0.1086,0.1242,1.4469,0,EARLY_CAREER_GIG
CUST_SAL_00223,salaried_tier1,65073.93,0.0974,0.4512,0.2745,18.4,0.3371,0,1038.45,-3.52,2.49,0.0697,0.0748,2.579,0,ESTABLISHED_FAMILY_HIGH_DEBT
CUST_KIR_00224,kirana_msme,48806.06,0.1655,0.0896,0.2532,29.3,0.085,0,-3025.78,-7.32,20.27,0.0134,0.208,1.3171,0,MSME_KIRANA_SEASONAL
CUST_SAL_00225,salaried_tier1,63252.68,0.0518,0.4474,0.1823,55.8,0.2183,0,-3734.22,17.78,6.23,0.046,0.0371,2.2482,0,ESTABLISHED_FAMILY_HIGH_DEBT
CUST_SAL_00226,salaried_tier1,66687.61,0.098,0.2833,0.188,24.5,0.3924,0,-7747.86,-12.17,9.16,0.0652,0.0904,2.747,0,EARLY_CAREER_SALARIED
CUST_RUR_00227,rural_agri,24372.36,0.5917,0.1346,0.0363,16.5,0.0304,0,-1556.44,-4.16,2.59,0.0224,0.0786,0.8568,0,RURAL_AGRI_ALLIED
CUST_KIR_00228,kirana_msme,50603.01,0.3782,0.0875,0.193,37.8,0.0842,0,13541.84,-5.65,11.19,0.0035,0.2472,0.9303,0,MSME_KIRANA_SEASONAL
CUST_RUR_00229,rural_agri,21677.03,0.332,0.2156,0.1884,18.6,0.084,0,-1495.93,-8.7,2.78,0.0135,0.0245,0.9485,0,RURAL_AGRI_ALLIED
CUST_GIG_00230,gig_worker,27146.79,0.476,0.1717,-0.1148,36.0,0.2282,0,-8881.03,-12.77,16.83,0.1906,0.047,1.2253,0,EARLY_CAREER_GIG
CUST_GIG_00231,gig_worker,22165.11,0.6349,0.1803,-0.0689,36.7,0.299,0,-2947.84,-5.08,18.4,0.0801,0.0318,0.9931,0,EARLY_CAREER_GIG
CUST_KIR_00232,kirana_msme,26197.41,0.412,0.2262,0.0713,65.5,0.148,1,-1427.61,18.1,9.96,0.0278,0.2364,0.803,0,MSME_KIRANA_SEASONAL
CUST_GIG_00233,gig_worker,23228.57,0.3426,0.0362,0.0931,8.7,0.1831,3,-2661.52,-2.22,27.56,0.199,0.0967,0.7672,0,EARLY_CAREER_GIG
CUST_KIR_00234,kirana_msme,18668.43,0.2342,0.2931,0.0883,71.3,0.0501,0,-1774.93,18.96,10.76,0.0056,0.1803,1.7159,0,MSME_KIRANA_SEASONAL
CUST_SAL_00235,salaried_tier1,43143.3,0.0965,0.5193,0.1329,103.9,0.3309,0,-2844.6,25.47,6.26,0.0476,0.0223,1.7038,0,ESTABLISHED_FAMILY_HIGH_DEBT
CUST_GIG_00236,gig_worker,31044.06,0.6138,0.0036,0.0171,36.1,0.1991,0,2749.43,29.42,25.75,0.11,0.1354,0.7226,0,EARLY_CAREER_GIG
CUST_SAL_00237,salaried_tier1,80502.01,0.0518,0.3555,0.2712,54.2,0.3052,0,24278.11,28.54,2.91,0.0554,0.0613,2.689,0,ESTABLISHED_FAMILY_HIGH_DEBT
CUST_SAL_00238,salaried_tier1,71240.56,0.0818,0.4813,0.0182,109.2,0.4125,1,-11644.06,-18.95,7.42,0.0743,0.11,2.1309,1,ESTABLISHED_FAMILY_HIGH_DEBT
CUST_GIG_00239,gig_worker,11240.09,0.3647,0.0537,0.1083,5.9,0.2291,0,-1919.54,1.3,9.23,0.0759,0.1222,0.9101,0,EARLY_CAREER_GIG
CUST_SAL_00240,salaried_tier1,25285.51,0.0899,0.4551,0.1552,85.4,0.4889,0,-5839.88,-24.74,11.07,0.0618,0.0743,2.0238,1,ESTABLISHED_FAMILY_HIGH_DEBT
CUST_RUR_00241,rural_agri,33949.11,0.5092,0.1785,0.1584,13.5,0.0842,0,3130.58,16.54,1.87,0.032,0.0714,0.9812,0,RURAL_AGRI_ALLIED
CUST_RUR_00242,rural_agri,27413.52,0.3102,0.1511,-0.0169,52.4,0.064,1,-3175.52,17.46,1.72,0.0017,0.0386,0.972,0,RURAL_AGRI_ALLIED
CUST_RUR_00243,rural_agri,17598.59,0.6033,0.1511,0.1481,28.4,0.0631,0,3802.26,-7.74,2.97,0.022,0.0164,0.8753,0,RURAL_AGRI_ALLIED
CUST_KIR_00244,kirana_msme,39365.5,0.2183,0.196,0.1429,51.4,0.1306,0,-4476.34,4.97,22.61,0.013,0.1324,0.9558,0,MSME_KIRANA_SEASONAL
CUST_SAL_00245,salaried_tier1,111824.81,0.0766,0.221,0.0509,100.1,0.5289,0,19117.22,11.19,4.14,0.0142,0.0526,2.1469,0,EARLY_CAREER_SALARIED
CUST_RUR_00246,rural_agri,10936.02,0.3046,0.202,-0.0471,38.3,0.0704,1,-1465.99,31.2,0.98,0.0111,0.0232,0.721,0,RURAL_AGRI_ALLIED
CUST_KIR_00247,kirana_msme,81618.33,0.4389,0.1974,0.1678,60.1,0.1892,0,9814.47,5.31,9.75,0.0079,0.1509,1.123,0,MSME_KIRANA_SEASONAL
CUST_RUR_00248,rural_agri,20059.85,0.703,0.0724,0.0992,28.5,0.1367,2,-719.84,20.33,4.3,0.0442,0.0447,0.8678,0,RURAL_AGRI_ALLIED
CUST_RUR_00249,rural_agri,15314.11,0.7329,0.1811,0.0211,16.8,0.0727,0,-3637.69,7.62,4.59,0.0126,0.0418,0.6233,0,RURAL_AGRI_ALLIED
CUST_RUR_00250,rural_agri,13897.29,0.3449,0.1477,0.0798,28.0,0.0818,0,-595.81,-12.42,3.28,0.0075,0.0173,0.8616,0,RURAL_AGRI_ALLIED
CUST_SAL_00251,salaried_tier1,52433.85,0.0966,0.4918,0.0422,49.4,0.234,0,-6420.89,10.91,8.71,0.0466,0.1099,1.5255,1,ESTABLISHED_FAMILY_HIGH_DEBT
CUST_KIR_00252,kirana_msme,39491.94,0.2696,0.0925,0.1137,38.4,0.1334,0,1903.03,-4.61,7.53,0.0292,0.0961,1.7477,0,MSME_KIRANA_SEASONAL
CUST_RUR_00253,rural_agri,26481.55,0.5832,0.1179,0.0487,45.3,0.0405,1,-5443.92,-23.45,0.82,0.007,0.0602,1.1271,0,RURAL_AGRI_ALLIED
CUST_KIR_00254,kirana_msme,45316.39,0.188,0.1692,0.2409,38.1,0.1221,1,234.55,-1.01,21.83,0.0124,0.2036,1.4867,0,MSME_KIRANA_SEASONAL
CUST_SAL_00255,salaried_tier1,58562.42,0.0724,0.4337,0.1845,52.5,0.3808,0,11726.85,-0.15,11.93,0.0189,0.0272,1.609,0,ESTABLISHED_FAMILY_HIGH_DEBT
CUST_GIG_00256,gig_worker,13006.64,0.4066,0.0524,-0.0471,20.2,0.2385,0,-85.15,20.63,8.84,0.1155,0.1001,1.4492,0,EARLY_CAREER_GIG
CUST_RUR_00257,rural_agri,22492.18,0.3095,0.1831,0.1799,41.1,0.0827,0,874.41,-9.92,3.09,0.0014,0.0583,1.1441,0,RURAL_AGRI_ALLIED
CUST_GIG_00258,gig_worker,37340.04,0.4523,0.1634,0.1083,28.9,0.0828,1,5525.95,1.12,19.31,0.1403,0.072,0.9762,0,EARLY_CAREER_GIG
CUST_GIG_00259,gig_worker,13593.79,0.484,0.0886,-0.1397,16.4,0.2583,1,-4164.45,15.77,21.96,0.0829,0.042,1.2524,0,EARLY_CAREER_GIG
CUST_SAL_00260,salaried_tier1,67887.65,0.0208,0.206,0.0788,75.8,0.18,2,1811.51,27.51,11.13,0.0646,0.0955,1.9746,0,EARLY_CAREER_SALARIED
CUST_GIG_00261,gig_worker,33099.29,0.4715,0.1973,0.0697,35.6,0.2719,0,4730.8,33.68,17.66,0.1174,0.1295,0.6754,0,EARLY_CAREER_GIG
CUST_RUR_00262,rural_agri,15102.55,0.6076,0.207,-0.0527,37.7,0.1012,0,-2247.76,12.01,5.89,0.0197,0.0259,0.5864,0,RURAL_AGRI_ALLIED
CUST_SAL_00263,salaried_tier1,103317.83,0.027,0.5074,0.1057,47.9,0.3349,0,15764.12,11.45,11.29,0.0312,0.1064,2.6227,0,ESTABLISHED_FAMILY_HIGH_DEBT
CUST_KIR_00264,kirana_msme,56969.63,0.1516,0.1912,0.1348,42.6,0.1467,0,-1812.33,1.21,22.06,0.0079,0.1539,1.4092,0,MSME_KIRANA_SEASONAL
CUST_RUR_00265,rural_agri,32671.75,0.596,0.1841,0.0714,8.7,0.044,1,1758.94,21.88,0.94,0.0215,0.0488,0.6925,0,RURAL_AGRI_ALLIED
CUST_GIG_00266,gig_worker,12709.41,0.5519,0.1297,0.0412,26.2,0.0825,1,1052.68,-5.91,26.85,0.1691,0.1005,0.9384,0,EARLY_CAREER_GIG
CUST_GIG_00267,gig_worker,20682.8,0.3684,0.103,-0.1004,44.1,0.1037,3,-9368.04,-15.45,18.51,0.1532,0.0823,1.4222,1,EARLY_CAREER_GIG
CUST_GIG_00268,gig_worker,28063.53,0.4493,0.1159,-0.064,18.4,0.0985,0,-10381.42,6.44,9.48,0.0476,0.1276,0.8281,0,EARLY_CAREER_GIG
CUST_KIR_00269,kirana_msme,54498.38,0.2955,0.1264,0.1794,46.7,0.1346,0,1792.68,19.86,13.51,0.0104,0.192,1.797,0,MSME_KIRANA_SEASONAL
CUST_SAL_00270,salaried_tier1,106570.29,0.0286,0.4884,0.2443,37.2,0.2081,0,10707.0,23.79,4.57,0.0419,0.023,2.7689,0,ESTABLISHED_FAMILY_HIGH_DEBT
CUST_RUR_00271,rural_agri,19161.56,0.7096,0.1368,-0.0878,22.3,0.0991,4,-2160.97,-2.39,1.76,0.011,0.0241,1.1014,0,RURAL_AGRI_ALLIED
CUST_RUR_00272,rural_agri,8000.0,0.4267,0.1263,-0.0909,12.2,0.1364,2,-1147.03,14.61,3.34,0.0185,0.0619,0.796,1,RURAL_AGRI_ALLIED
CUST_RUR_00273,rural_agri,12863.12,0.469,0.1175,-0.0008,46.5,0.0695,0,-276.65,-5.39,5.89,0.0113,0.0529,0.7793,0,RURAL_AGRI_ALLIED
CUST_RUR_00274,rural_agri,32285.21,0.5566,0.218,-0.0133,9.7,0.1424,0,-4099.46,-0.8,4.86,0.0162,0.0601,0.9035,0,RURAL_AGRI_ALLIED
CUST_KIR_00275,kirana_msme,49716.67,0.2168,0.2294,0.2858,56.9,0.131,0,7097.03,3.85,14.51,0.0181,0.2472,1.1259,0,MSME_KIRANA_SEASONAL
CUST_KIR_00276,kirana_msme,56211.67,0.2679,0.2904,0.1539,62.1,0.1565,1,5041.72,8.94,19.92,0.0156,0.1037,1.0446,0,MSME_KIRANA_SEASONAL
CUST_GIG_00277,gig_worker,13472.28,0.4425,0.1235,-0.0285,11.3,0.2916,0,135.21,20.49,16.22,0.0904,0.0789,1.2605,0,EARLY_CAREER_GIG
CUST_GIG_00278,gig_worker,21469.03,0.3039,0.0992,-0.0993,8.3,0.2852,0,3753.92,-3.79,16.04,0.1845,0.1066,1.1935,0,EARLY_CAREER_GIG
CUST_GIG_00279,gig_worker,21072.11,0.3584,0.0571,-0.0687,38.9,0.087,0,-2853.6,3.35,12.0,0.0694,0.1258,0.8465,0,EARLY_CAREER_GIG
CUST_GIG_00280,gig_worker,10000.0,0.2956,0.1352,0.0606,33.3,0.2403,0,-2159.06,15.07,24.28,0.1837,0.0319,1.4585,0,EARLY_CAREER_GIG
CUST_RUR_00281,rural_agri,18418.37,0.5996,0.1191,0.1799,9.2,0.0901,1,2904.94,2.94,3.71,0.0454,0.0759,1.0543,0,RURAL_AGRI_ALLIED
CUST_KIR_00282,kirana_msme,58109.85,0.404,0.0819,0.0733,61.2,0.1298,0,-1007.03,25.11,23.55,0.0121,0.2281,1.6995,0,MSME_KIRANA_SEASONAL
CUST_KIR_00283,kirana_msme,29179.43,0.4284,0.1635,0.2336,45.7,0.0528,0,3663.6,20.05,18.8,0.01,0.1891,1.2962,0,MSME_KIRANA_SEASONAL
CUST_SAL_00284,salaried_tier1,86995.62,0.0591,0.3301,0.0298,47.3,0.1669,0,-6273.71,-4.25,5.04,0.064,0.0527,1.8231,0,EARLY_CAREER_SALARIED
CUST_GIG_00285,gig_worker,19574.77,0.4315,0.1014,0.0562,29.6,0.2584,0,-60.76,8.13,13.6,0.0548,0.0647,0.8668,0,EARLY_CAREER_GIG
CUST_SAL_00286,salaried_tier1,43405.59,0.0776,0.2845,0.0661,71.8,0.1595,0,6546.31,11.64,11.43,0.0605,0.0288,2.0434,0,EARLY_CAREER_SALARIED
CUST_KIR_00287,kirana_msme,62673.79,0.2712,0.1054,0.178,58.4,0.1307,0,7958.45,4.49,23.04,0.0263,0.2103,1.7487,0,MSME_KIRANA_SEASONAL
CUST_KIR_00288,kirana_msme,45270.71,0.3744,0.0847,0.1131,71.2,0.0747,0,7170.17,-7.82,12.0,0.0212,0.1236,1.0649,0,MSME_KIRANA_SEASONAL
CUST_SAL_00289,salaried_tier1,56936.89,0.0719,0.4402,0.0339,107.9,0.3965,0,4288.96,19.83,11.42,0.0629,0.0408,1.737,0,ESTABLISHED_FAMILY_HIGH_DEBT
CUST_GIG_00290,gig_worker,30785.09,0.4265,0.1433,-0.0341,11.9,0.2192,3,-1303.63,11.5,17.22,0.1446,0.095,0.8795,1,EARLY_CAREER_GIG
CUST_SAL_00291,salaried_tier1,80593.8,0.0721,0.4925,-0.005,51.5,0.5006,0,-4626.18,11.15,9.88,0.0685,0.0363,1.6017,1,ESTABLISHED_FAMILY_HIGH_DEBT
CUST_SAL_00292,salaried_tier1,96221.49,0.0535,0.2276,0.0639,68.0,0.3625,0,-2568.93,3.46,7.81,0.0647,0.0392,2.5288,0,EARLY_CAREER_SALARIED
CUST_RUR_00293,rural_agri,13594.65,0.7382,0.0745,-0.0964,21.5,0.0994,0,46.68,37.04,5.32,0.0456,0.0286,0.8744,0,RURAL_AGRI_ALLIED
CUST_KIR_00294,kirana_msme,56730.41,0.2634,0.052,0.0523,52.2,0.1233,0,-8911.27,0.43,10.88,0.0168,0.1102,1.4869,0,MSME_KIRANA_SEASONAL
CUST_SAL_00295,salaried_tier1,72452.43,0.0359,0.3534,0.013,85.5,0.4516,0,-19843.47,29.71,2.71,0.0519,0.0464,2.1081,1,ESTABLISHED_FAMILY_HIGH_DEBT
CUST_KIR_00296,kirana_msme,46367.52,0.3249,0.1504,0.2873,74.4,0.0928,0,13068.89,-9.89,21.57,0.0247,0.0878,1.2324,0,MSME_KIRANA_SEASONAL
CUST_GIG_00297,gig_worker,15080.08,0.5402,0.046,-0.1497,33.0,0.1177,0,-5666.11,-11.53,15.6,0.1109,0.0353,0.8138,0,EARLY_CAREER_GIG
CUST_SAL_00298,salaried_tier1,114448.52,0.0317,0.2256,0.2938,41.9,0.3021,1,10358.28,3.67,5.42,0.0579,0.022,2.3621,0,EARLY_CAREER_SALARIED
CUST_GIG_00299,gig_worker,10000.0,0.436,0.138,0.1152,11.7,0.282,2,386.48,0.27,25.61,0.0776,0.0427,1.481,0,EARLY_CAREER_GIG
CUST_SAL_00300,salaried_tier1,95034.84,0.0919,0.3995,-0.0477,34.6,0.1899,0,-8782.94,-2.23,2.43,0.0344,0.0379,2.1518,0,ESTABLISHED_FAMILY_HIGH_DEBT
CUST_SAL_00301,salaried_tier1,25000.0,0.0965,0.2359,0.1567,92.3,0.3727,1,877.78,-6.2,6.64,0.0162,0.0809,1.9914,0,EARLY_CAREER_SALARIED
CUST_KIR_00302,kirana_msme,71172.92,0.1728,0.2246,0.2059,33.2,0.1204,0,28079.39,7.47,12.91,0.0097,0.1721,1.3294,0,MSME_KIRANA_SEASONAL
CUST_KIR_00303,kirana_msme,43903.39,0.4172,0.0736,0.2972,86.4,0.0617,0,4492.48,22.65,21.89,0.0126,0.1382,1.1631,0,MSME_KIRANA_SEASONAL
CUST_GIG_00304,gig_worker,23659.8,0.3247,0.0692,-0.0456,22.7,0.1535,0,-4695.11,16.13,8.67,0.1099,0.1445,0.7311,0,EARLY_CAREER_GIG
CUST_GIG_00305,gig_worker,30936.28,0.2928,0.101,0.0591,27.6,0.2632,0,482.25,16.97,18.68,0.0945,0.0708,1.2216,0,EARLY_CAREER_GIG
CUST_RUR_00306,rural_agri,28196.48,0.5011,0.0256,-0.0815,7.8,0.0756,0,-5171.37,10.08,4.59,0.0025,0.0255,1.0026,0,RURAL_AGRI_ALLIED
CUST_KIR_00307,kirana_msme,39623.95,0.2567,0.2478,0.1776,28.9,0.1608,0,-2751.75,-2.87,12.51,0.0149,0.1186,1.0629,0,MSME_KIRANA_SEASONAL
CUST_KIR_00308,kirana_msme,62838.4,0.3941,0.1734,0.1013,71.6,0.155,0,5115.77,10.55,7.09,0.0295,0.222,1.7034,0,MSME_KIRANA_SEASONAL
CUST_GIG_00309,gig_worker,16651.27,0.4269,0.0143,-0.0331,34.1,0.165,0,-1001.56,11.8,25.44,0.0381,0.0763,1.1358,0,EARLY_CAREER_GIG
CUST_SAL_00310,salaried_tier1,74724.64,0.0429,0.2296,0.3245,16.9,0.3251,0,10221.62,26.07,7.01,0.0325,0.0332,2.1287,0,EARLY_CAREER_SALARIED
CUST_KIR_00311,kirana_msme,47441.95,0.327,0.1002,0.1218,31.3,0.0874,0,9547.04,20.42,16.25,0.0283,0.0891,1.3194,0,MSME_KIRANA_SEASONAL
CUST_SAL_00312,salaried_tier1,32662.35,0.041,0.1657,0.0722,93.2,0.169,0,639.29,-10.37,9.83,0.0419,0.0898,2.4181,0,EARLY_CAREER_SALARIED
CUST_SAL_00313,salaried_tier1,99582.56,0.0958,0.1775,0.153,49.5,0.3533,0,-16575.62,-8.96,10.2,0.0488,0.0651,1.9069,0,EARLY_CAREER_SALARIED
CUST_RUR_00314,rural_agri,26726.04,0.7836,0.1097,0.018,51.6,0.0812,1,-3424.48,-4.42,4.59,0.0266,0.0666,0.6617,0,RURAL_AGRI_ALLIED
CUST_RUR_00315,rural_agri,25252.32,0.4731,0.0432,-0.0992,29.8,0.0723,1,-3085.41,2.0,5.23,0.0129,0.0259,0.6316,0,RURAL_AGRI_ALLIED
CUST_GIG_00316,gig_worker,17740.33,0.3179,0.1437,0.081,22.4,0.2371,1,-2201.06,1.73,27.32,0.1696,0.0545,0.7244,0,EARLY_CAREER_GIG
CUST_KIR_00317,kirana_msme,51145.28,0.2909,0.2457,0.2366,62.3,0.153,0,3320.58,11.23,17.76,0.0003,0.0566,1.1118,0,MSME_KIRANA_SEASONAL
CUST_SAL_00318,salaried_tier1,87620.99,0.0834,0.2727,-0.0356,112.9,0.2881,0,-23585.85,9.66,9.68,0.0255,0.0469,2.1394,0,EARLY_CAREER_SALARIED
CUST_SAL_00319,salaried_tier1,62558.61,0.0707,0.4544,0.3444,33.9,0.4564,0,17791.6,7.31,6.21,0.0656,0.0665,1.7283,0,ESTABLISHED_FAMILY_HIGH_DEBT
CUST_SAL_00320,salaried_tier1,104018.66,0.0492,0.3071,0.2283,113.5,0.3669,0,-4525.46,6.65,4.11,0.0451,0.022,1.616,0,EARLY_CAREER_SALARIED
CUST_KIR_00321,kirana_msme,85654.97,0.4277,0.2113,0.1537,85.1,0.1677,0,9941.84,15.22,18.52,0.0168,0.2079,0.9308,0,MSME_KIRANA_SEASONAL
CUST_GIG_00322,gig_worker,23164.17,0.2952,0.1657,-0.0744,35.6,0.2906,1,-3159.82,23.4,17.21,0.0919,0.0724,1.1364,0,EARLY_CAREER_GIG
CUST_GIG_00323,gig_worker,15305.26,0.4476,0.1583,-0.0073,25.5,0.2496,1,-526.72,0.93,25.91,0.0576,0.1495,0.9684,0,EARLY_CAREER_GIG
CUST_SAL_00324,salaried_tier1,85946.6,0.0887,0.5466,0.0676,89.6,0.1962,0,3430.36,7.71,5.68,0.0514,0.0704,2.6024,0,ESTABLISHED_FAMILY_HIGH_DEBT
CUST_RUR_00325,rural_agri,19743.28,0.7315,0.1203,-0.0764,35.8,0.0698,0,-4994.63,-13.77,3.37,0.0467,0.0664,1.0943,0,RURAL_AGRI_ALLIED
CUST_GIG_00326,gig_worker,24082.33,0.3553,0.042,0.0297,6.7,0.0928,0,-6991.46,13.08,19.1,0.1019,0.0979,1.2486,0,EARLY_CAREER_GIG
CUST_GIG_00327,gig_worker,24163.67,0.6065,0.1608,-0.0948,15.4,0.2378,0,-5861.66,18.48,22.38,0.154,0.042,1.3307,1,EARLY_CAREER_GIG
CUST_GIG_00328,gig_worker,22558.75,0.3095,0.1117,0.1252,19.4,0.2659,0,-29.49,8.05,8.61,0.0858,0.139,0.7517,0,EARLY_CAREER_GIG
CUST_KIR_00329,kirana_msme,55552.38,0.1868,0.103,0.0574,50.4,0.0917,0,-2886.12,-4.11,17.28,0.016,0.0684,1.4049,0,MSME_KIRANA_SEASONAL
CUST_SAL_00330,salaried_tier1,112053.4,0.09,0.4497,0.3254,20.7,0.1549,0,21124.94,-34.9,4.54,0.0332,0.047,1.8762,0,ESTABLISHED_FAMILY_HIGH_DEBT
CUST_KIR_00331,kirana_msme,75812.91,0.2661,0.1128,0.0916,44.5,0.1613,0,704.2,45.11,9.68,0.0176,0.1641,1.4669,0,MSME_KIRANA_SEASONAL
CUST_GIG_00332,gig_worker,44181.65,0.5362,0.0219,0.0749,8.7,0.0947,3,-2987.43,23.0,9.21,0.1054,0.0523,1.4613,0,EARLY_CAREER_GIG
CUST_SAL_00333,salaried_tier1,71115.11,0.0483,0.3913,0.0748,110.5,0.4982,0,2263.7,-22.1,4.93,0.0123,0.1016,1.9222,0,ESTABLISHED_FAMILY_HIGH_DEBT
CUST_SAL_00334,salaried_tier1,97269.51,0.03,0.4931,0.309,114.4,0.309,0,18922.14,20.58,5.33,0.0223,0.0807,1.9857,0,ESTABLISHED_FAMILY_HIGH_DEBT
CUST_SAL_00335,salaried_tier1,69883.08,0.081,0.4538,0.3044,91.5,0.5211,0,11951.74,1.15,2.14,0.0105,0.044,2.1542,0,ESTABLISHED_FAMILY_HIGH_DEBT
CUST_SAL_00336,salaried_tier1,52839.54,0.093,0.5071,0.2116,85.6,0.1521,3,8860.31,0.55,10.95,0.0561,0.0545,2.6412,0,ESTABLISHED_FAMILY_HIGH_DEBT
CUST_RUR_00337,rural_agri,12656.49,0.761,0.0352,-0.0325,35.7,0.1217,1,-1461.74,2.55,0.51,0.0379,0.079,0.6625,0,RURAL_AGRI_ALLIED
CUST_GIG_00338,gig_worker,21577.3,0.46,0.0954,-0.0157,35.6,0.1959,0,-296.96,10.76,8.75,0.1291,0.0576,0.8323,0,EARLY_CAREER_GIG
CUST_KIR_00339,kirana_msme,61814.51,0.3011,0.2735,0.2841,76.5,0.1453,0,17354.71,23.93,10.48,0.0061,0.1384,1.7829,0,MSME_KIRANA_SEASONAL
CUST_SAL_00340,salaried_tier1,67092.54,0.0226,0.3949,0.2365,58.8,0.4529,0,26539.4,-0.67,3.61,0.036,0.1047,1.7877,0,ESTABLISHED_FAMILY_HIGH_DEBT
CUST_KIR_00341,kirana_msme,68960.96,0.2224,0.092,0.293,63.2,0.1972,0,18646.13,-8.0,9.45,0.0078,0.1524,1.503,0,MSME_KIRANA_SEASONAL
CUST_KIR_00342,kirana_msme,43907.13,0.1783,0.0929,0.0756,62.9,0.0641,0,8884.48,21.93,9.99,0.0267,0.1937,0.8205,0,MSME_KIRANA_SEASONAL
CUST_SAL_00343,salaried_tier1,104057.13,0.0995,0.2429,0.1996,63.3,0.1658,0,21700.17,4.54,8.49,0.0497,0.0753,1.655,0,EARLY_CAREER_SALARIED
CUST_KIR_00344,kirana_msme,42414.38,0.3375,0.245,0.246,56.3,0.1787,0,9829.49,-0.28,9.8,0.0084,0.0606,1.6887,0,MSME_KIRANA_SEASONAL
CUST_KIR_00345,kirana_msme,34006.11,0.4204,0.2585,0.1884,63.1,0.1211,0,-15.14,-38.94,7.51,0.0126,0.1189,1.7155,0,MSME_KIRANA_SEASONAL
CUST_GIG_00346,gig_worker,14435.44,0.4553,0.0485,-0.0947,5.7,0.2478,0,-2706.82,-16.74,22.55,0.1455,0.0865,1.164,0,EARLY_CAREER_GIG
CUST_GIG_00347,gig_worker,22371.63,0.5897,0.1749,-0.0988,8.7,0.2187,0,1602.99,18.34,25.77,0.0686,0.1415,0.6167,0,EARLY_CAREER_GIG
CUST_SAL_00348,salaried_tier1,54157.15,0.0617,0.2188,0.0722,48.8,0.2139,0,-6099.83,7.56,3.67,0.012,0.0829,2.5251,0,EARLY_CAREER_SALARIED
CUST_KIR_00349,kirana_msme,46579.18,0.3368,0.1288,0.1855,26.4,0.1518,0,4822.92,18.27,10.21,0.0006,0.1591,1.765,0,MSME_KIRANA_SEASONAL
CUST_GIG_00350,gig_worker,18362.26,0.455,0.0661,0.1082,22.9,0.2559,0,-1601.81,-15.42,14.65,0.1713,0.0629,1.2958,0,EARLY_CAREER_GIG
CUST_KIR_00351,kirana_msme,18000.0,0.23,0.2917,0.09,75.1,0.1976,0,-756.68,5.59,10.06,0.0012,0.1306,1.499,0,MSME_KIRANA_SEASONAL
CUST_RUR_00352,rural_agri,27074.52,0.6345,0.2356,0.1469,7.3,0.0865,0,5047.64,4.46,2.98,0.0192,0.0403,0.7171,0,RURAL_AGRI_ALLIED
CUST_GIG_00353,gig_worker,31300.81,0.3942,0.0861,-0.0271,18.7,0.2836,2,-2421.75,-9.2,10.16,0.1027,0.0418,0.6981,1,EARLY_CAREER_GIG
CUST_SAL_00354,salaried_tier1,62889.98,0.0453,0.4209,0.1436,117.7,0.4996,0,2822.57,17.31,10.46,0.0738,0.1021,1.5591,0,ESTABLISHED_FAMILY_HIGH_DEBT
CUST_SAL_00355,salaried_tier1,63992.47,0.0927,0.2738,0.3406,44.5,0.5314,0,17553.82,-7.72,7.32,0.0435,0.0423,2.4221,0,EARLY_CAREER_SALARIED
CUST_GIG_00356,gig_worker,10871.21,0.6322,0.0057,-0.0901,13.2,0.1711,0,-1614.64,8.69,25.45,0.1511,0.0996,1.0422,0,EARLY_CAREER_GIG
CUST_SAL_00357,salaried_tier1,78279.55,0.04,0.3168,0.0902,105.2,0.2006,0,-5880.94,16.07,9.05,0.0734,0.0635,1.6847,0,EARLY_CAREER_SALARIED
CUST_GIG_00358,gig_worker,10000.0,0.4813,0.1378,-0.1179,37.5,0.1758,0,1412.02,-1.59,15.54,0.0471,0.1061,1.3076,0,EARLY_CAREER_GIG
CUST_RUR_00359,rural_agri,30200.68,0.4825,0.2261,0.051,30.6,0.1497,0,4058.01,14.55,3.32,0.0407,0.0644,0.6249,0,RURAL_AGRI_ALLIED
CUST_GIG_00360,gig_worker,27530.39,0.6074,0.0388,-0.1109,44.0,0.271,2,-7159.74,35.89,18.83,0.1399,0.0954,1.3977,1,EARLY_CAREER_GIG
CUST_KIR_00361,kirana_msme,18000.0,0.2015,0.1197,0.0897,33.7,0.1959,0,2486.4,13.72,16.81,0.0183,0.0808,1.0693,0,MSME_KIRANA_SEASONAL
CUST_GIG_00362,gig_worker,17097.23,0.6252,0.1651,0.0593,6.5,0.172,0,-2702.26,12.62,16.96,0.1322,0.0693,0.7687,0,EARLY_CAREER_GIG
CUST_KIR_00363,kirana_msme,58815.39,0.1811,0.2594,0.0882,25.8,0.1463,0,-4080.53,-23.62,12.26,0.0086,0.1501,1.7079,0,MSME_KIRANA_SEASONAL
CUST_KIR_00364,kirana_msme,60841.52,0.4059,0.2932,0.1167,70.1,0.1091,0,6769.17,2.57,24.88,0.0219,0.2405,1.276,0,MSME_KIRANA_SEASONAL
CUST_RUR_00365,rural_agri,14064.23,0.3101,0.131,0.0515,33.9,0.1469,3,-2959.61,6.61,2.53,0.0212,0.0352,0.6132,0,RURAL_AGRI_ALLIED
CUST_KIR_00366,kirana_msme,61825.34,0.3918,0.0831,0.2285,50.5,0.0942,0,9642.9,-5.51,12.11,0.0075,0.1889,1.2872,0,MSME_KIRANA_SEASONAL
CUST_RUR_00367,rural_agri,8663.4,0.4232,0.0023,-0.0294,12.6,0.1035,0,-20.99,-7.1,3.75,0.0149,0.0125,0.87,0,RURAL_AGRI_ALLIED
CUST_RUR_00368,rural_agri,16783.24,0.5265,0.1282,0.1139,20.0,0.0446,1,3001.64,16.27,2.93,0.0323,0.0446,0.7289,0,RURAL_AGRI_ALLIED
CUST_SAL_00369,salaried_tier1,87412.74,0.0627,0.4216,0.2994,60.4,0.3151,0,28209.96,16.64,2.71,0.0724,0.0231,2.2573,0,ESTABLISHED_FAMILY_HIGH_DEBT
CUST_SAL_00370,salaried_tier1,36668.31,0.0465,0.1861,0.1751,65.3,0.1918,0,11163.83,-6.55,9.67,0.0734,0.0609,2.4593,0,EARLY_CAREER_SALARIED
CUST_SAL_00371,salaried_tier1,25000.0,0.0661,0.3834,0.25,68.5,0.1919,1,-221.98,2.76,11.71,0.0183,0.1158,1.9027,0,ESTABLISHED_FAMILY_HIGH_DEBT
CUST_SAL_00372,salaried_tier1,69243.23,0.088,0.3236,0.3214,77.0,0.402,0,14293.07,7.08,5.54,0.0734,0.1101,1.8858,0,EARLY_CAREER_SALARIED
CUST_SAL_00373,salaried_tier1,69922.61,0.0578,0.3715,0.1619,48.8,0.18,1,4194.2,-16.1,3.4,0.0644,0.0826,2.5435,0,ESTABLISHED_FAMILY_HIGH_DEBT
CUST_GIG_00374,gig_worker,26215.71,0.4691,0.1219,-0.1227,22.9,0.1226,0,-3413.93,17.29,26.23,0.0986,0.0549,1.1952,0,EARLY_CAREER_GIG
CUST_SAL_00375,salaried_tier1,80510.18,0.0629,0.4508,0.006,51.6,0.3058,0,-3866.39,-14.1,10.74,0.0194,0.0373,2.7078,0,ESTABLISHED_FAMILY_HIGH_DEBT
CUST_KIR_00376,kirana_msme,57144.86,0.4387,0.2134,0.2595,56.8,0.0812,0,10698.96,10.54,19.85,0.0066,0.1237,1.3551,0,MSME_KIRANA_SEASONAL
CUST_RUR_00377,rural_agri,30019.03,0.6754,0.0664,0.0716,54.2,0.087,3,-2099.77,8.27,0.91,0.0446,0.0693,0.6501,0,RURAL_AGRI_ALLIED
CUST_SAL_00378,salaried_tier1,81757.0,0.0546,0.3655,0.1284,74.3,0.3382,0,664.91,-3.09,6.44,0.0512,0.0339,2.6467,0,ESTABLISHED_FAMILY_HIGH_DEBT
CUST_RUR_00379,rural_agri,18546.59,0.4023,0.0454,-0.0958,47.4,0.135,1,-3424.69,16.63,2.07,0.0238,0.0768,0.6317,0,RURAL_AGRI_ALLIED
CUST_SAL_00380,salaried_tier1,28852.34,0.0565,0.1785,0.2695,40.5,0.4402,0,3044.34,4.66,3.93,0.0718,0.1009,2.7416,0,EARLY_CAREER_SALARIED
CUST_SAL_00381,salaried_tier1,50495.59,0.0347,0.3272,0.0163,118.1,0.1885,0,4253.23,-19.58,7.38,0.0564,0.0316,2.3144,0,EARLY_CAREER_SALARIED
CUST_GIG_00382,gig_worker,16357.15,0.2545,0.0485,0.0536,12.7,0.192,2,-1984.9,11.42,15.89,0.0933,0.0847,1.2244,0,EARLY_CAREER_GIG
CUST_GIG_00383,gig_worker,30414.57,0.5526,0.1221,-0.0407,11.8,0.2508,0,-5671.58,7.14,11.9,0.0581,0.1233,0.8023,0,EARLY_CAREER_GIG
CUST_RUR_00384,rural_agri,34500.31,0.7386,0.2169,0.0353,5.8,0.0812,1,-7810.95,13.0,4.08,0.0077,0.0553,0.8904,0,RURAL_AGRI_ALLIED
CUST_GIG_00385,gig_worker,32499.96,0.2691,0.0816,0.0615,12.5,0.255,0,-5038.05,31.53,15.07,0.112,0.1017,1.1288,0,EARLY_CAREER_GIG
CUST_RUR_00386,rural_agri,9393.13,0.407,0.0015,-0.0097,46.2,0.1253,0,-1375.05,-1.05,3.26,0.0458,0.0595,1.1713,0,RURAL_AGRI_ALLIED
CUST_SAL_00387,salaried_tier1,47597.79,0.0829,0.2856,0.2777,28.7,0.2193,0,15818.91,19.15,5.49,0.0635,0.0297,2.031,0,EARLY_CAREER_SALARIED
CUST_SAL_00388,salaried_tier1,48596.86,0.0821,0.3884,0.2077,94.5,0.1972,0,-3177.24,0.51,7.77,0.0723,0.09,2.4173,0,ESTABLISHED_FAMILY_HIGH_DEBT
CUST_GIG_00389,gig_worker,17871.13,0.6319,0.0257,0.0592,24.3,0.0856,3,-748.1,-13.61,18.49,0.0689,0.0446,1.3667,0,EARLY_CAREER_GIG
CUST_RUR_00390,rural_agri,22688.87,0.5875,0.2225,0.0953,31.1,0.1326,0,-86.88,17.99,2.1,0.0064,0.0699,1.108,0,RURAL_AGRI_ALLIED
CUST_RUR_00391,rural_agri,8000.0,0.6129,0.1984,-0.0158,35.6,0.115,0,-909.06,5.23,3.83,0.0475,0.0338,1.0698,0,RURAL_AGRI_ALLIED
CUST_KIR_00392,kirana_msme,18000.0,0.1698,0.2055,0.1963,39.7,0.1865,0,2664.47,-4.79,15.88,0.003,0.2364,1.2497,0,MSME_KIRANA_SEASONAL
CUST_KIR_00393,kirana_msme,66822.39,0.3041,0.2236,0.0639,39.9,0.1729,0,-15536.03,-9.96,6.84,0.025,0.1222,1.6555,0,MSME_KIRANA_SEASONAL
CUST_GIG_00394,gig_worker,20118.64,0.4558,0.1178,0.087,30.6,0.2139,0,-2102.31,8.06,16.29,0.1732,0.0576,1.0264,0,EARLY_CAREER_GIG
CUST_KIR_00395,kirana_msme,44820.04,0.3328,0.1187,0.2292,61.6,0.0987,0,530.52,19.31,9.3,0.025,0.1341,1.5502,0,MSME_KIRANA_SEASONAL
CUST_RUR_00396,rural_agri,16623.29,0.4044,0.1938,0.0299,15.6,0.1385,0,751.97,-10.57,0.61,0.0311,0.0563,0.5181,0,RURAL_AGRI_ALLIED
CUST_RUR_00397,rural_agri,27922.79,0.3291,0.2323,-0.0332,60.0,0.0506,2,-7525.75,27.64,0.94,0.0437,0.0701,0.6564,0,RURAL_AGRI_ALLIED
CUST_KIR_00398,kirana_msme,62150.42,0.2445,0.1809,0.1713,44.8,0.1837,0,5812.69,12.88,16.54,0.0197,0.0889,0.9495,0,MSME_KIRANA_SEASONAL
CUST_GIG_00399,gig_worker,28851.51,0.5461,0.0896,0.1313,33.9,0.1807,0,-3163.47,-8.75,19.84,0.1794,0.0728,1.2234,0,EARLY_CAREER_GIG
CUST_GIG_00400,gig_worker,25887.25,0.5142,0.1229,0.1048,23.2,0.2715,0,2604.1,-10.74,21.97,0.0737,0.0977,1.434,0,EARLY_CAREER_GIG
CUST_SAL_00401,salaried_tier1,30879.86,0.0242,0.5295,0.2066,107.1,0.4204,0,6371.8,12.15,8.76,0.0772,0.0454,2.1665,0,ESTABLISHED_FAMILY_HIGH_DEBT
CUST_RUR_00402,rural_agri,22712.58,0.6514,0.0105,0.1721,31.6,0.0852,1,1310.85,27.29,3.08,0.0416,0.0111,0.6046,0,RURAL_AGRI_ALLIED
CUST_KIR_00403,kirana_msme,23351.99,0.4272,0.2438,0.1936,68.7,0.1886,0,3974.26,-11.35,19.26,0.0012,0.1273,1.1684,0,MSME_KIRANA_SEASONAL
CUST_RUR_00404,rural_agri,26754.05,0.7941,0.0866,0.0798,56.5,0.05,2,1279.0,3.06,0.99,0.0431,0.0669,1.0285,0,RURAL_AGRI_ALLIED
CUST_KIR_00405,kirana_msme,92366.57,0.2303,0.2779,0.1421,23.2,0.095,0,13936.28,25.69,10.48,0.0039,0.2138,1.2082,0,MSME_KIRANA_SEASONAL
CUST_RUR_00406,rural_agri,13740.58,0.7525,0.14,0.0351,40.6,0.1443,2,1614.9,17.33,2.33,0.0235,0.032,0.528,0,RURAL_AGRI_ALLIED
CUST_KIR_00407,kirana_msme,54286.25,0.38,0.1405,0.2335,27.3,0.1684,0,4802.71,4.1,18.12,0.0192,0.0919,1.0923,0,MSME_KIRANA_SEASONAL
CUST_SAL_00408,salaried_tier1,90343.81,0.0943,0.3615,0.2515,61.1,0.4484,0,15721.32,0.19,8.34,0.0113,0.0922,1.9824,0,ESTABLISHED_FAMILY_HIGH_DEBT
CUST_RUR_00409,rural_agri,27100.71,0.6878,0.072,-0.0028,42.3,0.0976,0,-3343.87,14.51,5.45,0.0344,0.079,0.717,0,RURAL_AGRI_ALLIED
CUST_SAL_00410,salaried_tier1,25000.0,0.089,0.4917,-0.0411,79.0,0.2971,0,-4798.69,22.59,5.1,0.076,0.038,2.5817,1,ESTABLISHED_FAMILY_HIGH_DEBT
CUST_KIR_00411,kirana_msme,32761.36,0.4004,0.2405,0.1323,57.4,0.0593,0,-3478.3,7.02,6.72,0.0253,0.1936,1.2858,0,MSME_KIRANA_SEASONAL
CUST_RUR_00412,rural_agri,19594.06,0.6001,0.2442,0.0926,6.7,0.1169,3,1467.85,8.71,3.71,0.0336,0.0793,1.0569,0,RURAL_AGRI_ALLIED
CUST_RUR_00413,rural_agri,25185.25,0.6038,0.0384,-0.038,39.2,0.0454,0,-7603.93,-2.64,2.3,0.0244,0.0759,1.0847,0,RURAL_AGRI_ALLIED
CUST_GIG_00414,gig_worker,33651.39,0.6107,0.1831,0.083,12.6,0.0855,0,1818.71,-1.99,22.21,0.1424,0.0353,0.7274,0,EARLY_CAREER_GIG
CUST_GIG_00415,gig_worker,37018.0,0.4218,0.0883,-0.1303,19.9,0.2483,2,-11876.39,-0.96,16.47,0.1494,0.1431,0.9721,1,EARLY_CAREER_GIG
CUST_KIR_00416,kirana_msme,52070.87,0.1832,0.2069,0.0967,55.7,0.1294,0,7774.94,1.14,10.59,0.0069,0.2249,1.2625,0,MSME_KIRANA_SEASONAL
CUST_SAL_00417,salaried_tier1,80463.9,0.0579,0.2905,0.0944,104.5,0.3715,0,-6708.79,4.04,11.02,0.033,0.1152,2.6662,0,EARLY_CAREER_SALARIED
CUST_KIR_00418,kirana_msme,40465.96,0.2319,0.1257,0.2031,50.7,0.159,0,6749.01,-8.67,9.09,0.028,0.1029,1.4742,0,MSME_KIRANA_SEASONAL
CUST_GIG_00419,gig_worker,19821.25,0.3627,0.1208,0.095,35.0,0.1377,0,-1919.68,2.86,8.16,0.1796,0.054,1.4692,0,EARLY_CAREER_GIG
CUST_GIG_00420,gig_worker,36222.35,0.4851,0.0636,0.0161,33.7,0.0893,0,-5244.15,-13.92,10.64,0.1429,0.0557,1.0123,0,EARLY_CAREER_GIG
CUST_GIG_00421,gig_worker,15467.47,0.2592,0.0102,0.1363,9.0,0.2359,0,796.52,-8.84,18.18,0.109,0.1442,0.6973,0,EARLY_CAREER_GIG
CUST_GIG_00422,gig_worker,26573.23,0.4912,0.1158,-0.0804,5.0,0.2879,0,-5283.31,2.21,10.29,0.1723,0.0333,0.9983,1,EARLY_CAREER_GIG
CUST_SAL_00423,salaried_tier1,75320.73,0.0332,0.3763,0.0751,33.7,0.4937,0,3181.69,11.45,3.7,0.0368,0.1072,2.0181,0,ESTABLISHED_FAMILY_HIGH_DEBT
CUST_KIR_00424,kirana_msme,48851.75,0.2678,0.0511,0.1185,61.8,0.1699,0,-437.16,-0.47,23.44,0.0225,0.168,0.9105,0,MSME_KIRANA_SEASONAL
CUST_SAL_00425,salaried_tier1,53501.48,0.0395,0.4416,0.1179,118.0,0.2898,1,9486.16,3.62,4.42,0.0659,0.0633,2.7129,0,ESTABLISHED_FAMILY_HIGH_DEBT
CUST_KIR_00426,kirana_msme,41619.73,0.2183,0.0998,0.1564,72.9,0.1408,0,10669.52,4.73,14.63,0.0013,0.2135,1.0823,0,MSME_KIRANA_SEASONAL
CUST_KIR_00427,kirana_msme,62508.27,0.3864,0.1135,0.2409,68.2,0.0984,0,20722.84,9.27,14.05,0.0264,0.1342,0.9473,0,MSME_KIRANA_SEASONAL
CUST_RUR_00428,rural_agri,21392.28,0.553,0.0997,-0.0641,27.9,0.0387,0,-6843.6,7.64,2.18,0.0463,0.0363,0.7911,0,RURAL_AGRI_ALLIED
CUST_KIR_00429,kirana_msme,29465.94,0.4326,0.1825,0.2578,45.6,0.065,0,7765.99,4.59,14.51,0.0058,0.1755,0.8078,0,MSME_KIRANA_SEASONAL
CUST_SAL_00430,salaried_tier1,68726.51,0.0597,0.5222,0.306,97.5,0.2685,0,25265.19,2.29,6.44,0.0439,0.1032,1.7911,0,ESTABLISHED_FAMILY_HIGH_DEBT
CUST_SAL_00431,salaried_tier1,77291.15,0.022,0.3098,0.3444,25.6,0.3195,0,8420.71,-15.75,10.69,0.0266,0.0281,2.6766,0,EARLY_CAREER_SALARIED
CUST_GIG_00432,gig_worker,22234.23,0.3034,0.1373,-0.0863,39.0,0.0929,0,-4041.79,25.88,16.66,0.1495,0.0519,1.4987,0,EARLY_CAREER_GIG
CUST_GIG_00433,gig_worker,29922.33,0.4914,0.0778,0.0173,27.2,0.1164,0,-4344.21,3.02,16.02,0.1594,0.0879,0.9091,0,EARLY_CAREER_GIG
CUST_SAL_00434,salaried_tier1,98263.13,0.0637,0.3688,-0.0287,56.9,0.2583,3,-17407.84,22.03,10.84,0.0573,0.0541,1.9009,1,ESTABLISHED_FAMILY_HIGH_DEBT
CUST_SAL_00435,salaried_tier1,40216.98,0.0234,0.3893,0.2919,55.1,0.446,0,1785.03,26.45,3.41,0.0597,0.1055,1.9883,0,ESTABLISHED_FAMILY_HIGH_DEBT
CUST_GIG_00436,gig_worker,36860.82,0.6386,0.0167,0.1204,8.3,0.1665,2,3139.41,3.84,18.13,0.131,0.115,1.4156,0,EARLY_CAREER_GIG
CUST_SAL_00437,salaried_tier1,25000.0,0.0607,0.528,0.1693,115.1,0.2221,0,-2534.67,8.42,8.79,0.0525,0.0765,2.5559,0,ESTABLISHED_FAMILY_HIGH_DEBT
CUST_RUR_00438,rural_agri,8337.79,0.7349,0.108,0.1425,19.5,0.0305,0,-177.26,1.53,4.65,0.0138,0.0411,0.5702,0,RURAL_AGRI_ALLIED
CUST_GIG_00439,gig_worker,19130.14,0.5089,0.1835,0.054,37.1,0.104,0,76.06,-2.58,22.3,0.1387,0.1097,1.4051,0,EARLY_CAREER_GIG
CUST_SAL_00440,salaried_tier1,82762.39,0.0578,0.5099,0.0845,45.9,0.4991,0,9321.0,20.47,3.31,0.0251,0.0856,2.1695,0,ESTABLISHED_FAMILY_HIGH_DEBT
CUST_SAL_00441,salaried_tier1,95667.49,0.0481,0.2168,-0.0366,55.5,0.5114,0,-19196.35,2.6,11.7,0.0118,0.0986,1.7685,0,EARLY_CAREER_SALARIED
CUST_RUR_00442,rural_agri,8000.0,0.3326,0.0125,-0.0653,8.9,0.1213,0,-946.63,13.65,2.8,0.0464,0.0738,0.74,0,RURAL_AGRI_ALLIED
CUST_KIR_00443,kirana_msme,29873.5,0.3341,0.2059,0.1704,48.0,0.1979,0,-3380.04,-10.69,19.55,0.0081,0.07,1.235,0,MSME_KIRANA_SEASONAL
CUST_KIR_00444,kirana_msme,60788.21,0.1722,0.0937,0.2724,62.6,0.1925,1,-2962.15,21.98,10.98,0.0258,0.2497,1.1719,0,MSME_KIRANA_SEASONAL
CUST_RUR_00445,rural_agri,14679.0,0.5871,0.2083,0.1064,6.2,0.0704,0,2212.18,18.15,5.48,0.0018,0.0254,0.6631,0,RURAL_AGRI_ALLIED
CUST_RUR_00446,rural_agri,8540.16,0.3821,0.0592,0.0508,19.9,0.1437,0,-235.17,12.51,4.51,0.0164,0.0557,0.5412,0,RURAL_AGRI_ALLIED
CUST_RUR_00447,rural_agri,13131.47,0.5321,0.2318,0.1704,9.9,0.0458,0,-986.21,23.62,2.4,0.0074,0.0545,0.5746,0,RURAL_AGRI_ALLIED
CUST_GIG_00448,gig_worker,16951.1,0.3325,0.0806,-0.1272,32.2,0.1356,0,-439.84,-21.96,25.29,0.1139,0.0987,0.709,0,EARLY_CAREER_GIG
CUST_KIR_00449,kirana_msme,54166.06,0.1881,0.076,0.2275,34.6,0.096,0,1926.16,-9.01,19.17,0.0187,0.1789,1.2494,0,MSME_KIRANA_SEASONAL
CUST_SAL_00450,salaried_tier1,53668.26,0.0446,0.544,0.2756,32.3,0.1522,0,-2596.65,-6.81,3.14,0.0473,0.1058,1.8173,0,ESTABLISHED_FAMILY_HIGH_DEBT
CUST_GIG_00451,gig_worker,24482.57,0.5741,0.1678,0.1229,24.4,0.2327,0,-6847.21,-5.64,12.97,0.1034,0.1061,1.1088,0,EARLY_CAREER_GIG
CUST_GIG_00452,gig_worker,23974.99,0.5932,0.1356,-0.0612,26.6,0.2373,1,-6922.53,31.93,25.42,0.1779,0.0995,1.1999,0,EARLY_CAREER_GIG
CUST_KIR_00453,kirana_msme,61171.88,0.2175,0.1692,0.0831,47.7,0.0766,0,-1663.91,-1.28,24.86,0.0298,0.073,1.1735,0,MSME_KIRANA_SEASONAL
CUST_RUR_00454,rural_agri,19677.28,0.5849,0.0554,0.127,22.0,0.1407,1,-3281.84,12.13,4.84,0.0409,0.0303,0.8054,0,RURAL_AGRI_ALLIED
CUST_SAL_00455,salaried_tier1,98612.08,0.0817,0.5178,0.1633,25.5,0.3855,0,3728.62,9.63,3.73,0.0109,0.0794,1.6213,0,ESTABLISHED_FAMILY_HIGH_DEBT
CUST_KIR_00456,kirana_msme,54138.58,0.4142,0.2394,0.1909,28.4,0.1298,0,2763.44,-0.53,20.16,0.0273,0.053,1.5922,0,MSME_KIRANA_SEASONAL
CUST_SAL_00457,salaried_tier1,99326.98,0.099,0.3092,0.0828,80.6,0.4802,1,15138.91,-16.08,6.27,0.0544,0.1056,2.5441,0,EARLY_CAREER_SALARIED
CUST_KIR_00458,kirana_msme,36151.27,0.2232,0.1245,0.1901,47.9,0.1512,0,4693.14,-5.12,14.98,0.0101,0.1092,0.9239,0,MSME_KIRANA_SEASONAL
CUST_SAL_00459,salaried_tier1,50494.21,0.0761,0.4525,0.262,65.2,0.322,0,18761.82,13.92,8.03,0.0242,0.112,2.7045,0,ESTABLISHED_FAMILY_HIGH_DEBT
CUST_SAL_00460,salaried_tier1,56274.14,0.0279,0.5418,0.0684,106.4,0.1517,0,2543.49,-11.77,4.39,0.0583,0.0766,2.1056,0,ESTABLISHED_FAMILY_HIGH_DEBT
CUST_SAL_00461,salaried_tier1,59433.12,0.0275,0.3437,-0.0137,28.5,0.2458,1,2914.12,29.28,10.26,0.0334,0.0472,2.702,0,EARLY_CAREER_SALARIED
CUST_GIG_00462,gig_worker,23808.2,0.5829,0.1693,0.0535,43.1,0.1924,2,-1820.09,-22.71,24.94,0.0827,0.0535,1.471,0,EARLY_CAREER_GIG
CUST_GIG_00463,gig_worker,29470.66,0.288,0.0642,-0.0339,29.1,0.1148,2,-6880.27,-8.61,26.34,0.1095,0.063,1.0028,1,EARLY_CAREER_GIG
CUST_GIG_00464,gig_worker,33756.33,0.3603,0.035,0.0824,42.8,0.1021,0,-7639.55,-0.34,8.76,0.1962,0.0306,1.464,0,EARLY_CAREER_GIG
CUST_RUR_00465,rural_agri,17785.19,0.6272,0.02,-0.0273,47.6,0.0934,3,-1376.66,3.65,5.28,0.0224,0.0785,0.8001,0,RURAL_AGRI_ALLIED
CUST_KIR_00466,kirana_msme,53052.11,0.1718,0.2592,0.0936,25.0,0.11,0,-8292.65,10.77,24.48,0.0132,0.0621,1.6549,0,MSME_KIRANA_SEASONAL
CUST_SAL_00467,salaried_tier1,27117.59,0.0602,0.2855,0.2528,72.1,0.5007,0,2491.6,-15.89,10.51,0.049,0.0407,1.8097,0,EARLY_CAREER_SALARIED
CUST_RUR_00468,rural_agri,17865.57,0.6632,0.0239,0.0188,59.1,0.127,0,1111.75,5.92,2.31,0.0325,0.063,0.6944,0,RURAL_AGRI_ALLIED
CUST_SAL_00469,salaried_tier1,62109.16,0.0299,0.3758,0.3309,98.3,0.3815,0,24200.52,-0.65,6.28,0.0332,0.1177,2.7097,0,ESTABLISHED_FAMILY_HIGH_DEBT
CUST_RUR_00470,rural_agri,8000.0,0.3745,0.2395,0.0213,53.1,0.0527,1,-1608.66,2.19,4.7,0.029,0.0538,0.5168,0,RURAL_AGRI_ALLIED
CUST_SAL_00471,salaried_tier1,90651.3,0.069,0.3697,0.0592,40.7,0.2048,0,17868.09,16.33,3.87,0.0224,0.1073,2.3014,0,ESTABLISHED_FAMILY_HIGH_DEBT
CUST_RUR_00472,rural_agri,8320.36,0.7897,0.1993,-0.0095,51.6,0.1211,0,-1506.84,15.96,1.52,0.0056,0.0606,0.7986,0,RURAL_AGRI_ALLIED
CUST_SAL_00473,salaried_tier1,98989.63,0.0831,0.454,0.0896,62.7,0.388,3,-2523.4,-1.03,11.23,0.0289,0.1189,1.9258,1,ESTABLISHED_FAMILY_HIGH_DEBT
CUST_RUR_00474,rural_agri,8693.52,0.4371,0.0284,-0.0658,24.1,0.1215,1,-675.58,-8.81,5.19,0.0301,0.0773,0.5718,0,RURAL_AGRI_ALLIED
CUST_KIR_00475,kirana_msme,77345.24,0.1585,0.0537,0.0824,37.6,0.1144,0,-4898.48,-10.15,18.47,0.0179,0.1089,0.938,0,MSME_KIRANA_SEASONAL
CUST_RUR_00476,rural_agri,29265.1,0.5736,0.0578,0.0031,38.8,0.1333,2,-7783.32,22.53,2.49,0.0183,0.0716,0.8874,1,RURAL_AGRI_ALLIED
CUST_SAL_00477,salaried_tier1,70268.59,0.0588,0.1923,0.0612,108.5,0.37,0,-6535.31,-34.23,9.14,0.0592,0.0814,1.5945,0,EARLY_CAREER_SALARIED
CUST_GIG_00478,gig_worker,12300.13,0.6265,0.1178,-0.0566,21.9,0.2573,0,-1190.03,10.07,21.59,0.0836,0.1251,0.8636,0,EARLY_CAREER_GIG
CUST_RUR_00479,rural_agri,20275.19,0.4759,0.0581,0.0851,33.0,0.149,4,1867.16,0.83,2.94,0.0246,0.0578,0.9445,0,RURAL_AGRI_ALLIED
CUST_KIR_00480,kirana_msme,43976.96,0.3854,0.1714,0.1339,25.8,0.1325,0,-5934.13,12.03,24.54,0.0033,0.0924,1.4149,0,MSME_KIRANA_SEASONAL
CUST_GIG_00481,gig_worker,25362.29,0.3835,0.1984,-0.1192,5.2,0.2682,3,-4903.85,20.73,10.27,0.0356,0.0425,0.6815,1,EARLY_CAREER_GIG
CUST_GIG_00482,gig_worker,24446.46,0.569,0.1192,-0.0556,26.6,0.1974,2,649.65,-3.29,16.22,0.1598,0.042,1.4836,0,EARLY_CAREER_GIG
CUST_KIR_00483,kirana_msme,43296.18,0.3332,0.0798,0.281,25.4,0.1895,0,5849.25,-9.37,12.82,0.0222,0.1703,1.1297,0,MSME_KIRANA_SEASONAL
CUST_GIG_00484,gig_worker,25129.33,0.3356,0.0836,-0.0625,35.1,0.2481,0,-4103.63,4.75,8.23,0.1027,0.0792,0.6733,0,EARLY_CAREER_GIG
CUST_GIG_00485,gig_worker,26635.51,0.4464,0.1198,-0.1213,19.1,0.2877,0,-6859.05,13.22,20.51,0.1848,0.0629,0.9101,1,EARLY_CAREER_GIG
CUST_RUR_00486,rural_agri,22796.97,0.6072,0.1699,0.0054,22.3,0.1121,0,-4370.4,11.37,1.53,0.0004,0.0779,0.7938,0,RURAL_AGRI_ALLIED
CUST_SAL_00487,salaried_tier1,73695.53,0.0361,0.466,0.2635,26.8,0.5148,0,2622.45,-5.51,11.86,0.0718,0.1157,2.2969,0,ESTABLISHED_FAMILY_HIGH_DEBT
CUST_SAL_00488,salaried_tier1,68048.04,0.0835,0.2101,0.2139,49.0,0.2865,0,-3478.45,17.92,10.12,0.0209,0.099,2.1071,0,EARLY_CAREER_SALARIED
CUST_RUR_00489,rural_agri,13300.93,0.5686,0.0529,0.1433,47.6,0.0474,0,-1283.24,-10.06,2.36,0.0317,0.0135,1.0424,0,RURAL_AGRI_ALLIED
CUST_RUR_00490,rural_agri,15796.21,0.4408,0.2102,-0.085,26.8,0.0744,0,-937.52,18.06,4.63,0.0032,0.06,1.1382,0,RURAL_AGRI_ALLIED
CUST_KIR_00491,kirana_msme,55548.81,0.3002,0.1724,0.164,34.4,0.1634,0,-8267.14,16.72,10.22,0.0205,0.2381,1.7585,0,MSME_KIRANA_SEASONAL
CUST_GIG_00492,gig_worker,19567.42,0.49,0.0313,0.0107,12.7,0.2436,0,767.73,16.52,13.38,0.1998,0.0386,0.9701,0,EARLY_CAREER_GIG
CUST_SAL_00493,salaried_tier1,71966.71,0.0825,0.2967,0.3412,60.6,0.2102,0,9098.18,16.52,10.32,0.0421,0.0794,2.3827,0,EARLY_CAREER_SALARIED
CUST_SAL_00494,salaried_tier1,71461.62,0.0402,0.532,0.1433,49.8,0.2226,0,11471.2,6.6,8.14,0.0739,0.0432,2.5827,0,ESTABLISHED_FAMILY_HIGH_DEBT
CUST_KIR_00495,kirana_msme,28659.86,0.4131,0.2454,0.0539,77.2,0.0951,0,2489.6,12.32,14.37,0.0127,0.1078,1.0263,0,MSME_KIRANA_SEASONAL
CUST_KIR_00496,kirana_msme,29717.92,0.2153,0.0842,0.1878,62.4,0.1558,0,-295.09,-2.66,11.61,0.0204,0.1199,1.0923,0,MSME_KIRANA_SEASONAL
CUST_GIG_00497,gig_worker,19767.53,0.5821,0.1706,-0.0841,5.7,0.2425,0,-4204.7,-2.97,9.28,0.0685,0.1251,0.9541,0,EARLY_CAREER_GIG
CUST_SAL_00498,salaried_tier1,49129.87,0.0259,0.5469,0.2122,71.9,0.4562,0,3245.64,6.62,2.17,0.0231,0.0855,2.5487,0,ESTABLISHED_FAMILY_HIGH_DEBT
CUST_RUR_00499,rural_agri,21251.09,0.4007,0.216,-0.0036,59.4,0.0489,1,-1904.38,31.55,2.88,0.0234,0.079,1.055,0,RURAL_AGRI_ALLIED
CUST_RUR_00500,rural_agri,11233.81,0.3081,0.1479,-0.0962,5.1,0.1039,0,104.73,8.58,4.09,0.0027,0.0319,0.6343,0,RURAL_AGRI_ALLIED
CUST_GIG_00501,gig_worker,32389.61,0.3521,0.0178,-0.1264,20.9,0.2881,0,-3773.26,18.09,10.02,0.1329,0.1116,0.8311,0,EARLY_CAREER_GIG
CUST_KIR_00502,kirana_msme,28240.09,0.2368,0.2156,0.2033,57.2,0.1524,0,2776.05,14.16,16.72,0.0234,0.0997,1.6813,0,MSME_KIRANA_SEASONAL
CUST_KIR_00503,kirana_msme,64740.11,0.3674,0.0649,0.1954,29.1,0.1951,0,1989.0,5.65,7.44,0.0178,0.119,0.9097,0,MSME_KIRANA_SEASONAL
CUST_RUR_00504,rural_agri,13159.38,0.701,0.2288,0.127,50.2,0.056,0,-15.41,9.37,4.71,0.0474,0.0602,0.646,0,RURAL_AGRI_ALLIED
CUST_GIG_00505,gig_worker,13527.78,0.2801,0.0063,0.0586,21.4,0.2015,0,-3661.92,2.23,17.52,0.11,0.0766,0.8496,0,EARLY_CAREER_GIG
CUST_SAL_00506,salaried_tier1,87091.72,0.0893,0.5062,0.058,18.7,0.2544,0,-1281.07,10.49,8.49,0.0157,0.0335,2.6822,0,ESTABLISHED_FAMILY_HIGH_DEBT
CUST_RUR_00507,rural_agri,23554.67,0.7703,0.0504,-0.0071,18.2,0.0731,3,-1318.09,5.89,4.56,0.0245,0.012,0.9026,0,RURAL_AGRI_ALLIED
CUST_RUR_00508,rural_agri,12611.88,0.661,0.2027,0.0236,46.1,0.0785,1,97.57,-1.24,5.96,0.0173,0.0388,1.0348,0,RURAL_AGRI_ALLIED
CUST_RUR_00509,rural_agri,22681.56,0.4973,0.045,-0.0145,30.0,0.0649,0,-1932.54,14.27,0.54,0.027,0.0656,1.0152,0,RURAL_AGRI_ALLIED
CUST_GIG_00510,gig_worker,31956.61,0.4283,0.0693,0.1008,34.9,0.1507,0,5014.29,21.76,9.89,0.1291,0.0362,0.6646,0,EARLY_CAREER_GIG
CUST_GIG_00511,gig_worker,30506.15,0.5482,0.0492,0.0686,34.4,0.1674,0,-3817.97,-5.01,26.43,0.1387,0.0508,1.0691,0,EARLY_CAREER_GIG
CUST_KIR_00512,kirana_msme,68172.62,0.3045,0.2535,0.2305,63.1,0.0726,0,13841.13,16.53,7.74,0.0146,0.1018,1.7359,0,MSME_KIRANA_SEASONAL
CUST_RUR_00513,rural_agri,22530.56,0.5285,0.0821,-0.0525,14.2,0.1094,1,-4900.04,1.37,1.12,0.0036,0.0621,0.5855,0,RURAL_AGRI_ALLIED
CUST_RUR_00514,rural_agri,13201.94,0.7519,0.2268,0.1095,55.9,0.1274,2,315.44,-10.46,2.18,0.0109,0.0329,0.8988,0,RURAL_AGRI_ALLIED
CUST_SAL_00515,salaried_tier1,63103.35,0.0386,0.3855,0.3193,93.5,0.4166,0,1100.15,8.02,3.87,0.0726,0.0449,2.1343,0,ESTABLISHED_FAMILY_HIGH_DEBT
CUST_SAL_00516,salaried_tier1,58300.15,0.0223,0.2048,0.0193,20.7,0.4127,0,-12516.61,10.02,10.75,0.0249,0.0525,1.9853,0,EARLY_CAREER_SALARIED
CUST_KIR_00517,kirana_msme,72729.95,0.3785,0.1864,0.2069,85.5,0.0949,0,-3637.19,-29.41,17.23,0.0054,0.1252,1.5177,0,MSME_KIRANA_SEASONAL
CUST_RUR_00518,rural_agri,18204.4,0.64,0.2243,-0.0591,18.8,0.0951,2,596.14,-7.02,5.91,0.0227,0.0351,0.5254,1,RURAL_AGRI_ALLIED
CUST_RUR_00519,rural_agri,22940.37,0.7119,0.1203,0.1022,28.9,0.097,0,-245.13,-5.54,0.79,0.0409,0.0677,0.9874,0,RURAL_AGRI_ALLIED
CUST_SAL_00520,salaried_tier1,123069.78,0.043,0.387,0.0691,20.8,0.151,0,-10948.69,7.33,11.61,0.0399,0.0713,2.5299,0,ESTABLISHED_FAMILY_HIGH_DEBT
CUST_GIG_00521,gig_worker,25432.59,0.6233,0.0391,0.0794,4.0,0.1626,0,-3687.48,19.25,11.47,0.0935,0.0801,0.9172,0,EARLY_CAREER_GIG
CUST_KIR_00522,kirana_msme,42319.79,0.2077,0.1177,0.2635,60.0,0.1183,0,10742.76,5.48,10.57,0.0283,0.2268,1.2497,0,MSME_KIRANA_SEASONAL
CUST_RUR_00523,rural_agri,15801.06,0.7384,0.1319,0.0003,16.4,0.126,1,-4246.1,-29.68,1.7,0.0167,0.0772,0.8276,0,RURAL_AGRI_ALLIED
CUST_RUR_00524,rural_agri,29635.35,0.4701,0.0447,0.0755,41.6,0.1155,3,-311.76,26.12,0.91,0.0479,0.0405,0.7598,0,RURAL_AGRI_ALLIED
CUST_RUR_00525,rural_agri,9064.31,0.6776,0.2009,0.0659,31.9,0.0437,0,-65.52,8.27,2.21,0.0477,0.0649,0.7377,0,RURAL_AGRI_ALLIED
CUST_KIR_00526,kirana_msme,32457.08,0.2981,0.2685,0.2718,20.8,0.1829,0,4541.5,23.08,21.96,0.0259,0.1692,0.839,0,MSME_KIRANA_SEASONAL
CUST_KIR_00527,kirana_msme,49375.99,0.3158,0.2919,0.299,28.2,0.1774,0,11096.27,0.65,17.26,0.0017,0.1513,1.1876,0,MSME_KIRANA_SEASONAL
CUST_SAL_00528,salaried_tier1,82727.64,0.0543,0.2933,0.1262,69.5,0.4028,0,1055.56,22.85,10.17,0.0474,0.0538,2.0877,0,EARLY_CAREER_SALARIED
CUST_SAL_00529,salaried_tier1,53420.79,0.0336,0.2641,0.0631,85.7,0.1573,0,-1417.7,21.26,5.1,0.047,0.0416,1.8449,0,EARLY_CAREER_SALARIED
CUST_RUR_00530,rural_agri,8459.77,0.5104,0.1767,0.192,54.1,0.0711,4,1630.8,27.71,0.65,0.0412,0.024,0.5025,0,RURAL_AGRI_ALLIED
CUST_RUR_00531,rural_agri,9672.85,0.5516,0.2316,0.1445,22.8,0.1479,2,1163.38,5.69,0.69,0.0084,0.0609,0.5437,0,RURAL_AGRI_ALLIED
CUST_RUR_00532,rural_agri,23801.23,0.7724,0.0015,0.0392,6.4,0.139,1,-2195.13,15.69,1.11,0.0192,0.0758,0.5525,0,RURAL_AGRI_ALLIED
CUST_RUR_00533,rural_agri,16013.8,0.7872,0.0043,0.1843,25.3,0.0312,1,1110.23,32.56,5.81,0.008,0.0227,1.1864,0,RURAL_AGRI_ALLIED
CUST_GIG_00534,gig_worker,17295.5,0.6336,0.1277,0.1041,25.7,0.1711,3,1256.12,3.69,25.34,0.1921,0.111,1.1239,0,EARLY_CAREER_GIG
CUST_GIG_00535,gig_worker,18599.79,0.372,0.072,-0.0238,7.2,0.0893,1,-3979.96,31.7,16.88,0.1379,0.1293,1.0836,0,EARLY_CAREER_GIG
CUST_RUR_00536,rural_agri,32213.38,0.3885,0.1401,0.1944,33.5,0.1413,0,-690.24,-2.94,3.69,0.0021,0.0511,1.1992,0,RURAL_AGRI_ALLIED
CUST_RUR_00537,rural_agri,14423.81,0.3972,0.2435,0.0085,38.1,0.1032,1,264.56,7.55,4.21,0.0202,0.0704,1.1403,0,RURAL_AGRI_ALLIED
CUST_SAL_00538,salaried_tier1,71049.97,0.0854,0.4114,0.2857,114.2,0.2592,0,17444.32,7.8,9.02,0.0259,0.0204,2.1292,0,ESTABLISHED_FAMILY_HIGH_DEBT
CUST_KIR_00539,kirana_msme,32674.79,0.2078,0.139,0.0925,27.4,0.186,1,6119.44,-4.12,6.09,0.0099,0.1423,0.9641,0,MSME_KIRANA_SEASONAL
CUST_SAL_00540,salaried_tier1,81583.43,0.077,0.404,0.1049,110.4,0.5378,0,-6194.02,14.72,7.26,0.0164,0.0636,1.7899,1,ESTABLISHED_FAMILY_HIGH_DEBT
CUST_RUR_00541,rural_agri,22498.75,0.7794,0.0515,0.0964,7.4,0.038,1,-5455.66,-8.23,0.62,0.0086,0.0495,0.5735,0,RURAL_AGRI_ALLIED
CUST_GIG_00542,gig_worker,15382.53,0.4954,0.0824,0.0461,44.8,0.2863,0,164.98,-5.84,9.33,0.192,0.0638,1.3969,0,EARLY_CAREER_GIG
CUST_SAL_00543,salaried_tier1,75273.49,0.0955,0.3943,0.2363,95.0,0.2551,0,5156.08,2.59,5.51,0.0269,0.0262,1.5024,0,ESTABLISHED_FAMILY_HIGH_DEBT
CUST_GIG_00544,gig_worker,40618.31,0.4674,0.0198,-0.0544,5.2,0.167,0,-1639.92,20.25,21.86,0.1205,0.0821,1.1055,0,EARLY_CAREER_GIG
CUST_GIG_00545,gig_worker,28379.48,0.553,0.0838,-0.0608,22.8,0.1005,0,-7490.41,-0.9,11.74,0.1157,0.1319,0.7004,0,EARLY_CAREER_GIG
CUST_KIR_00546,kirana_msme,46811.85,0.3176,0.2625,0.299,55.6,0.1018,0,5102.26,16.97,15.18,0.0167,0.215,0.8048,0,MSME_KIRANA_SEASONAL
CUST_SAL_00547,salaried_tier1,91238.35,0.0319,0.4921,0.2201,32.9,0.2259,1,15306.22,-0.91,6.63,0.0319,0.0865,1.5419,0,ESTABLISHED_FAMILY_HIGH_DEBT
CUST_GIG_00548,gig_worker,25366.42,0.5636,0.1794,-0.0184,12.8,0.1706,1,-3148.34,11.81,13.41,0.0379,0.0819,0.6985,0,EARLY_CAREER_GIG
CUST_KIR_00549,kirana_msme,56603.21,0.4425,0.2906,0.1087,27.0,0.0722,0,-6644.12,-2.45,18.48,0.0101,0.084,1.5258,0,MSME_KIRANA_SEASONAL
CUST_GIG_00550,gig_worker,19775.75,0.3855,0.0587,-0.0866,14.2,0.1009,0,291.81,22.13,11.73,0.157,0.0691,0.6329,0,EARLY_CAREER_GIG
CUST_KIR_00551,kirana_msme,52859.98,0.1564,0.2347,0.2897,80.4,0.0752,0,10615.65,31.61,17.03,0.0214,0.1134,0.9725,0,MSME_KIRANA_SEASONAL
CUST_RUR_00552,rural_agri,26745.2,0.6858,0.0162,0.0863,17.9,0.0969,4,-1154.44,-9.11,2.72,0.0146,0.0264,1.1153,0,RURAL_AGRI_ALLIED
CUST_GIG_00553,gig_worker,14840.8,0.6385,0.1454,-0.0451,6.9,0.1937,0,-3372.02,15.89,24.71,0.1347,0.1061,1.0828,0,EARLY_CAREER_GIG
CUST_GIG_00554,gig_worker,23168.75,0.3723,0.0919,-0.094,29.7,0.19,0,-2371.94,-10.8,17.59,0.1809,0.098,0.7779,0,EARLY_CAREER_GIG
CUST_RUR_00555,rural_agri,8078.8,0.6296,0.0126,0.048,21.3,0.0691,4,1632.48,26.57,2.21,0.0255,0.0704,0.6279,0,RURAL_AGRI_ALLIED
CUST_KIR_00556,kirana_msme,38478.08,0.2678,0.1391,0.2582,23.1,0.0963,0,9853.67,5.97,13.73,0.0162,0.0895,1.3654,0,MSME_KIRANA_SEASONAL
CUST_SAL_00557,salaried_tier1,62119.03,0.0894,0.4077,-0.0419,91.1,0.1642,3,-5469.83,-13.17,4.97,0.028,0.0581,2.6344,1,ESTABLISHED_FAMILY_HIGH_DEBT
CUST_SAL_00558,salaried_tier1,90210.89,0.0331,0.4884,0.275,65.0,0.4911,0,-612.34,23.05,8.19,0.0421,0.0767,1.5228,0,ESTABLISHED_FAMILY_HIGH_DEBT
CUST_GIG_00559,gig_worker,19403.56,0.4284,0.0617,0.0322,10.8,0.2179,0,2478.32,-10.24,14.61,0.0693,0.1367,0.6574,1,EARLY_CAREER_GIG
CUST_GIG_00560,gig_worker,19346.25,0.3566,0.069,0.0447,40.1,0.1205,2,-6217.88,3.86,12.3,0.0363,0.0469,0.7094,1,EARLY_CAREER_GIG
CUST_GIG_00561,gig_worker,25520.57,0.6234,0.044,0.1009,32.0,0.2713,1,1554.82,7.56,23.49,0.0746,0.0694,0.9118,0,EARLY_CAREER_GIG
CUST_SAL_00562,salaried_tier1,78167.39,0.0468,0.4614,0.2922,60.7,0.3013,0,13996.91,22.94,9.55,0.0259,0.1088,2.6868,0,ESTABLISHED_FAMILY_HIGH_DEBT
CUST_SAL_00563,salaried_tier1,58735.13,0.0828,0.3885,0.3073,33.1,0.3183,0,15335.06,23.2,3.12,0.0793,0.048,1.525,0,ESTABLISHED_FAMILY_HIGH_DEBT
CUST_SAL_00564,salaried_tier1,88479.52,0.0624,0.4874,0.044,61.5,0.2122,0,14266.63,8.83,5.34,0.043,0.0227,1.8257,0,ESTABLISHED_FAMILY_HIGH_DEBT
CUST_KIR_00565,kirana_msme,61039.26,0.3584,0.052,0.2042,26.6,0.1671,1,4833.91,1.93,18.66,0.0071,0.1375,1.3312,0,MSME_KIRANA_SEASONAL
CUST_GIG_00566,gig_worker,20093.14,0.5349,0.0752,0.1283,7.0,0.1616,1,-3446.51,24.66,21.13,0.0579,0.0367,0.8034,0,EARLY_CAREER_GIG
CUST_KIR_00567,kirana_msme,59244.62,0.2985,0.2864,0.2369,71.1,0.057,0,-4082.99,-15.68,23.56,0.0077,0.104,1.267,0,MSME_KIRANA_SEASONAL
CUST_KIR_00568,kirana_msme,61540.38,0.3993,0.1205,0.1869,25.8,0.1873,0,6663.22,21.96,11.06,0.0138,0.1004,1.1937,0,MSME_KIRANA_SEASONAL
CUST_RUR_00569,rural_agri,15425.21,0.5345,0.2185,-0.0842,53.9,0.0563,1,-1227.71,12.3,3.54,0.043,0.0171,0.9078,0,RURAL_AGRI_ALLIED
CUST_KIR_00570,kirana_msme,36626.55,0.3909,0.1499,0.0972,73.1,0.0636,0,2591.97,-15.04,12.13,0.018,0.1612,0.8639,0,MSME_KIRANA_SEASONAL
CUST_KIR_00571,kirana_msme,41322.41,0.436,0.2626,0.0863,22.1,0.19,0,-8095.13,5.37,20.61,0.0094,0.1464,1.3378,0,MSME_KIRANA_SEASONAL
CUST_GIG_00572,gig_worker,27792.18,0.3682,0.0043,0.1333,10.1,0.0821,0,-1438.7,-27.08,16.44,0.1865,0.1355,0.8115,0,EARLY_CAREER_GIG
CUST_KIR_00573,kirana_msme,21445.11,0.1657,0.2848,0.0967,33.9,0.1209,0,795.19,-0.77,7.96,0.0113,0.1867,0.8184,0,MSME_KIRANA_SEASONAL
CUST_GIG_00574,gig_worker,30289.48,0.3804,0.0267,-0.0032,34.4,0.1042,0,-2605.1,9.56,8.67,0.1121,0.0658,0.616,0,EARLY_CAREER_GIG
CUST_RUR_00575,rural_agri,8000.0,0.5486,0.0101,0.1678,59.9,0.0518,0,-537.39,0.52,4.14,0.0331,0.0694,0.6005,0,RURAL_AGRI_ALLIED
CUST_RUR_00576,rural_agri,29894.91,0.5564,0.1189,0.0935,35.7,0.1073,1,3153.22,-17.01,4.04,0.026,0.0577,1.0034,0,RURAL_AGRI_ALLIED
CUST_SAL_00577,salaried_tier1,76578.8,0.0489,0.3077,0.0307,22.4,0.4591,0,-4617.22,-19.39,8.88,0.043,0.1076,2.2916,0,EARLY_CAREER_SALARIED
CUST_RUR_00578,rural_agri,17188.65,0.7861,0.1396,0.012,53.9,0.0844,0,-2538.21,-2.95,5.17,0.0422,0.0459,1.1589,0,RURAL_AGRI_ALLIED
CUST_KIR_00579,kirana_msme,49351.32,0.2373,0.2486,0.1726,22.8,0.1645,0,3843.86,-1.44,6.71,0.0284,0.1083,1.4315,0,MSME_KIRANA_SEASONAL
CUST_SAL_00580,salaried_tier1,70112.2,0.0793,0.3498,0.1399,26.6,0.3739,0,4497.0,-0.21,9.97,0.0389,0.0351,2.7703,0,EARLY_CAREER_SALARIED
CUST_KIR_00581,kirana_msme,36708.14,0.3171,0.2468,0.1286,25.9,0.1197,0,-1573.24,-2.69,9.4,0.0284,0.2408,1.0217,0,MSME_KIRANA_SEASONAL
CUST_RUR_00582,rural_agri,10042.47,0.7783,0.1973,0.1172,15.2,0.1391,2,-1182.01,22.78,5.29,0.0136,0.0157,0.6145,0,RURAL_AGRI_ALLIED
CUST_KIR_00583,kirana_msme,40768.13,0.4478,0.2196,0.2325,34.9,0.0618,0,2316.25,18.93,9.69,0.0058,0.165,1.0489,0,MSME_KIRANA_SEASONAL
CUST_KIR_00584,kirana_msme,42755.46,0.1541,0.1704,0.064,88.4,0.1686,0,-8400.5,23.18,16.85,0.0228,0.0881,0.8866,0,MSME_KIRANA_SEASONAL
CUST_GIG_00585,gig_worker,28165.35,0.6017,0.1875,-0.0283,26.9,0.2539,1,-1554.03,-6.91,8.27,0.0904,0.0637,1.496,0,EARLY_CAREER_GIG
CUST_SAL_00586,salaried_tier1,57402.22,0.0793,0.4274,0.0503,41.5,0.4015,0,-1180.53,4.58,10.52,0.0775,0.0781,2.6394,0,ESTABLISHED_FAMILY_HIGH_DEBT
CUST_SAL_00587,salaried_tier1,60606.53,0.0517,0.2586,0.0667,27.9,0.4723,0,-65.45,3.84,3.74,0.0512,0.0454,1.9063,0,EARLY_CAREER_SALARIED
CUST_SAL_00588,salaried_tier1,49633.74,0.034,0.2489,0.3395,56.7,0.3896,0,13892.06,-9.33,2.74,0.0124,0.0669,2.1376,0,EARLY_CAREER_SALARIED
CUST_SAL_00589,salaried_tier1,103757.27,0.097,0.4826,0.1354,92.4,0.2013,0,-13278.87,-0.7,3.61,0.0398,0.0331,1.8628,1,ESTABLISHED_FAMILY_HIGH_DEBT
CUST_SAL_00590,salaried_tier1,42348.57,0.0312,0.3834,0.344,25.1,0.2643,1,10855.07,-10.64,10.76,0.0467,0.0608,1.594,0,ESTABLISHED_FAMILY_HIGH_DEBT
CUST_SAL_00591,salaried_tier1,83133.85,0.0779,0.4179,0.2695,42.0,0.3972,0,10627.85,-4.39,5.09,0.055,0.1082,2.5172,0,ESTABLISHED_FAMILY_HIGH_DEBT
CUST_GIG_00592,gig_worker,10000.0,0.5189,0.1902,-0.0043,22.6,0.224,0,-773.87,13.89,26.38,0.1439,0.0316,0.8282,0,EARLY_CAREER_GIG
CUST_SAL_00593,salaried_tier1,81425.17,0.0434,0.5224,0.1712,88.1,0.3887,0,10434.46,20.25,3.23,0.0278,0.1014,2.752,0,ESTABLISHED_FAMILY_HIGH_DEBT
CUST_KIR_00594,kirana_msme,18000.0,0.4266,0.0591,0.264,36.2,0.1773,0,3599.88,13.75,22.76,0.0142,0.1993,1.3802,0,MSME_KIRANA_SEASONAL
CUST_RUR_00595,rural_agri,18318.58,0.3866,0.012,-0.0261,12.9,0.097,0,-597.35,16.08,0.7,0.0416,0.0514,0.5273,0,RURAL_AGRI_ALLIED
CUST_KIR_00596,kirana_msme,27327.3,0.3537,0.2408,0.1573,80.3,0.0726,0,2986.27,3.13,9.22,0.0072,0.2335,0.8935,0,MSME_KIRANA_SEASONAL
CUST_GIG_00597,gig_worker,30062.14,0.6491,0.1507,0.1412,36.1,0.2919,1,1515.72,12.76,16.04,0.1399,0.0721,0.6718,0,EARLY_CAREER_GIG
CUST_SAL_00598,salaried_tier1,84789.13,0.0971,0.5223,0.2549,69.6,0.2317,0,22519.21,-18.35,10.96,0.0653,0.0395,2.495,0,ESTABLISHED_FAMILY_HIGH_DEBT
CUST_SAL_00599,salaried_tier1,48681.32,0.0968,0.3016,-0.0462,44.8,0.1977,0,-12869.36,1.85,7.93,0.0233,0.0561,1.6007,0,EARLY_CAREER_SALARIED
CUST_SAL_00600,salaried_tier1,67906.22,0.0519,0.4502,-0.0207,24.4,0.4108,0,-1195.17,10.42,11.16,0.0372,0.0796,2.5275,1,ESTABLISHED_FAMILY_HIGH_DEBT
CUST_SAL_00601,salaried_tier1,86181.97,0.0412,0.2335,0.3277,17.0,0.5362,0,11919.74,-20.05,4.76,0.0345,0.0417,2.5653,0,EARLY_CAREER_SALARIED
CUST_SAL_00602,salaried_tier1,95962.66,0.0911,0.2479,0.1797,95.7,0.2655,0,3886.4,-4.17,3.35,0.0118,0.0353,2.1812,0,EARLY_CAREER_SALARIED
CUST_SAL_00603,salaried_tier1,55835.67,0.0262,0.2267,0.3145,17.0,0.4114,0,4887.32,23.53,7.89,0.0256,0.1047,2.3744,0,EARLY_CAREER_SALARIED
CUST_SAL_00604,salaried_tier1,72858.52,0.0816,0.5364,0.1557,64.7,0.4522,1,3686.03,-13.3,5.25,0.0659,0.0411,2.7534,0,ESTABLISHED_FAMILY_HIGH_DEBT
CUST_SAL_00605,salaried_tier1,80354.62,0.0317,0.403,0.1872,27.7,0.2804,0,5089.77,2.3,10.01,0.0781,0.0415,1.7433,0,ESTABLISHED_FAMILY_HIGH_DEBT
CUST_KIR_00606,kirana_msme,32225.74,0.156,0.1853,0.2892,47.4,0.113,1,9831.6,14.2,19.38,0.0169,0.2449,1.4946,0,MSME_KIRANA_SEASONAL
CUST_SAL_00607,salaried_tier1,91337.6,0.0432,0.2714,0.2632,46.2,0.3751,0,24765.39,7.52,3.11,0.0681,0.0803,2.5621,0,EARLY_CAREER_SALARIED
CUST_KIR_00608,kirana_msme,30609.68,0.2555,0.0658,0.2965,22.2,0.1494,0,1672.85,-4.71,12.12,0.0202,0.1958,1.446,0,MSME_KIRANA_SEASONAL
CUST_KIR_00609,kirana_msme,25839.43,0.1586,0.1537,0.1584,52.7,0.1557,0,4333.13,23.55,6.21,0.0206,0.1636,1.1153,0,MSME_KIRANA_SEASONAL
CUST_GIG_00610,gig_worker,10000.0,0.4545,0.1273,0.048,15.1,0.111,0,2311.54,14.26,25.46,0.0996,0.0503,1.1755,0,EARLY_CAREER_GIG
CUST_SAL_00611,salaried_tier1,73764.36,0.0889,0.1562,-0.0071,24.7,0.435,0,361.82,-1.53,6.73,0.0317,0.107,2.1453,0,EARLY_CAREER_SALARIED
CUST_GIG_00612,gig_worker,30525.24,0.6229,0.1753,-0.0542,27.6,0.097,0,-2697.49,-21.78,14.3,0.1788,0.0717,0.6848,0,EARLY_CAREER_GIG
CUST_GIG_00613,gig_worker,26628.81,0.3685,0.1255,-0.024,5.6,0.1877,2,-3436.74,11.82,9.39,0.0561,0.1217,0.6889,1,EARLY_CAREER_GIG
CUST_SAL_00614,salaried_tier1,89901.59,0.0813,0.4748,0.2753,82.5,0.3332,1,14881.43,13.99,2.24,0.0136,0.1159,2.7038,0,ESTABLISHED_FAMILY_HIGH_DEBT
CUST_RUR_00615,rural_agri,12538.49,0.3402,0.0391,-0.025,31.9,0.1142,4,-1973.2,1.35,3.35,0.0261,0.0478,0.8091,0,RURAL_AGRI_ALLIED
CUST_RUR_00616,rural_agri,21120.8,0.4025,0.2237,0.1786,58.7,0.1427,0,166.49,1.98,1.47,0.0403,0.0722,0.8568,0,RURAL_AGRI_ALLIED
CUST_SAL_00617,salaried_tier1,60219.64,0.0232,0.4513,0.1201,119.5,0.1889,1,2855.69,8.0,10.27,0.0672,0.1116,2.124,0,ESTABLISHED_FAMILY_HIGH_DEBT
CUST_SAL_00618,salaried_tier1,95222.14,0.0579,0.4817,0.2419,37.0,0.5296,0,10564.68,-1.43,5.04,0.045,0.0622,2.6678,0,ESTABLISHED_FAMILY_HIGH_DEBT
CUST_RUR_00619,rural_agri,15127.31,0.3935,0.1223,0.1394,36.3,0.1372,1,-445.73,-5.06,4.17,0.0225,0.0583,0.9825,0,RURAL_AGRI_ALLIED
CUST_GIG_00620,gig_worker,28312.0,0.5755,0.0009,0.0004,32.6,0.1142,0,-185.42,0.68,11.63,0.1109,0.1084,0.6757,0,EARLY_CAREER_GIG
CUST_SAL_00621,salaried_tier1,53812.29,0.0381,0.3081,0.2115,61.0,0.4604,0,1290.6,21.48,2.49,0.0715,0.028,1.6645,0,EARLY_CAREER_SALARIED
CUST_SAL_00622,salaried_tier1,29028.7,0.0437,0.211,0.0052,28.9,0.1956,0,-7035.18,-5.12,11.62,0.0505,0.1188,1.8987,0,EARLY_CAREER_SALARIED
CUST_KIR_00623,kirana_msme,30106.97,0.1929,0.2863,0.2967,23.1,0.0726,0,3937.81,-6.88,12.28,0.0039,0.1413,0.9863,0,MSME_KIRANA_SEASONAL
CUST_KIR_00624,kirana_msme,42697.49,0.445,0.1322,0.2691,79.0,0.1928,0,2781.04,10.33,22.13,0.0023,0.1426,1.4596,0,MSME_KIRANA_SEASONAL
CUST_GIG_00625,gig_worker,24070.16,0.6197,0.165,0.1032,31.3,0.147,0,4708.36,9.89,19.72,0.0807,0.0479,1.4421,0,EARLY_CAREER_GIG
CUST_KIR_00626,kirana_msme,52614.18,0.2598,0.126,0.0521,78.4,0.0631,0,4429.37,3.9,15.53,0.0278,0.0563,1.3041,0,MSME_KIRANA_SEASONAL
CUST_KIR_00627,kirana_msme,37797.57,0.1622,0.2032,0.2515,50.6,0.1332,0,5864.1,15.28,9.5,0.0184,0.1757,1.4105,0,MSME_KIRANA_SEASONAL
CUST_GIG_00628,gig_worker,23400.38,0.5188,0.0199,-0.0358,35.3,0.2355,0,-1414.67,1.83,9.77,0.1993,0.1377,1.0919,0,EARLY_CAREER_GIG
CUST_SAL_00629,salaried_tier1,58028.29,0.0724,0.2861,0.079,59.6,0.2082,0,10748.95,13.19,6.0,0.0726,0.0697,1.9533,0,EARLY_CAREER_SALARIED
CUST_SAL_00630,salaried_tier1,78534.65,0.0498,0.2986,0.028,27.0,0.4461,0,-5910.02,13.47,9.73,0.027,0.024,2.7597,0,EARLY_CAREER_SALARIED
CUST_GIG_00631,gig_worker,12645.11,0.6056,0.1987,-0.124,39.2,0.1659,0,-2207.18,6.66,27.47,0.0746,0.0555,1.4233,0,EARLY_CAREER_GIG
CUST_RUR_00632,rural_agri,18733.06,0.3367,0.1013,-0.088,50.9,0.0552,0,-3995.47,-5.79,4.6,0.011,0.015,1.109,0,RURAL_AGRI_ALLIED
CUST_KIR_00633,kirana_msme,40280.98,0.2538,0.1628,0.2371,83.2,0.0575,0,12920.61,7.58,14.37,0.0266,0.1223,0.8328,0,MSME_KIRANA_SEASONAL
CUST_KIR_00634,kirana_msme,41521.97,0.2683,0.0925,0.1737,53.0,0.1934,0,1357.18,-25.52,23.84,0.0263,0.0917,1.5856,0,MSME_KIRANA_SEASONAL
CUST_SAL_00635,salaried_tier1,31050.94,0.0861,0.3309,0.1595,118.2,0.174,0,-2655.44,-0.44,3.51,0.0528,0.0439,2.5063,0,EARLY_CAREER_SALARIED
CUST_KIR_00636,kirana_msme,59416.4,0.2051,0.1212,0.1542,44.8,0.1287,0,-8711.16,13.24,18.08,0.0092,0.0753,1.3667,0,MSME_KIRANA_SEASONAL
CUST_KIR_00637,kirana_msme,36339.87,0.2996,0.1833,0.2149,22.9,0.1582,0,-2410.3,-1.5,21.55,0.0135,0.0798,1.2683,0,MSME_KIRANA_SEASONAL
CUST_SAL_00638,salaried_tier1,93764.62,0.0474,0.2841,0.3442,69.8,0.2063,0,24108.68,-3.78,2.42,0.0424,0.0619,2.1265,0,EARLY_CAREER_SALARIED
CUST_SAL_00639,salaried_tier1,50096.1,0.0787,0.5479,0.2777,73.3,0.3439,0,9984.74,-1.66,11.89,0.0378,0.1191,2.7168,0,ESTABLISHED_FAMILY_HIGH_DEBT
CUST_KIR_00640,kirana_msme,41384.05,0.3804,0.2632,0.2447,64.2,0.1271,0,3833.78,19.12,21.83,0.0203,0.1896,1.1908,0,MSME_KIRANA_SEASONAL
CUST_SAL_00641,salaried_tier1,53296.12,0.0822,0.3471,0.3057,51.4,0.2977,1,2043.49,-6.48,7.16,0.0333,0.0477,2.1037,0,EARLY_CAREER_SALARIED
CUST_KIR_00642,kirana_msme,49350.57,0.2072,0.2235,0.2007,32.9,0.091,0,7300.78,13.76,17.77,0.016,0.2037,1.4992,0,MSME_KIRANA_SEASONAL
CUST_SAL_00643,salaried_tier1,53888.85,0.0905,0.396,0.2789,72.4,0.2374,0,16825.54,21.46,8.97,0.0433,0.1036,1.9824,0,ESTABLISHED_FAMILY_HIGH_DEBT
CUST_KIR_00644,kirana_msme,51452.14,0.2491,0.1839,0.0843,57.7,0.0719,0,2330.78,7.59,12.8,0.015,0.2251,1.4487,0,MSME_KIRANA_SEASONAL
CUST_SAL_00645,salaried_tier1,80537.28,0.0524,0.499,0.1599,17.3,0.4367,0,-1710.89,3.17,3.68,0.0342,0.0961,2.5262,1,ESTABLISHED_FAMILY_HIGH_DEBT
CUST_RUR_00646,rural_agri,15949.0,0.7036,0.1644,-0.0422,21.6,0.0458,0,-1378.93,37.66,4.04,0.0497,0.0108,0.6426,0,RURAL_AGRI_ALLIED
CUST_GIG_00647,gig_worker,23094.32,0.4675,0.0943,-0.0693,5.4,0.1699,0,-1506.7,-2.62,14.15,0.1207,0.0461,1.0954,0,EARLY_CAREER_GIG
CUST_GIG_00648,gig_worker,16967.29,0.3918,0.0502,0.1247,38.8,0.2076,0,878.05,11.69,26.65,0.1948,0.045,1.4377,0,EARLY_CAREER_GIG
CUST_GIG_00649,gig_worker,20246.64,0.2748,0.1776,0.1107,18.0,0.276,0,292.6,35.48,16.55,0.0493,0.082,1.3253,0,EARLY_CAREER_GIG
CUST_KIR_00650,kirana_msme,33918.92,0.308,0.1843,0.16,74.0,0.1275,0,-518.56,4.31,5.5,0.0171,0.2268,1.5237,0,MSME_KIRANA_SEASONAL
CUST_SAL_00651,salaried_tier1,63387.92,0.0567,0.5426,0.0297,21.9,0.4938,1,174.22,21.06,7.14,0.0685,0.0939,2.1137,1,ESTABLISHED_FAMILY_HIGH_DEBT
CUST_KIR_00652,kirana_msme,48118.8,0.2834,0.2437,0.235,57.7,0.0631,0,12187.01,12.31,12.27,0.0189,0.1848,1.2556,0,MSME_KIRANA_SEASONAL
CUST_GIG_00653,gig_worker,16386.36,0.4126,0.1461,0.1396,37.0,0.2869,0,-513.03,3.63,19.15,0.0794,0.1294,0.6641,0,EARLY_CAREER_GIG
CUST_GIG_00654,gig_worker,10899.74,0.486,0.0887,-0.016,18.2,0.0837,0,-1254.15,-8.87,8.03,0.0824,0.0634,0.9017,0,EARLY_CAREER_GIG
CUST_KIR_00655,kirana_msme,74278.94,0.3391,0.2509,0.163,56.3,0.1716,0,5374.42,-2.04,13.69,0.0125,0.202,1.5016,0,MSME_KIRANA_SEASONAL
CUST_SAL_00656,salaried_tier1,54148.93,0.0384,0.3818,0.2693,97.6,0.2958,3,1156.49,-5.62,5.99,0.0685,0.093,2.272,0,ESTABLISHED_FAMILY_HIGH_DEBT
CUST_SAL_00657,salaried_tier1,92780.66,0.0603,0.4234,0.1852,103.4,0.2638,0,6804.58,-6.85,8.9,0.0612,0.0243,1.6602,0,ESTABLISHED_FAMILY_HIGH_DEBT
CUST_KIR_00658,kirana_msme,41793.45,0.2083,0.1539,0.1461,71.7,0.1661,0,-3105.73,-2.0,23.62,0.0206,0.0568,0.8227,0,MSME_KIRANA_SEASONAL
CUST_GIG_00659,gig_worker,15274.35,0.4179,0.1779,-0.0188,6.2,0.2883,3,2668.44,-12.16,17.36,0.0458,0.1249,1.216,1,EARLY_CAREER_GIG
CUST_GIG_00660,gig_worker,22862.46,0.3049,0.0321,-0.1269,11.6,0.2374,2,-5510.22,9.2,18.13,0.0356,0.0383,1.0073,1,EARLY_CAREER_GIG
CUST_KIR_00661,kirana_msme,54694.8,0.2676,0.0796,0.2452,45.5,0.1604,0,17619.0,-19.33,23.15,0.0276,0.157,1.5387,0,MSME_KIRANA_SEASONAL
CUST_RUR_00662,rural_agri,18509.67,0.3638,0.1082,-0.0619,32.6,0.0974,0,-1385.15,23.24,5.69,0.0387,0.0687,0.5502,0,RURAL_AGRI_ALLIED
CUST_GIG_00663,gig_worker,12266.64,0.2998,0.069,-0.1087,44.9,0.0908,0,-2663.55,-4.18,14.01,0.1271,0.048,1.0069,0,EARLY_CAREER_GIG
CUST_SAL_00664,salaried_tier1,103285.05,0.0911,0.4843,0.1933,55.8,0.3513,0,18059.33,-21.13,3.04,0.0369,0.0976,2.6408,0,ESTABLISHED_FAMILY_HIGH_DEBT
CUST_SAL_00665,salaried_tier1,106044.62,0.1,0.3472,0.0334,32.1,0.1669,0,-26037.33,-6.34,4.05,0.0587,0.0941,2.2079,0,EARLY_CAREER_SALARIED
CUST_SAL_00666,salaried_tier1,61747.87,0.0835,0.4576,0.2171,104.8,0.5257,0,18847.76,-10.66,5.99,0.0631,0.0851,1.8087,0,ESTABLISHED_FAMILY_HIGH_DEBT
CUST_SAL_00667,salaried_tier1,104976.85,0.065,0.1833,0.0242,38.0,0.2531,0,-7982.17,4.69,4.03,0.0147,0.0371,2.1552,0,EARLY_CAREER_SALARIED
CUST_SAL_00668,salaried_tier1,109254.96,0.0354,0.4254,0.059,102.4,0.1835,0,-3114.26,-26.97,10.81,0.0313,0.0854,1.6299,0,ESTABLISHED_FAMILY_HIGH_DEBT
CUST_SAL_00669,salaried_tier1,78307.69,0.0233,0.5175,0.1936,99.8,0.3035,0,8763.02,10.9,6.15,0.0474,0.022,2.6295,0,ESTABLISHED_FAMILY_HIGH_DEBT
CUST_SAL_00670,salaried_tier1,81711.19,0.0315,0.3282,0.092,67.0,0.4981,0,15401.95,10.72,10.9,0.043,0.0944,1.6092,0,EARLY_CAREER_SALARIED
CUST_SAL_00671,salaried_tier1,60158.6,0.0213,0.2106,-0.0132,40.2,0.19,0,-17818.38,0.36,8.18,0.0198,0.1145,1.5378,0,EARLY_CAREER_SALARIED
CUST_RUR_00672,rural_agri,19283.66,0.3216,0.0856,-0.0769,26.6,0.1104,0,-1650.76,0.36,1.16,0.0122,0.017,0.7686,0,RURAL_AGRI_ALLIED
CUST_SAL_00673,salaried_tier1,30376.15,0.0381,0.4058,0.1328,57.0,0.3871,0,4777.0,-4.66,7.59,0.0569,0.0227,1.8945,0,ESTABLISHED_FAMILY_HIGH_DEBT
CUST_KIR_00674,kirana_msme,48805.25,0.4099,0.2707,0.0675,49.3,0.1375,0,-9286.85,13.04,19.88,0.0271,0.0517,1.5654,0,MSME_KIRANA_SEASONAL
CUST_KIR_00675,kirana_msme,55718.25,0.1672,0.1992,0.1923,22.5,0.127,0,7207.05,-0.59,10.47,0.0192,0.1437,0.9913,0,MSME_KIRANA_SEASONAL
CUST_RUR_00676,rural_agri,16368.5,0.3137,0.0684,-0.0192,50.1,0.1153,4,-1438.04,18.78,2.8,0.0349,0.08,0.9981,0,RURAL_AGRI_ALLIED
CUST_SAL_00677,salaried_tier1,85320.08,0.0964,0.2344,0.1516,86.5,0.249,0,9105.42,-0.63,5.33,0.0409,0.0729,1.8349,0,EARLY_CAREER_SALARIED
CUST_KIR_00678,kirana_msme,32530.68,0.1642,0.099,0.1955,75.0,0.0754,0,1189.71,-11.84,11.1,0.0285,0.1929,1.5493,0,MSME_KIRANA_SEASONAL
CUST_RUR_00679,rural_agri,13224.32,0.3588,0.044,0.1324,33.3,0.0313,1,502.42,-8.52,3.31,0.0107,0.0486,0.7966,0,RURAL_AGRI_ALLIED
CUST_RUR_00680,rural_agri,14356.63,0.7091,0.2282,-0.0393,34.9,0.1064,1,-4369.49,14.0,1.56,0.0244,0.0381,0.8039,0,RURAL_AGRI_ALLIED
CUST_RUR_00681,rural_agri,19541.55,0.7289,0.0145,0.058,34.7,0.1333,0,1263.68,-0.69,2.74,0.0433,0.0757,0.6683,0,RURAL_AGRI_ALLIED
CUST_SAL_00682,salaried_tier1,77929.65,0.0934,0.3355,-0.0086,63.1,0.3003,0,-19507.8,13.55,2.17,0.0796,0.0744,2.0703,0,EARLY_CAREER_SALARIED
CUST_SAL_00683,salaried_tier1,59902.72,0.0846,0.2543,0.2697,43.5,0.1633,0,7235.06,-3.35,9.58,0.0549,0.1124,1.7557,0,EARLY_CAREER_SALARIED
CUST_GIG_00684,gig_worker,27099.42,0.5176,0.1665,0.0221,22.6,0.2201,0,1654.41,23.28,20.33,0.0698,0.0396,0.7643,0,EARLY_CAREER_GIG
CUST_RUR_00685,rural_agri,17166.38,0.5035,0.1626,0.0068,58.0,0.1423,2,-6411.41,14.17,2.97,0.0268,0.0619,1.1442,1,RURAL_AGRI_ALLIED
CUST_GIG_00686,gig_worker,30631.49,0.5291,0.1383,-0.0522,36.0,0.2781,0,-6365.2,-3.08,15.84,0.1982,0.0875,1.1629,0,EARLY_CAREER_GIG
CUST_GIG_00687,gig_worker,18469.78,0.4914,0.1862,0.1051,5.8,0.2985,1,580.2,11.95,8.25,0.0591,0.1306,0.7461,0,EARLY_CAREER_GIG
CUST_SAL_00688,salaried_tier1,83505.37,0.024,0.507,0.0408,73.1,0.4077,0,3169.68,28.47,6.88,0.014,0.1137,2.7691,1,ESTABLISHED_FAMILY_HIGH_DEBT
CUST_GIG_00689,gig_worker,32441.65,0.2633,0.0537,-0.0091,6.2,0.2353,0,-3170.97,22.3,8.07,0.1524,0.1301,0.8454,0,EARLY_CAREER_GIG
CUST_SAL_00690,salaried_tier1,80939.03,0.021,0.3455,0.2077,111.4,0.3025,0,-4014.2,2.9,11.27,0.0379,0.0519,2.277,0,EARLY_CAREER_SALARIED
CUST_KIR_00691,kirana_msme,51955.85,0.3538,0.1719,0.0601,65.9,0.1763,0,-9350.5,7.38,9.01,0.0267,0.1144,1.63,0,MSME_KIRANA_SEASONAL
CUST_KIR_00692,kirana_msme,33612.25,0.29,0.2745,0.0874,77.8,0.0937,0,-3736.17,32.44,13.55,0.011,0.2104,1.7203,0,MSME_KIRANA_SEASONAL
CUST_KIR_00693,kirana_msme,29356.08,0.4034,0.0989,0.2831,37.5,0.1601,0,6674.3,0.06,11.2,0.0224,0.1614,1.1178,0,MSME_KIRANA_SEASONAL
CUST_SAL_00694,salaried_tier1,91613.48,0.0321,0.3102,0.1431,52.3,0.2788,0,12907.34,-4.23,9.09,0.0755,0.0765,1.7806,0,EARLY_CAREER_SALARIED
CUST_SAL_00695,salaried_tier1,58867.99,0.0692,0.5416,0.1882,91.1,0.3281,0,10173.5,3.94,2.35,0.059,0.0223,2.5369,0,ESTABLISHED_FAMILY_HIGH_DEBT
CUST_GIG_00696,gig_worker,41933.82,0.433,0.0682,-0.0097,16.1,0.1764,0,-2732.13,3.54,12.76,0.1981,0.0901,1.1096,0,EARLY_CAREER_GIG
CUST_SAL_00697,salaried_tier1,79297.47,0.0336,0.477,0.0976,45.8,0.4813,0,18097.33,-4.22,8.3,0.0619,0.1036,2.6677,0,ESTABLISHED_FAMILY_HIGH_DEBT
CUST_GIG_00698,gig_worker,16637.17,0.5444,0.1093,0.1361,10.7,0.2133,0,634.93,23.18,22.45,0.1528,0.1278,1.1527,0,EARLY_CAREER_GIG
CUST_SAL_00699,salaried_tier1,37509.61,0.0642,0.313,0.106,100.0,0.313,0,197.12,12.82,10.56,0.0772,0.0888,1.5755,0,EARLY_CAREER_SALARIED
CUST_KIR_00700,kirana_msme,59147.9,0.3798,0.1448,0.1697,33.0,0.0938,0,7286.39,2.81,19.49,0.014,0.0673,1.694,0,MSME_KIRANA_SEASONAL
CUST_KIR_00701,kirana_msme,79525.12,0.1519,0.2974,0.141,79.4,0.1302,0,-4023.02,8.51,19.2,0.0158,0.1529,1.5976,0,MSME_KIRANA_SEASONAL
CUST_SAL_00702,salaried_tier1,77963.24,0.0427,0.4116,0.1639,77.6,0.3163,0,2493.4,-12.81,9.44,0.0622,0.0871,1.5631,0,ESTABLISHED_FAMILY_HIGH_DEBT
CUST_KIR_00703,kirana_msme,18000.0,0.1806,0.0657,0.1372,76.3,0.1878,0,476.93,-3.47,23.15,0.0158,0.0939,1.72,0,MSME_KIRANA_SEASONAL
CUST_SAL_00704,salaried_tier1,48522.82,0.0612,0.2787,0.0117,62.6,0.4996,0,-8785.25,33.79,3.96,0.0217,0.0776,2.6418,0,EARLY_CAREER_SALARIED
CUST_SAL_00705,salaried_tier1,82434.56,0.0954,0.3093,0.0326,72.8,0.1943,0,2049.37,20.77,5.97,0.0178,0.0232,1.7703,0,EARLY_CAREER_SALARIED
CUST_RUR_00706,rural_agri,25846.02,0.3571,0.0728,-0.0611,51.4,0.1196,0,-224.3,-6.74,5.82,0.0297,0.0661,0.7389,0,RURAL_AGRI_ALLIED
CUST_KIR_00707,kirana_msme,55229.9,0.3543,0.1882,0.1909,71.5,0.0905,0,11924.27,21.36,11.18,0.0164,0.1905,1.6716,0,MSME_KIRANA_SEASONAL
CUST_RUR_00708,rural_agri,23359.38,0.5316,0.081,0.0826,53.2,0.1361,0,1901.97,-0.12,3.06,0.0489,0.0575,0.7998,0,RURAL_AGRI_ALLIED
CUST_SAL_00709,salaried_tier1,48553.7,0.0868,0.451,0.1342,60.1,0.5089,0,2494.39,-0.37,11.39,0.0666,0.1021,1.8237,0,ESTABLISHED_FAMILY_HIGH_DEBT
CUST_GIG_00710,gig_worker,17537.53,0.5416,0.0504,-0.0314,44.3,0.1339,0,-687.98,17.94,10.19,0.1133,0.0754,0.871,0,EARLY_CAREER_GIG
CUST_GIG_00711,gig_worker,19278.46,0.4976,0.0111,0.0349,31.8,0.1235,2,-1146.31,1.47,24.26,0.0819,0.1004,1.42,0,EARLY_CAREER_GIG
CUST_GIG_00712,gig_worker,28553.16,0.622,0.0236,-0.0804,41.0,0.119,1,-2855.84,11.37,9.66,0.0785,0.0924,1.0774,0,EARLY_CAREER_GIG
CUST_KIR_00713,kirana_msme,43840.72,0.2396,0.0798,0.1523,22.0,0.0817,0,14783.31,23.7,5.89,0.0177,0.1599,1.2186,0,MSME_KIRANA_SEASONAL
CUST_KIR_00714,kirana_msme,34562.86,0.3803,0.0678,0.2805,23.6,0.1219,0,5578.81,2.2,9.34,0.0228,0.2069,1.1932,0,MSME_KIRANA_SEASONAL
CUST_KIR_00715,kirana_msme,18000.0,0.2271,0.2378,0.1349,50.0,0.1106,0,852.7,-2.55,18.34,0.0141,0.2058,1.7178,0,MSME_KIRANA_SEASONAL
CUST_RUR_00716,rural_agri,27988.56,0.4565,0.096,0.1728,51.0,0.1098,0,1467.23,-5.02,0.59,0.0054,0.0305,0.5819,0,RURAL_AGRI_ALLIED
CUST_RUR_00717,rural_agri,17323.81,0.616,0.1539,0.0652,18.8,0.0745,0,-1170.16,8.23,5.44,0.049,0.0553,0.6585,0,RURAL_AGRI_ALLIED
CUST_RUR_00718,rural_agri,21062.04,0.4264,0.098,0.0938,29.0,0.0601,0,-1765.84,12.69,5.78,0.0399,0.0421,0.7391,0,RURAL_AGRI_ALLIED
CUST_SAL_00719,salaried_tier1,58661.53,0.0493,0.5021,0.0027,27.8,0.3476,0,-9244.81,8.61,6.52,0.0404,0.0312,2.2393,1,ESTABLISHED_FAMILY_HIGH_DEBT
CUST_GIG_00720,gig_worker,20824.77,0.2954,0.0107,0.0325,33.0,0.162,1,-351.76,9.92,26.71,0.041,0.0531,1.2417,0,EARLY_CAREER_GIG
CUST_RUR_00721,rural_agri,17454.48,0.4489,0.1402,-0.0226,9.0,0.1177,0,-2989.03,4.85,1.2,0.0401,0.0496,0.8167,0,RURAL_AGRI_ALLIED
CUST_SAL_00722,salaried_tier1,83413.1,0.0458,0.2963,-0.0318,76.9,0.4388,0,-9758.82,-5.62,6.44,0.0224,0.0862,1.6948,0,EARLY_CAREER_SALARIED
CUST_SAL_00723,salaried_tier1,64952.98,0.0219,0.3478,-0.0162,118.5,0.3852,0,1574.49,0.04,2.77,0.066,0.1125,2.2328,0,EARLY_CAREER_SALARIED
CUST_GIG_00724,gig_worker,21820.73,0.5106,0.107,-0.0122,41.1,0.1169,0,-2602.5,-8.3,12.47,0.0357,0.0903,0.666,0,EARLY_CAREER_GIG
CUST_GIG_00725,gig_worker,17208.88,0.525,0.0699,0.0035,42.2,0.0882,0,-310.58,14.85,19.76,0.0771,0.0777,1.369,0,EARLY_CAREER_GIG
CUST_RUR_00726,rural_agri,11158.61,0.4325,0.0553,-0.0413,12.2,0.1421,0,-2558.22,1.8,1.85,0.0467,0.0629,0.6431,0,RURAL_AGRI_ALLIED
CUST_SAL_00727,salaried_tier1,61041.48,0.041,0.3803,0.2789,96.8,0.506,1,19405.89,5.11,6.24,0.011,0.1079,1.8096,0,ESTABLISHED_FAMILY_HIGH_DEBT
CUST_GIG_00728,gig_worker,14587.65,0.2657,0.0654,0.1165,4.1,0.1694,0,-2299.56,-18.41,11.45,0.0729,0.1353,0.9338,0,EARLY_CAREER_GIG
CUST_SAL_00729,salaried_tier1,44456.51,0.0408,0.3685,0.045,86.3,0.3466,0,-1019.58,9.87,3.16,0.0334,0.052,2.7327,0,ESTABLISHED_FAMILY_HIGH_DEBT
CUST_SAL_00730,salaried_tier1,65873.61,0.063,0.1738,0.1722,98.1,0.3795,0,17505.03,25.54,5.61,0.0481,0.0688,2.3678,0,EARLY_CAREER_SALARIED
CUST_SAL_00731,salaried_tier1,68440.3,0.0761,0.4922,0.1368,102.7,0.221,0,8711.0,-23.71,10.7,0.0725,0.0844,2.3547,0,ESTABLISHED_FAMILY_HIGH_DEBT
CUST_RUR_00732,rural_agri,20529.98,0.6043,0.0984,0.1894,36.4,0.1425,0,5947.62,-1.77,4.44,0.0373,0.0733,0.9009,0,RURAL_AGRI_ALLIED
CUST_GIG_00733,gig_worker,17633.65,0.4588,0.076,-0.1366,17.1,0.1661,3,-4266.46,32.01,18.9,0.1978,0.125,0.7871,1,EARLY_CAREER_GIG
CUST_KIR_00734,kirana_msme,42812.33,0.3927,0.1763,0.2257,72.2,0.088,0,420.73,9.33,9.2,0.026,0.1336,1.2598,0,MSME_KIRANA_SEASONAL
CUST_KIR_00735,kirana_msme,62962.33,0.3253,0.1476,0.0774,82.7,0.0553,0,-4872.03,26.13,17.79,0.0277,0.0803,1.16,0,MSME_KIRANA_SEASONAL
CUST_RUR_00736,rural_agri,20124.8,0.6124,0.1894,0.1523,46.9,0.0725,4,4952.36,-0.13,0.63,0.0181,0.0189,0.8042,0,RURAL_AGRI_ALLIED
CUST_KIR_00737,kirana_msme,47051.2,0.1722,0.1008,0.0732,24.4,0.0902,0,-3089.04,0.65,22.51,0.0263,0.0852,1.7647,0,MSME_KIRANA_SEASONAL
CUST_RUR_00738,rural_agri,8000.0,0.4217,0.2477,0.127,51.0,0.0986,3,558.49,-7.51,5.7,0.0141,0.0517,0.9518,0,RURAL_AGRI_ALLIED
CUST_KIR_00739,kirana_msme,18000.0,0.2916,0.2632,0.2114,23.1,0.1313,0,1701.82,-14.41,11.57,0.0142,0.2097,1.5785,0,MSME_KIRANA_SEASONAL
CUST_KIR_00740,kirana_msme,42240.17,0.2391,0.1085,0.2575,67.6,0.0854,0,9216.55,3.26,15.56,0.0267,0.1261,1.3067,0,MSME_KIRANA_SEASONAL
CUST_KIR_00741,kirana_msme,47390.9,0.4223,0.0642,0.1014,53.4,0.1147,0,586.64,-8.46,7.25,0.0136,0.0885,1.7447,0,MSME_KIRANA_SEASONAL
CUST_KIR_00742,kirana_msme,55316.46,0.2564,0.2719,0.294,59.0,0.1349,0,17335.86,-5.78,13.79,0.0091,0.0634,1.3845,0,MSME_KIRANA_SEASONAL
CUST_GIG_00743,gig_worker,40055.7,0.4934,0.0776,-0.0236,38.0,0.1848,3,-432.07,-15.06,20.99,0.0386,0.1084,0.9957,1,EARLY_CAREER_GIG
CUST_KIR_00744,kirana_msme,27276.5,0.4068,0.2774,0.1624,39.6,0.0711,0,2423.0,-3.21,23.19,0.0201,0.1791,1.1122,0,MSME_KIRANA_SEASONAL
CUST_SAL_00745,salaried_tier1,72035.99,0.0995,0.3649,0.234,20.9,0.4027,0,15009.87,2.85,9.7,0.0258,0.1175,2.5121,0,ESTABLISHED_FAMILY_HIGH_DEBT
CUST_RUR_00746,rural_agri,11403.78,0.7839,0.0254,0.0493,28.5,0.0691,1,1158.41,-0.16,4.44,0.049,0.0663,0.5917,0,RURAL_AGRI_ALLIED
CUST_KIR_00747,kirana_msme,47970.85,0.1637,0.2863,0.0859,83.2,0.0625,0,-12384.94,11.29,5.76,0.0216,0.1061,0.952,0,MSME_KIRANA_SEASONAL
CUST_KIR_00748,kirana_msme,70239.71,0.3003,0.2011,0.1257,34.0,0.1314,0,-1080.01,-8.44,18.45,0.0207,0.0592,1.1901,0,MSME_KIRANA_SEASONAL
CUST_RUR_00749,rural_agri,17527.5,0.3258,0.2491,0.121,9.8,0.0324,2,-307.82,12.76,4.83,0.0462,0.052,0.8074,0,RURAL_AGRI_ALLIED
CUST_GIG_00750,gig_worker,23722.83,0.5228,0.0675,-0.0355,33.9,0.2841,0,-1656.73,11.43,11.43,0.066,0.0938,1.3109,0,EARLY_CAREER_GIG
CUST_SAL_00751,salaried_tier1,88662.46,0.0846,0.3355,0.0223,82.9,0.5471,0,-14028.27,10.53,2.17,0.0324,0.0396,1.5465,0,EARLY_CAREER_SALARIED
CUST_RUR_00752,rural_agri,13098.28,0.4181,0.2271,0.0508,41.1,0.0799,1,-2479.12,-5.95,2.37,0.0317,0.0514,0.7701,0,RURAL_AGRI_ALLIED
CUST_GIG_00753,gig_worker,14232.64,0.5015,0.1829,-0.1391,13.2,0.1226,0,-6497.79,2.33,22.58,0.0712,0.1013,0.9867,1,EARLY_CAREER_GIG
CUST_KIR_00754,kirana_msme,49906.13,0.2061,0.2092,0.2366,84.9,0.147,1,7744.07,16.59,12.0,0.0163,0.1267,1.1447,0,MSME_KIRANA_SEASONAL
CUST_SAL_00755,salaried_tier1,74749.38,0.0488,0.1564,0.175,28.0,0.182,0,-13529.24,6.69,11.59,0.0461,0.1183,1.5124,0,EARLY_CAREER_SALARIED
CUST_GIG_00756,gig_worker,30365.08,0.3945,0.0521,0.1073,18.7,0.0837,0,-1349.02,25.72,13.09,0.1034,0.0368,1.1891,0,EARLY_CAREER_GIG
CUST_GIG_00757,gig_worker,10788.09,0.2853,0.0404,-0.1036,23.2,0.1964,3,-4487.19,1.1,20.0,0.1195,0.0919,0.6659,0,EARLY_CAREER_GIG
CUST_KIR_00758,kirana_msme,46461.26,0.2535,0.0544,0.1128,41.7,0.1425,0,-851.12,23.85,14.65,0.0138,0.2448,1.2131,0,MSME_KIRANA_SEASONAL
CUST_RUR_00759,rural_agri,8649.28,0.7397,0.224,-0.0284,16.0,0.0895,3,-3424.72,-23.26,4.09,0.0354,0.0645,0.7256,1,RURAL_AGRI_ALLIED
CUST_GIG_00760,gig_worker,23700.94,0.5414,0.069,0.051,13.8,0.1339,1,-46.69,34.65,21.67,0.0758,0.1018,1.0693,0,EARLY_CAREER_GIG
CUST_SAL_00761,salaried_tier1,90547.5,0.0845,0.254,0.0702,84.4,0.4282,0,-13502.84,11.71,5.93,0.0376,0.0455,2.3875,0,EARLY_CAREER_SALARIED
CUST_KIR_00762,kirana_msme,48957.29,0.422,0.1522,0.2617,31.1,0.0532,0,9331.47,16.0,24.77,0.0202,0.2007,0.8748,0,MSME_KIRANA_SEASONAL
CUST_SAL_00763,salaried_tier1,79545.44,0.038,0.1774,0.1426,32.8,0.4418,0,-4997.23,-1.48,7.67,0.0299,0.0578,1.9452,0,EARLY_CAREER_SALARIED
CUST_GIG_00764,gig_worker,21182.84,0.4198,0.1085,-0.0383,36.2,0.0887,0,-4428.15,-17.55,20.95,0.1943,0.0912,0.944,0,EARLY_CAREER_GIG
CUST_SAL_00765,salaried_tier1,64740.07,0.047,0.199,0.0684,108.1,0.2708,0,-8931.08,-19.39,6.27,0.0267,0.0569,2.2957,0,EARLY_CAREER_SALARIED
CUST_GIG_00766,gig_worker,20440.22,0.6019,0.0881,0.0376,23.6,0.272,0,-1898.54,12.14,26.49,0.1523,0.0434,1.0327,0,EARLY_CAREER_GIG
CUST_GIG_00767,gig_worker,24247.54,0.4718,0.1264,-0.0183,31.6,0.1039,3,729.35,29.33,20.62,0.0838,0.0493,1.2751,0,EARLY_CAREER_GIG
CUST_RUR_00768,rural_agri,9612.09,0.6066,0.2034,-0.0921,29.8,0.121,1,-84.17,-7.57,3.34,0.0496,0.0138,0.956,0,RURAL_AGRI_ALLIED
CUST_KIR_00769,kirana_msme,39404.12,0.1967,0.2909,0.2867,43.5,0.146,0,2225.56,5.93,17.55,0.0,0.2026,1.6156,0,MSME_KIRANA_SEASONAL
CUST_RUR_00770,rural_agri,35789.14,0.7983,0.0747,-0.0026,15.1,0.1375,2,-1391.65,5.1,5.9,0.0365,0.0695,0.5739,1,RURAL_AGRI_ALLIED
CUST_SAL_00771,salaried_tier1,76825.04,0.0733,0.4771,0.0997,104.1,0.2152,0,17080.77,-6.24,5.64,0.0366,0.1005,1.5563,0,ESTABLISHED_FAMILY_HIGH_DEBT
CUST_RUR_00772,rural_agri,15840.37,0.3901,0.1567,0.0924,47.6,0.0784,2,171.61,6.55,5.8,0.0108,0.0486,0.9788,0,RURAL_AGRI_ALLIED
CUST_SAL_00773,salaried_tier1,75883.35,0.0386,0.169,0.179,50.3,0.2228,0,-13386.71,17.21,11.5,0.0507,0.1015,1.5641,0,EARLY_CAREER_SALARIED
CUST_KIR_00774,kirana_msme,85194.43,0.2975,0.2333,0.1917,39.0,0.0718,0,1629.12,19.74,6.92,0.0119,0.153,1.2892,0,MSME_KIRANA_SEASONAL
CUST_GIG_00775,gig_worker,13011.89,0.5881,0.0987,-0.0005,44.0,0.2884,0,161.78,13.54,14.51,0.0352,0.0325,0.7265,0,EARLY_CAREER_GIG
CUST_SAL_00776,salaried_tier1,68738.49,0.0652,0.1524,0.0362,17.6,0.4518,0,4600.39,16.09,8.43,0.0261,0.0358,2.6298,1,EARLY_CAREER_SALARIED
CUST_SAL_00777,salaried_tier1,48063.2,0.067,0.2743,0.3497,93.6,0.3958,0,19535.11,7.6,5.42,0.012,0.0595,2.3036,0,EARLY_CAREER_SALARIED
CUST_GIG_00778,gig_worker,16217.0,0.3688,0.1154,0.0134,23.6,0.2379,0,-2991.84,2.2,11.51,0.163,0.1097,1.3039,0,EARLY_CAREER_GIG
CUST_GIG_00779,gig_worker,18579.98,0.5906,0.0111,-0.1054,27.2,0.2427,0,-3293.69,-6.74,27.47,0.133,0.0877,1.4287,0,EARLY_CAREER_GIG
CUST_GIG_00780,gig_worker,29423.45,0.6323,0.1854,-0.0713,12.8,0.1455,0,-5088.17,16.0,15.48,0.1355,0.1215,0.8828,1,EARLY_CAREER_GIG
CUST_GIG_00781,gig_worker,24252.26,0.4813,0.0105,-0.0734,29.8,0.269,2,45.49,17.81,18.91,0.1716,0.0945,1.0504,0,EARLY_CAREER_GIG
CUST_KIR_00782,kirana_msme,46951.94,0.4027,0.0778,0.2487,32.8,0.1712,0,-1494.59,17.58,14.47,0.0205,0.1768,0.9932,0,MSME_KIRANA_SEASONAL
CUST_SAL_00783,salaried_tier1,90976.49,0.025,0.5188,0.0208,70.5,0.4714,0,30232.93,23.34,4.41,0.0632,0.0764,2.1856,1,ESTABLISHED_FAMILY_HIGH_DEBT
CUST_KIR_00784,kirana_msme,18000.0,0.3444,0.2771,0.1542,42.0,0.1083,0,2964.54,23.11,14.97,0.0148,0.1677,0.8736,0,MSME_KIRANA_SEASONAL
CUST_SAL_00785,salaried_tier1,56338.03,0.0975,0.4323,0.0844,30.5,0.2074,0,-224.61,11.71,11.02,0.0479,0.09,1.5592,0,ESTABLISHED_FAMILY_HIGH_DEBT
CUST_RUR_00786,rural_agri,23288.38,0.6616,0.0177,0.1045,42.8,0.1387,0,-126.03,23.78,0.57,0.0166,0.0144,0.9094,0,RURAL_AGRI_ALLIED
CUST_GIG_00787,gig_worker,24014.62,0.3316,0.0241,0.0033,6.3,0.2092,0,-6492.76,21.58,19.0,0.1305,0.0335,0.696,1,EARLY_CAREER_GIG
CUST_KIR_00788,kirana_msme,35070.97,0.3277,0.2181,0.0593,79.9,0.1859,0,252.1,12.93,19.9,0.019,0.1857,1.6246,0,MSME_KIRANA_SEASONAL
CUST_KIR_00789,kirana_msme,28775.23,0.4191,0.0543,0.2247,86.8,0.1559,1,-1598.94,-21.08,5.69,0.0248,0.1069,1.4875,0,MSME_KIRANA_SEASONAL
CUST_RUR_00790,rural_agri,15605.31,0.4894,0.1583,0.1439,21.3,0.0556,1,-2378.42,37.66,5.46,0.0008,0.0697,0.9692,0,RURAL_AGRI_ALLIED
CUST_SAL_00791,salaried_tier1,64892.68,0.0382,0.2517,0.1516,100.3,0.4475,0,-3318.75,-6.6,6.27,0.0781,0.076,2.2012,0,EARLY_CAREER_SALARIED
CUST_GIG_00792,gig_worker,26666.34,0.2531,0.166,0.0612,30.8,0.0951,0,6596.95,-23.74,25.25,0.0785,0.0488,1.4418,0,EARLY_CAREER_GIG
CUST_KIR_00793,kirana_msme,36594.7,0.4193,0.0595,0.2882,66.5,0.1913,0,6116.75,-8.61,14.76,0.0135,0.1163,0.8407,0,MSME_KIRANA_SEASONAL
CUST_GIG_00794,gig_worker,29819.66,0.42,0.185,-0.0999,14.2,0.0939,1,-2602.6,2.55,14.3,0.0578,0.0348,1.1596,0,EARLY_CAREER_GIG
CUST_SAL_00795,salaried_tier1,49817.19,0.09,0.3561,0.2417,18.7,0.2961,0,1876.31,1.85,3.2,0.0709,0.1139,1.7423,0,ESTABLISHED_FAMILY_HIGH_DEBT
CUST_RUR_00796,rural_agri,20522.07,0.7891,0.1178,-0.0512,16.1,0.1368,3,-2939.55,12.36,4.71,0.037,0.0563,0.9255,1,RURAL_AGRI_ALLIED
CUST_RUR_00797,rural_agri,8000.0,0.6719,0.1184,-0.0116,49.1,0.1136,3,-696.51,8.95,4.07,0.0122,0.0733,0.6158,0,RURAL_AGRI_ALLIED
CUST_GIG_00798,gig_worker,18612.03,0.6317,0.1701,-0.0616,3.3,0.1453,0,-386.26,-7.39,27.34,0.042,0.0866,1.401,0,EARLY_CAREER_GIG
CUST_GIG_00799,gig_worker,11712.01,0.4644,0.1322,0.061,8.7,0.2588,1,-1872.87,-23.54,16.99,0.182,0.1339,1.4002,0,EARLY_CAREER_GIG
CUST_RUR_00800,rural_agri,20147.1,0.7641,0.1992,0.0828,11.4,0.065,4,450.19,-8.96,1.01,0.0354,0.0614,0.7236,0,RURAL_AGRI_ALLIED
CUST_GIG_00801,gig_worker,19916.2,0.5657,0.0634,0.1061,36.7,0.2255,0,58.14,22.82,16.9,0.0876,0.1318,1.0647,0,EARLY_CAREER_GIG
CUST_SAL_00802,salaried_tier1,69373.5,0.0608,0.3593,0.0361,90.5,0.1839,0,-1605.93,-6.89,11.14,0.0468,0.0337,2.242,0,ESTABLISHED_FAMILY_HIGH_DEBT
CUST_GIG_00803,gig_worker,16556.92,0.4378,0.1866,0.0659,6.3,0.1293,1,-509.51,13.03,8.66,0.1681,0.0974,1.4052,0,EARLY_CAREER_GIG
CUST_GIG_00804,gig_worker,27798.03,0.3916,0.1109,0.0346,16.5,0.2055,0,-307.97,34.54,15.48,0.1557,0.1399,0.729,0,EARLY_CAREER_GIG
CUST_KIR_00805,kirana_msme,66601.65,0.3883,0.1141,0.1823,87.2,0.0634,0,8297.52,-6.56,11.01,0.0258,0.2367,1.7623,0,MSME_KIRANA_SEASONAL
CUST_GIG_00806,gig_worker,21320.45,0.5826,0.1699,0.0398,17.8,0.0969,1,-1488.1,15.05,26.25,0.1542,0.1294,1.2539,0,EARLY_CAREER_GIG
CUST_RUR_00807,rural_agri,25185.37,0.6255,0.0996,-0.075,21.0,0.0952,0,-4891.44,42.66,3.4,0.0085,0.066,0.6549,0,RURAL_AGRI_ALLIED
CUST_RUR_00808,rural_agri,15953.65,0.505,0.2021,0.131,17.3,0.1039,0,-1179.38,13.93,5.74,0.0282,0.0589,1.1918,0,RURAL_AGRI_ALLIED
CUST_KIR_00809,kirana_msme,70645.62,0.4048,0.2175,0.2332,36.4,0.1057,0,19669.18,-4.01,14.11,0.0299,0.1722,1.3058,0,MSME_KIRANA_SEASONAL
CUST_SAL_00810,salaried_tier1,76584.24,0.0758,0.2678,0.1695,81.6,0.3856,1,15649.75,-2.35,11.71,0.0567,0.1172,2.6678,0,EARLY_CAREER_SALARIED
CUST_RUR_00811,rural_agri,8457.42,0.3021,0.047,-0.0988,44.6,0.0811,0,-2105.16,-21.4,5.08,0.0488,0.0549,1.0332,0,RURAL_AGRI_ALLIED
CUST_RUR_00812,rural_agri,14230.54,0.5046,0.2479,-0.0997,15.8,0.0526,2,-3967.92,6.11,3.01,0.0074,0.0383,0.7467,0,RURAL_AGRI_ALLIED
CUST_SAL_00813,salaried_tier1,70299.93,0.0653,0.4396,0.1174,55.1,0.1893,0,3.11,-3.5,6.68,0.0618,0.1033,2.1689,0,ESTABLISHED_FAMILY_HIGH_DEBT
CUST_RUR_00814,rural_agri,14069.48,0.6473,0.0955,-0.0603,52.4,0.1037,0,-1908.77,24.13,3.46,0.0462,0.0517,0.5215,0,RURAL_AGRI_ALLIED
CUST_RUR_00815,rural_agri,12765.13,0.5914,0.1529,0.1186,46.9,0.1225,1,322.81,5.97,2.72,0.0388,0.0767,0.6511,0,RURAL_AGRI_ALLIED
CUST_KIR_00816,kirana_msme,29174.69,0.3017,0.2015,0.0524,74.6,0.173,1,-3909.13,25.13,16.89,0.0128,0.117,0.9806,0,MSME_KIRANA_SEASONAL
CUST_GIG_00817,gig_worker,27489.46,0.5542,0.0778,0.0755,19.2,0.2777,0,1762.46,21.29,19.03,0.0843,0.0809,0.8631,0,EARLY_CAREER_GIG
CUST_KIR_00818,kirana_msme,18000.0,0.2243,0.1522,0.1789,72.2,0.0682,0,2232.43,5.31,12.21,0.0118,0.2087,1.1797,0,MSME_KIRANA_SEASONAL
CUST_SAL_00819,salaried_tier1,39001.98,0.0775,0.3688,0.1287,100.0,0.2474,1,3973.91,25.23,8.09,0.0713,0.1018,2.2294,0,ESTABLISHED_FAMILY_HIGH_DEBT
CUST_KIR_00820,kirana_msme,68379.42,0.1686,0.0725,0.2574,24.2,0.0754,0,-7240.11,5.46,10.65,0.0175,0.1691,0.8011,0,MSME_KIRANA_SEASONAL
CUST_RUR_00821,rural_agri,31481.8,0.5493,0.1521,0.1693,27.1,0.0762,0,2463.8,-18.73,0.66,0.0252,0.0663,0.9294,0,RURAL_AGRI_ALLIED
CUST_SAL_00822,salaried_tier1,52681.54,0.0786,0.3941,0.018,110.0,0.2303,3,1150.09,17.71,4.63,0.024,0.0214,1.5095,0,ESTABLISHED_FAMILY_HIGH_DEBT
CUST_KIR_00823,kirana_msme,34963.55,0.2833,0.2148,0.1599,68.8,0.1451,0,5469.02,-4.6,19.41,0.0197,0.081,1.581,0,MSME_KIRANA_SEASONAL
CUST_KIR_00824,kirana_msme,31068.96,0.3916,0.2096,0.1914,35.8,0.1877,0,39.15,-11.47,24.33,0.0218,0.2486,1.595,0,MSME_KIRANA_SEASONAL
CUST_KIR_00825,kirana_msme,35659.04,0.1521,0.2204,0.1172,77.1,0.1039,0,-3886.57,5.08,9.84,0.0216,0.201,1.7657,0,MSME_KIRANA_SEASONAL
CUST_RUR_00826,rural_agri,27465.58,0.6112,0.119,0.1338,17.9,0.1204,3,-1267.33,26.16,4.81,0.0204,0.0787,1.115,0,RURAL_AGRI_ALLIED
CUST_KIR_00827,kirana_msme,60321.87,0.1697,0.2409,0.2437,67.0,0.0938,0,14619.73,-1.68,14.43,0.0073,0.1198,0.9104,0,MSME_KIRANA_SEASONAL
CUST_KIR_00828,kirana_msme,18000.0,0.3105,0.2071,0.2805,32.5,0.0943,1,4760.93,-0.89,5.45,0.0044,0.0553,1.1712,0,MSME_KIRANA_SEASONAL
CUST_GIG_00829,gig_worker,22722.44,0.4125,0.1212,-0.0183,42.2,0.1976,1,-4982.38,5.56,10.94,0.0691,0.0429,1.4068,0,EARLY_CAREER_GIG
CUST_KIR_00830,kirana_msme,33496.96,0.4447,0.0892,0.1852,26.9,0.0978,0,-4320.78,-0.77,12.82,0.0019,0.1276,1.7466,0,MSME_KIRANA_SEASONAL
CUST_SAL_00831,salaried_tier1,53991.93,0.0572,0.3938,0.1187,17.0,0.5442,0,2138.2,16.46,5.26,0.0433,0.0588,2.5122,0,ESTABLISHED_FAMILY_HIGH_DEBT
CUST_KIR_00832,kirana_msme,32687.42,0.3273,0.2731,0.225,30.4,0.1802,0,5815.07,6.55,15.52,0.0255,0.2363,1.2541,0,MSME_KIRANA_SEASONAL
CUST_SAL_00833,salaried_tier1,121719.35,0.0584,0.5238,0.0462,43.8,0.5183,0,-13383.7,9.03,8.82,0.0454,0.0894,2.2924,1,ESTABLISHED_FAMILY_HIGH_DEBT
CUST_SAL_00834,salaried_tier1,61684.19,0.026,0.3681,0.2179,113.8,0.4457,0,-439.69,21.14,6.78,0.0493,0.0796,2.7124,0,ESTABLISHED_FAMILY_HIGH_DEBT
CUST_KIR_00835,kirana_msme,48444.65,0.3667,0.276,0.271,55.6,0.1465,0,619.43,2.92,23.13,0.0279,0.2291,1.2682,0,MSME_KIRANA_SEASONAL
CUST_KIR_00836,kirana_msme,67812.77,0.3186,0.2984,0.1639,70.0,0.1689,0,5161.99,25.78,15.92,0.0123,0.0716,1.657,0,MSME_KIRANA_SEASONAL
CUST_RUR_00837,rural_agri,17940.91,0.4776,0.0385,0.1072,57.8,0.1069,1,682.1,15.06,0.99,0.0365,0.0521,0.8874,0,RURAL_AGRI_ALLIED
CUST_KIR_00838,kirana_msme,54998.14,0.4282,0.2975,0.1953,27.6,0.1189,0,9689.18,-27.39,6.14,0.002,0.1962,0.8277,0,MSME_KIRANA_SEASONAL
CUST_GIG_00839,gig_worker,25263.44,0.3784,0.0531,0.0457,26.5,0.1597,0,-2925.59,14.88,23.9,0.069,0.0491,0.8441,0,EARLY_CAREER_GIG
CUST_GIG_00840,gig_worker,22264.77,0.5854,0.1553,-0.0518,30.6,0.1073,0,-3596.9,-15.82,15.83,0.0427,0.087,0.6169,0,EARLY_CAREER_GIG
CUST_SAL_00841,salaried_tier1,65114.04,0.0805,0.2976,0.2361,53.8,0.3193,0,5492.28,-35.77,3.09,0.0123,0.0808,2.7359,0,EARLY_CAREER_SALARIED
CUST_GIG_00842,gig_worker,28812.02,0.5036,0.1748,0.0739,23.9,0.1816,0,6229.04,23.51,17.16,0.0328,0.0509,1.0101,0,EARLY_CAREER_GIG
CUST_SAL_00843,salaried_tier1,72031.32,0.0476,0.1919,0.3333,104.7,0.1814,0,1328.35,21.92,11.95,0.0312,0.0439,1.9519,0,EARLY_CAREER_SALARIED
CUST_RUR_00844,rural_agri,23285.1,0.3307,0.2297,-0.0757,55.3,0.0889,0,-6602.31,51.0,5.95,0.0325,0.0189,1.1813,0,RURAL_AGRI_ALLIED
CUST_SAL_00845,salaried_tier1,128191.12,0.0215,0.4345,0.235,27.1,0.3781,0,26049.73,26.75,2.85,0.0539,0.0481,2.3872,0,ESTABLISHED_FAMILY_HIGH_DEBT
CUST_KIR_00846,kirana_msme,34989.24,0.3274,0.2923,0.0892,79.7,0.1554,0,1133.93,7.07,10.76,0.0272,0.122,1.082,0,MSME_KIRANA_SEASONAL
CUST_SAL_00847,salaried_tier1,73753.41,0.0713,0.4999,0.2639,26.8,0.3024,0,9162.95,10.98,11.72,0.0615,0.0215,2.0425,0,ESTABLISHED_FAMILY_HIGH_DEBT
CUST_RUR_00848,rural_agri,19772.35,0.4445,0.0878,0.0029,23.0,0.0591,1,707.96,7.67,2.19,0.0093,0.0687,1.1303,0,RURAL_AGRI_ALLIED
CUST_KIR_00849,kirana_msme,41636.39,0.3124,0.2036,0.17,61.9,0.0771,0,1862.94,-12.41,13.65,0.0204,0.1402,1.4581,0,MSME_KIRANA_SEASONAL
CUST_GIG_00850,gig_worker,20440.77,0.5174,0.169,-0.0436,4.9,0.2971,0,-3091.91,-20.59,15.4,0.1556,0.0653,0.714,1,EARLY_CAREER_GIG
CUST_SAL_00851,salaried_tier1,60454.13,0.078,0.3948,-0.0021,32.1,0.4063,0,-11775.84,22.14,7.95,0.0219,0.0511,1.9543,0,ESTABLISHED_FAMILY_HIGH_DEBT
CUST_GIG_00852,gig_worker,29340.55,0.3643,0.037,0.1416,33.1,0.2635,0,3106.42,0.6,22.86,0.0433,0.0981,0.919,0,EARLY_CAREER_GIG
CUST_SAL_00853,salaried_tier1,50776.94,0.0289,0.4026,0.047,44.2,0.5093,0,-8545.48,35.1,9.24,0.0737,0.0225,2.0098,1,ESTABLISHED_FAMILY_HIGH_DEBT
CUST_RUR_00854,rural_agri,26584.84,0.7857,0.2359,-0.0202,17.4,0.1449,0,-5497.98,3.44,4.39,0.0142,0.0287,0.6458,0,RURAL_AGRI_ALLIED
CUST_SAL_00855,salaried_tier1,47096.14,0.0577,0.4009,0.2895,39.1,0.4769,0,10448.15,-3.24,6.31,0.018,0.0914,2.3798,0,ESTABLISHED_FAMILY_HIGH_DEBT
CUST_SAL_00856,salaried_tier1,98200.49,0.0387,0.2235,-0.046,64.5,0.3215,0,-29290.13,3.9,6.29,0.0652,0.0915,1.5697,0,EARLY_CAREER_SALARIED
CUST_SAL_00857,salaried_tier1,25000.0,0.0485,0.4869,0.2486,119.2,0.3954,0,2450.88,20.94,11.97,0.0486,0.09,1.6171,0,ESTABLISHED_FAMILY_HIGH_DEBT
CUST_KIR_00858,kirana_msme,33186.73,0.3877,0.0655,0.0704,40.9,0.1271,0,-2853.63,12.61,24.15,0.0286,0.1059,0.8448,0,MSME_KIRANA_SEASONAL
CUST_GIG_00859,gig_worker,17087.68,0.4465,0.0838,-0.0626,36.9,0.1859,1,-4563.28,14.71,18.67,0.0841,0.0932,0.7703,0,EARLY_CAREER_GIG
CUST_SAL_00860,salaried_tier1,97904.41,0.0953,0.4003,0.0094,86.4,0.192,1,-20856.79,15.7,5.85,0.014,0.0581,2.1717,1,ESTABLISHED_FAMILY_HIGH_DEBT
CUST_GIG_00861,gig_worker,13106.04,0.4814,0.0926,-0.0994,3.8,0.2142,3,-5651.24,13.08,12.22,0.0929,0.127,0.6957,1,EARLY_CAREER_GIG
CUST_KIR_00862,kirana_msme,74102.35,0.2603,0.2455,0.0916,23.4,0.1093,0,5981.26,11.13,15.34,0.0172,0.076,1.5549,0,MSME_KIRANA_SEASONAL
CUST_KIR_00863,kirana_msme,38238.23,0.4393,0.2698,0.2111,46.0,0.1427,0,13821.57,-17.49,11.13,0.0122,0.1648,1.1942,0,MSME_KIRANA_SEASONAL
CUST_KIR_00864,kirana_msme,47879.91,0.1703,0.1421,0.2712,72.9,0.0985,0,17346.67,-22.37,24.22,0.0074,0.0518,0.8766,0,MSME_KIRANA_SEASONAL
CUST_KIR_00865,kirana_msme,66304.07,0.4027,0.1503,0.1575,30.4,0.0571,0,5298.34,-13.6,19.68,0.0162,0.0897,0.8644,0,MSME_KIRANA_SEASONAL
CUST_GIG_00866,gig_worker,33306.02,0.4348,0.0297,0.0671,10.8,0.2425,0,-2217.32,15.02,25.03,0.1505,0.0339,1.0084,0,EARLY_CAREER_GIG
CUST_SAL_00867,salaried_tier1,68747.05,0.0782,0.3987,0.2542,91.2,0.4268,0,7619.98,-0.19,6.02,0.043,0.0917,2.3394,0,ESTABLISHED_FAMILY_HIGH_DEBT
CUST_SAL_00868,salaried_tier1,80117.88,0.0663,0.2216,0.2155,119.0,0.4794,0,7310.32,-1.51,10.76,0.0468,0.1089,1.7705,0,EARLY_CAREER_SALARIED
CUST_RUR_00869,rural_agri,8000.0,0.6576,0.2393,0.1073,53.8,0.0844,2,-116.61,-9.62,4.41,0.0254,0.0538,1.0901,0,RURAL_AGRI_ALLIED
CUST_RUR_00870,rural_agri,32060.09,0.6685,0.1656,0.0641,53.5,0.0839,0,-2390.76,9.68,4.21,0.0425,0.0197,1.0912,0,RURAL_AGRI_ALLIED
CUST_KIR_00871,kirana_msme,53330.69,0.1894,0.2168,0.2723,49.8,0.112,0,14691.64,26.11,22.84,0.0261,0.2496,0.8823,0,MSME_KIRANA_SEASONAL
CUST_SAL_00872,salaried_tier1,81348.06,0.072,0.5105,0.2823,113.5,0.4975,1,4319.5,7.22,10.46,0.0525,0.058,1.5828,0,ESTABLISHED_FAMILY_HIGH_DEBT
CUST_GIG_00873,gig_worker,20165.08,0.5227,0.1824,0.0976,21.9,0.1653,0,-4924.22,0.14,10.22,0.1951,0.0989,0.9352,0,EARLY_CAREER_GIG
CUST_KIR_00874,kirana_msme,70290.1,0.1607,0.2877,0.1188,21.1,0.0615,0,21666.27,0.31,5.83,0.0114,0.1746,0.9378,0,MSME_KIRANA_SEASONAL
CUST_SAL_00875,salaried_tier1,42490.22,0.0605,0.1841,-0.0314,69.6,0.2492,0,-7010.7,13.0,11.15,0.0607,0.1016,2.0511,0,EARLY_CAREER_SALARIED
CUST_SAL_00876,salaried_tier1,43373.4,0.0749,0.548,0.1369,91.0,0.348,0,-860.46,9.6,7.05,0.0357,0.0949,2.0334,0,ESTABLISHED_FAMILY_HIGH_DEBT
CUST_GIG_00877,gig_worker,13337.36,0.5407,0.0609,-0.1341,18.7,0.2387,0,-4835.74,-12.02,21.2,0.1547,0.1377,1.1666,0,EARLY_CAREER_GIG
CUST_GIG_00878,gig_worker,17871.05,0.5356,0.0026,-0.0553,35.8,0.2276,1,-6689.6,5.6,23.66,0.146,0.0828,1.3306,0,EARLY_CAREER_GIG
CUST_SAL_00879,salaried_tier1,53720.32,0.0755,0.5199,0.0215,23.6,0.5026,1,-10220.39,-3.59,5.77,0.0562,0.053,1.8593,1,ESTABLISHED_FAMILY_HIGH_DEBT
CUST_SAL_00880,salaried_tier1,99907.49,0.038,0.2461,0.1799,73.9,0.4575,0,-5472.37,3.52,6.49,0.0723,0.0823,2.3719,0,EARLY_CAREER_SALARIED
CUST_SAL_00881,salaried_tier1,104586.93,0.064,0.4645,0.0631,34.3,0.1716,0,2910.56,9.15,5.26,0.053,0.0252,2.3952,0,ESTABLISHED_FAMILY_HIGH_DEBT
CUST_GIG_00882,gig_worker,33881.0,0.5827,0.1705,-0.0983,23.4,0.2415,1,-11262.27,-6.96,12.56,0.0627,0.1008,1.3062,0,EARLY_CAREER_GIG
CUST_SAL_00883,salaried_tier1,74807.16,0.044,0.2165,0.0091,48.1,0.3871,0,-11866.43,6.91,2.97,0.0303,0.086,1.5269,0,EARLY_CAREER_SALARIED
CUST_SAL_00884,salaried_tier1,62245.52,0.0338,0.1769,0.2185,63.7,0.4824,0,4802.86,-18.13,5.06,0.0636,0.0506,1.6882,0,EARLY_CAREER_SALARIED
CUST_GIG_00885,gig_worker,33851.17,0.5133,0.1029,-0.1231,30.0,0.1142,0,-6560.97,-0.8,23.64,0.1465,0.1106,1.1662,0,EARLY_CAREER_GIG
CUST_SAL_00886,salaried_tier1,66862.31,0.0885,0.3708,-0.0313,117.3,0.4815,0,-15780.87,11.59,6.51,0.036,0.0661,2.6983,1,ESTABLISHED_FAMILY_HIGH_DEBT
CUST_GIG_00887,gig_worker,26347.81,0.5045,0.0375,-0.0988,39.6,0.1723,1,-7261.67,18.43,22.55,0.1115,0.0645,1.0537,0,EARLY_CAREER_GIG
CUST_SAL_00888,salaried_tier1,35554.87,0.0948,0.4686,-0.0277,119.9,0.428,0,-5243.46,-7.02,8.92,0.0646,0.0439,1.8083,1,ESTABLISHED_FAMILY_HIGH_DEBT
CUST_SAL_00889,salaried_tier1,42068.8,0.0283,0.4215,0.2616,67.6,0.2955,0,8577.15,16.75,11.6,0.0638,0.0408,2.0049,0,ESTABLISHED_FAMILY_HIGH_DEBT
CUST_SAL_00890,salaried_tier1,53642.85,0.0848,0.457,0.1521,104.7,0.4504,0,17711.0,7.41,4.66,0.0287,0.1089,2.7433,0,ESTABLISHED_FAMILY_HIGH_DEBT
CUST_GIG_00891,gig_worker,23096.11,0.3123,0.0256,-0.1463,29.5,0.159,0,-8928.23,18.29,11.38,0.1901,0.0684,0.8906,0,EARLY_CAREER_GIG
CUST_RUR_00892,rural_agri,28345.73,0.618,0.2365,-0.0379,59.4,0.1297,1,-716.2,5.58,4.07,0.0029,0.0253,0.9637,0,RURAL_AGRI_ALLIED
CUST_RUR_00893,rural_agri,28404.83,0.5623,0.0033,0.1209,45.3,0.0498,4,-1533.14,-15.86,3.02,0.0057,0.0522,0.6567,0,RURAL_AGRI_ALLIED
CUST_KIR_00894,kirana_msme,49895.72,0.4458,0.1974,0.0638,23.5,0.1825,0,6345.2,12.92,17.36,0.0147,0.2434,1.1459,0,MSME_KIRANA_SEASONAL
CUST_GIG_00895,gig_worker,16865.47,0.489,0.1373,-0.0839,19.6,0.2117,0,-2817.25,23.5,10.66,0.1899,0.1201,0.9375,0,EARLY_CAREER_GIG
CUST_SAL_00896,salaried_tier1,100829.82,0.054,0.2115,0.3406,40.4,0.4371,0,21187.31,7.86,6.42,0.0235,0.065,1.9277,0,EARLY_CAREER_SALARIED
CUST_SAL_00897,salaried_tier1,57263.72,0.0897,0.2241,0.0401,84.4,0.3375,0,-2172.84,21.42,10.06,0.0532,0.0335,1.6666,0,EARLY_CAREER_SALARIED
CUST_RUR_00898,rural_agri,12386.3,0.4864,0.0607,0.0552,51.4,0.0824,0,-309.13,23.62,3.67,0.0283,0.0283,1.1337,0,RURAL_AGRI_ALLIED
CUST_SAL_00899,salaried_tier1,75286.9,0.063,0.3348,0.024,47.1,0.4596,0,-1146.22,18.97,3.48,0.0456,0.0847,2.647,0,EARLY_CAREER_SALARIED
CUST_SAL_00900,salaried_tier1,45168.5,0.0787,0.3122,0.201,95.8,0.3693,0,12568.22,-1.16,6.11,0.0482,0.0662,1.6147,0,EARLY_CAREER_SALARIED
CUST_SAL_00901,salaried_tier1,51692.38,0.0386,0.2872,-0.0216,49.8,0.3343,2,3255.47,33.63,11.02,0.026,0.0391,1.9074,0,EARLY_CAREER_SALARIED
CUST_SAL_00902,salaried_tier1,25000.0,0.077,0.3545,0.0141,108.9,0.2672,0,-3707.04,22.45,11.63,0.0449,0.0816,2.5139,0,ESTABLISHED_FAMILY_HIGH_DEBT
CUST_SAL_00903,salaried_tier1,25000.0,0.0884,0.1701,0.3028,104.5,0.3525,0,844.33,11.34,11.94,0.0178,0.079,1.9703,0,EARLY_CAREER_SALARIED
CUST_GIG_00904,gig_worker,27657.0,0.2967,0.0747,-0.1083,40.0,0.2449,1,-1748.03,10.85,18.14,0.0555,0.0696,1.187,0,EARLY_CAREER_GIG
CUST_KIR_00905,kirana_msme,52432.75,0.3577,0.1648,0.0838,42.0,0.098,0,-6090.26,18.14,21.58,0.0228,0.0873,0.9137,0,MSME_KIRANA_SEASONAL
CUST_RUR_00906,rural_agri,13769.45,0.3788,0.0591,0.0098,48.7,0.1186,3,-257.73,12.84,0.56,0.035,0.0296,0.541,0,RURAL_AGRI_ALLIED
CUST_RUR_00907,rural_agri,20941.95,0.4626,0.1582,0.1502,14.4,0.1417,1,-891.18,12.35,1.64,0.0302,0.0383,1.146,0,RURAL_AGRI_ALLIED
CUST_KIR_00908,kirana_msme,58113.6,0.2631,0.105,0.202,63.7,0.1159,0,5848.09,1.5,19.65,0.0033,0.0924,1.7596,0,MSME_KIRANA_SEASONAL
CUST_SAL_00909,salaried_tier1,87276.68,0.0436,0.3703,0.201,65.5,0.4809,0,19183.59,4.47,10.03,0.0442,0.0581,2.6058,0,ESTABLISHED_FAMILY_HIGH_DEBT
CUST_KIR_00910,kirana_msme,45715.09,0.1926,0.2229,0.134,38.2,0.1935,0,-7479.04,11.62,17.47,0.0252,0.2018,1.5871,0,MSME_KIRANA_SEASONAL
CUST_GIG_00911,gig_worker,28226.98,0.2991,0.108,0.0334,44.9,0.2945,3,-10073.96,5.43,27.83,0.1074,0.1322,0.9135,0,EARLY_CAREER_GIG
CUST_SAL_00912,salaried_tier1,90370.28,0.0341,0.4387,0.1972,24.6,0.1953,0,15588.85,30.15,3.42,0.0427,0.0557,2.4417,0,ESTABLISHED_FAMILY_HIGH_DEBT
CUST_GIG_00913,gig_worker,24250.95,0.4357,0.0796,0.1086,16.9,0.1371,1,5985.14,3.27,24.94,0.0857,0.1142,0.9238,0,EARLY_CAREER_GIG
CUST_KIR_00914,kirana_msme,60840.46,0.4401,0.1652,0.2562,69.0,0.1951,0,5687.08,8.49,19.27,0.0161,0.0533,0.8775,0,MSME_KIRANA_SEASONAL
CUST_GIG_00915,gig_worker,23144.03,0.589,0.1724,0.0349,42.0,0.19,2,-5721.43,-23.98,13.54,0.1858,0.0766,1.0087,1,EARLY_CAREER_GIG
CUST_KIR_00916,kirana_msme,52705.13,0.1652,0.1884,0.1237,29.4,0.1658,0,-2932.88,-21.06,10.5,0.0176,0.1819,1.0237,0,MSME_KIRANA_SEASONAL
CUST_SAL_00917,salaried_tier1,73334.19,0.0701,0.2852,0.2303,103.6,0.3879,0,12402.24,13.86,7.72,0.0319,0.0946,2.4738,0,EARLY_CAREER_SALARIED
CUST_RUR_00918,rural_agri,22529.08,0.5365,0.0481,-0.0701,45.9,0.1364,1,-2543.29,24.37,5.64,0.0495,0.0403,0.6009,0,RURAL_AGRI_ALLIED
CUST_GIG_00919,gig_worker,24506.18,0.5268,0.178,0.1122,44.1,0.1927,2,-2517.68,11.11,16.45,0.0731,0.1282,0.9846,0,EARLY_CAREER_GIG
CUST_SAL_00920,salaried_tier1,64329.53,0.0594,0.1842,0.0547,28.2,0.2397,0,-3656.96,19.33,4.79,0.0411,0.1099,2.7401,0,EARLY_CAREER_SALARIED
CUST_RUR_00921,rural_agri,24984.61,0.7388,0.1607,0.167,34.4,0.0633,3,3276.44,7.32,5.48,0.002,0.0378,0.879,0,RURAL_AGRI_ALLIED
CUST_KIR_00922,kirana_msme,58334.1,0.3828,0.2075,0.2956,68.0,0.1963,0,13881.89,-4.66,14.03,0.0115,0.2065,0.939,0,MSME_KIRANA_SEASONAL
CUST_RUR_00923,rural_agri,22998.98,0.3293,0.0374,0.1237,15.3,0.0583,2,-3929.03,-2.68,2.91,0.0012,0.0343,0.5653,0,RURAL_AGRI_ALLIED
CUST_GIG_00924,gig_worker,19237.65,0.252,0.0817,0.0389,17.0,0.2641,1,-1738.37,-0.02,22.69,0.1899,0.0412,0.9151,0,EARLY_CAREER_GIG
CUST_KIR_00925,kirana_msme,92106.34,0.2402,0.2168,0.2113,60.4,0.0671,0,8595.45,4.5,14.82,0.0277,0.1461,1.1562,0,MSME_KIRANA_SEASONAL
CUST_SAL_00926,salaried_tier1,79606.5,0.0611,0.2499,0.136,74.2,0.5499,0,8638.77,7.89,6.91,0.0348,0.1013,2.4025,0,EARLY_CAREER_SALARIED
CUST_SAL_00927,salaried_tier1,51542.42,0.0746,0.1687,0.0502,52.1,0.4458,0,-3026.04,31.15,8.17,0.0388,0.1122,1.5372,0,EARLY_CAREER_SALARIED
CUST_KIR_00928,kirana_msme,55507.46,0.3663,0.276,0.0585,51.3,0.1519,0,-7332.37,6.38,23.84,0.0131,0.2471,1.2106,0,MSME_KIRANA_SEASONAL
CUST_GIG_00929,gig_worker,23134.79,0.6383,0.0259,0.1188,32.0,0.137,2,7925.16,-8.44,24.28,0.0961,0.1321,0.9864,0,EARLY_CAREER_GIG
CUST_SAL_00930,salaried_tier1,43697.3,0.053,0.2181,-0.0412,37.2,0.3645,0,-3361.05,16.92,4.48,0.058,0.0904,2.1519,0,EARLY_CAREER_SALARIED
CUST_SAL_00931,salaried_tier1,97723.96,0.0422,0.1502,0.2962,101.4,0.1993,0,29879.8,-7.38,8.52,0.0702,0.034,2.3597,0,EARLY_CAREER_SALARIED
CUST_RUR_00932,rural_agri,17996.04,0.7491,0.1318,0.1549,8.3,0.0573,0,918.19,0.38,4.92,0.0193,0.0243,0.7707,0,RURAL_AGRI_ALLIED
CUST_RUR_00933,rural_agri,25473.78,0.3677,0.0357,0.1266,44.7,0.0754,0,4185.47,-8.86,2.08,0.0005,0.0261,0.5085,0,RURAL_AGRI_ALLIED
CUST_KIR_00934,kirana_msme,55261.57,0.2537,0.2193,0.1012,63.3,0.0694,0,957.29,-8.44,16.1,0.0278,0.1168,1.7315,0,MSME_KIRANA_SEASONAL
CUST_SAL_00935,salaried_tier1,80254.65,0.094,0.1602,0.2333,49.7,0.2221,0,27492.0,-18.72,3.37,0.0241,0.0608,2.1566,0,EARLY_CAREER_SALARIED
CUST_SAL_00936,salaried_tier1,72263.8,0.0739,0.1775,-0.0029,111.2,0.402,0,-7492.37,-8.44,6.48,0.0134,0.0388,2.6678,0,EARLY_CAREER_SALARIED
CUST_SAL_00937,salaried_tier1,63576.07,0.0472,0.3371,0.1217,82.7,0.5249,0,-8059.26,12.91,10.53,0.0454,0.0966,1.629,0,EARLY_CAREER_SALARIED
CUST_RUR_00938,rural_agri,20455.51,0.3529,0.2238,0.1377,46.3,0.0344,2,2368.85,20.15,1.72,0.0289,0.0285,0.5966,0,RURAL_AGRI_ALLIED
CUST_SAL_00939,salaried_tier1,74713.8,0.0939,0.2144,0.1888,50.9,0.3338,0,-235.56,-28.82,2.29,0.0787,0.0825,1.9604,0,EARLY_CAREER_SALARIED
CUST_GIG_00940,gig_worker,10000.0,0.394,0.0928,-0.0672,10.6,0.2025,2,-793.39,9.82,8.65,0.072,0.1476,0.7375,1,EARLY_CAREER_GIG
CUST_SAL_00941,salaried_tier1,65884.83,0.0987,0.2685,0.0461,82.0,0.3013,0,2413.02,13.42,8.18,0.0293,0.0251,1.8965,0,EARLY_CAREER_SALARIED
CUST_GIG_00942,gig_worker,21402.66,0.3658,0.178,-0.0981,41.8,0.195,1,-4898.47,-8.06,13.38,0.1929,0.0619,0.6992,0,EARLY_CAREER_GIG
CUST_GIG_00943,gig_worker,20369.95,0.5069,0.0911,0.0161,8.1,0.2565,1,-2900.48,11.32,15.67,0.0417,0.1251,0.6194,0,EARLY_CAREER_GIG
CUST_RUR_00944,rural_agri,17187.29,0.3922,0.0928,0.0567,7.9,0.1158,1,-3966.01,9.28,1.99,0.0452,0.0799,1.0803,0,RURAL_AGRI_ALLIED
CUST_SAL_00945,salaried_tier1,80677.03,0.077,0.5442,0.1665,43.5,0.4235,3,-4396.68,26.11,5.26,0.0479,0.037,1.7304,1,ESTABLISHED_FAMILY_HIGH_DEBT
CUST_SAL_00946,salaried_tier1,80985.95,0.0228,0.4484,0.2071,41.2,0.3529,0,7679.61,-6.76,5.58,0.0538,0.0359,2.6331,0,ESTABLISHED_FAMILY_HIGH_DEBT
CUST_SAL_00947,salaried_tier1,25000.0,0.034,0.4433,0.0947,34.6,0.2828,0,6144.07,35.85,6.82,0.0468,0.0339,2.4444,0,ESTABLISHED_FAMILY_HIGH_DEBT
CUST_RUR_00948,rural_agri,19881.47,0.7004,0.1018,-0.0041,30.5,0.0476,0,-860.92,1.06,0.71,0.0075,0.0188,1.1003,0,RURAL_AGRI_ALLIED
CUST_RUR_00949,rural_agri,27381.96,0.5473,0.2478,-0.0868,17.9,0.0776,0,-2831.59,11.5,3.58,0.0023,0.0386,1.145,0,RURAL_AGRI_ALLIED
CUST_GIG_00950,gig_worker,35643.08,0.5353,0.154,0.0405,13.0,0.2723,1,3152.37,42.81,27.93,0.1664,0.1295,1.2677,0,EARLY_CAREER_GIG
CUST_GIG_00951,gig_worker,30022.53,0.555,0.1442,0.1491,13.9,0.2418,0,-221.38,7.51,11.21,0.1823,0.1015,0.8817,0,EARLY_CAREER_GIG
CUST_GIG_00952,gig_worker,18037.33,0.4026,0.1946,-0.1483,44.4,0.2957,3,-6947.61,5.4,27.28,0.0973,0.0332,1.0289,0,EARLY_CAREER_GIG
CUST_SAL_00953,salaried_tier1,63531.09,0.027,0.4938,0.1864,109.7,0.4253,3,2414.0,10.79,8.39,0.0503,0.0684,2.1628,1,ESTABLISHED_FAMILY_HIGH_DEBT
CUST_RUR_00954,rural_agri,23144.72,0.3955,0.1625,-0.0401,37.1,0.1113,4,-1512.37,10.0,1.0,0.0039,0.0379,0.5214,0,RURAL_AGRI_ALLIED
CUST_KIR_00955,kirana_msme,52217.19,0.2469,0.072,0.0645,79.6,0.1596,0,-51.49,-5.18,12.6,0.0287,0.0628,1.1397,0,MSME_KIRANA_SEASONAL
CUST_KIR_00956,kirana_msme,63223.26,0.3623,0.1837,0.2443,60.7,0.093,0,2110.26,10.72,5.25,0.027,0.1591,1.3891,0,MSME_KIRANA_SEASONAL
CUST_KIR_00957,kirana_msme,25307.4,0.4185,0.247,0.0816,62.7,0.1994,0,-7107.69,5.0,20.38,0.0105,0.1244,1.5859,0,MSME_KIRANA_SEASONAL
CUST_SAL_00958,salaried_tier1,105394.34,0.0822,0.2586,0.0087,45.6,0.353,0,-2495.1,-29.04,2.53,0.0457,0.0568,2.2389,0,EARLY_CAREER_SALARIED
CUST_SAL_00959,salaried_tier1,79481.61,0.0348,0.4225,0.3199,71.6,0.5006,0,14816.81,25.4,6.57,0.0106,0.0643,2.1419,0,ESTABLISHED_FAMILY_HIGH_DEBT
CUST_GIG_00960,gig_worker,18341.31,0.4321,0.155,-0.017,4.1,0.2362,2,-6362.33,-0.5,19.62,0.0577,0.0565,1.0625,1,EARLY_CAREER_GIG
CUST_SAL_00961,salaried_tier1,68877.01,0.0354,0.2564,0.1036,80.4,0.326,0,6723.92,-0.05,4.42,0.0155,0.0224,2.2341,0,EARLY_CAREER_SALARIED
CUST_GIG_00962,gig_worker,31647.01,0.5365,0.1222,0.1058,14.8,0.2747,0,-2443.47,-0.48,16.11,0.0467,0.1471,0.9608,0,EARLY_CAREER_GIG
CUST_SAL_00963,salaried_tier1,56632.4,0.0322,0.1679,0.067,106.0,0.2858,0,-3362.91,-17.58,11.97,0.0263,0.048,2.3394,0,EARLY_CAREER_SALARIED
CUST_KIR_00964,kirana_msme,36469.41,0.271,0.1106,0.2727,84.0,0.1128,0,10526.64,7.39,13.7,0.0189,0.1271,0.9656,0,MSME_KIRANA_SEASONAL
CUST_SAL_00965,salaried_tier1,30681.04,0.0999,0.3859,0.2225,86.7,0.4881,0,5078.04,-20.12,8.66,0.0727,0.0885,1.7863,0,ESTABLISHED_FAMILY_HIGH_DEBT
CUST_KIR_00966,kirana_msme,58322.36,0.3321,0.1229,0.2813,58.6,0.1686,0,16704.35,28.12,22.49,0.0015,0.1525,1.144,0,MSME_KIRANA_SEASONAL
CUST_GIG_00967,gig_worker,16084.82,0.6205,0.1143,-0.1186,11.1,0.2997,0,-4897.7,3.64,16.4,0.1806,0.1206,1.1494,0,EARLY_CAREER_GIG
CUST_SAL_00968,salaried_tier1,64737.77,0.0945,0.3482,0.2277,22.3,0.4481,0,16173.13,15.11,3.19,0.0203,0.0386,1.9568,0,EARLY_CAREER_SALARIED
CUST_GIG_00969,gig_worker,33454.43,0.2831,0.1182,-0.0054,44.1,0.2662,0,-6812.98,-11.74,11.86,0.1256,0.039,1.2976,0,EARLY_CAREER_GIG
CUST_KIR_00970,kirana_msme,43767.85,0.3753,0.1788,0.0716,71.5,0.175,0,8288.71,0.9,20.07,0.0226,0.0811,1.372,0,MSME_KIRANA_SEASONAL
CUST_GIG_00971,gig_worker,30019.8,0.3318,0.0117,0.0138,32.4,0.2996,0,1356.72,4.38,15.64,0.1472,0.1018,1.4067,0,EARLY_CAREER_GIG
CUST_RUR_00972,rural_agri,13991.19,0.6029,0.0722,0.1391,48.9,0.123,1,1449.39,12.72,4.95,0.0093,0.0303,0.6992,0,RURAL_AGRI_ALLIED
CUST_GIG_00973,gig_worker,31125.44,0.4162,0.02,0.1234,24.3,0.1695,0,5668.18,10.99,10.65,0.0989,0.0573,0.7735,0,EARLY_CAREER_GIG
CUST_SAL_00974,salaried_tier1,34018.33,0.0752,0.5306,-0.0051,102.5,0.3836,0,8156.55,32.22,6.82,0.0584,0.0443,1.8863,1,ESTABLISHED_FAMILY_HIGH_DEBT
CUST_SAL_00975,salaried_tier1,92267.83,0.0896,0.3383,0.3392,22.9,0.1513,0,20343.18,8.89,8.29,0.0434,0.0325,2.2814,0,EARLY_CAREER_SALARIED
CUST_SAL_00976,salaried_tier1,76532.87,0.0731,0.3891,0.0312,60.0,0.4284,0,2268.4,14.74,11.54,0.0691,0.0461,1.5242,0,ESTABLISHED_FAMILY_HIGH_DEBT
CUST_GIG_00977,gig_worker,23051.94,0.4325,0.082,0.1007,19.0,0.094,0,-2538.82,24.02,16.18,0.1521,0.0544,0.6385,0,EARLY_CAREER_GIG
CUST_SAL_00978,salaried_tier1,81335.29,0.0748,0.3366,0.0847,80.0,0.5411,0,-15647.84,-5.97,6.64,0.0153,0.0753,2.0093,0,EARLY_CAREER_SALARIED
CUST_KIR_00979,kirana_msme,42994.86,0.2705,0.0764,0.0561,77.7,0.1874,0,-1935.49,17.87,10.56,0.0148,0.1373,1.3393,0,MSME_KIRANA_SEASONAL
CUST_GIG_00980,gig_worker,28373.23,0.4494,0.0936,-0.0008,21.4,0.1664,0,1075.67,-20.14,21.84,0.1509,0.0753,1.0757,0,EARLY_CAREER_GIG
CUST_KIR_00981,kirana_msme,18000.0,0.4169,0.2241,0.2747,69.6,0.1956,0,7034.21,4.35,8.16,0.0016,0.1658,1.7636,0,MSME_KIRANA_SEASONAL
CUST_GIG_00982,gig_worker,23829.12,0.5095,0.063,0.0644,44.0,0.2773,0,-5073.26,-4.31,15.43,0.0971,0.042,0.8941,0,EARLY_CAREER_GIG
CUST_SAL_00983,salaried_tier1,71949.51,0.0512,0.3574,0.0798,80.4,0.1872,0,14513.84,-5.39,2.18,0.0487,0.0778,1.8579,0,ESTABLISHED_FAMILY_HIGH_DEBT
CUST_SAL_00984,salaried_tier1,73381.16,0.0293,0.3544,0.1489,21.3,0.3927,0,11191.46,40.38,4.03,0.0704,0.0543,2.4737,0,ESTABLISHED_FAMILY_HIGH_DEBT
CUST_GIG_00985,gig_worker,29012.04,0.5008,0.0036,0.0325,23.6,0.1231,3,-4553.05,20.99,13.85,0.122,0.068,1.4074,0,EARLY_CAREER_GIG
CUST_KIR_00986,kirana_msme,18000.0,0.4315,0.1776,0.1669,67.1,0.0892,0,1119.86,11.52,18.57,0.0248,0.1042,1.732,0,MSME_KIRANA_SEASONAL
CUST_GIG_00987,gig_worker,16231.89,0.4544,0.0776,-0.1021,40.3,0.298,0,-4219.49,-14.66,25.18,0.1492,0.0353,1.2972,0,EARLY_CAREER_GIG
CUST_KIR_00988,kirana_msme,45757.07,0.232,0.249,0.052,79.0,0.1932,0,-6236.2,15.45,23.67,0.0063,0.2489,1.5336,0,MSME_KIRANA_SEASONAL
CUST_SAL_00989,salaried_tier1,83268.72,0.0723,0.3981,0.232,23.7,0.2923,0,-10052.77,-5.27,3.73,0.0197,0.0566,1.8388,0,ESTABLISHED_FAMILY_HIGH_DEBT
CUST_RUR_00990,rural_agri,13608.41,0.6019,0.1324,0.1947,46.1,0.0991,3,2176.85,9.57,0.58,0.0345,0.0169,0.6086,0,RURAL_AGRI_ALLIED
CUST_GIG_00991,gig_worker,28877.99,0.617,0.0633,-0.0849,7.5,0.1087,0,-10183.2,9.45,16.64,0.0845,0.1148,0.6789,1,EARLY_CAREER_GIG
CUST_GIG_00992,gig_worker,15885.34,0.5339,0.0726,-0.1243,38.4,0.1544,0,-3423.8,27.28,26.04,0.0876,0.0726,1.3843,0,EARLY_CAREER_GIG
CUST_SAL_00993,salaried_tier1,71086.46,0.0962,0.2548,0.3135,114.8,0.2577,0,9578.31,17.09,9.38,0.0658,0.0447,1.8104,0,EARLY_CAREER_SALARIED
CUST_GIG_00994,gig_worker,15127.44,0.2868,0.1151,0.1434,37.6,0.1759,0,-153.96,13.75,11.26,0.112,0.0856,0.8516,0,EARLY_CAREER_GIG
CUST_KIR_00995,kirana_msme,68597.04,0.1884,0.2991,0.2432,81.4,0.1121,0,22543.62,-7.49,8.88,0.0207,0.2306,1.3221,0,MSME_KIRANA_SEASONAL
CUST_SAL_00996,salaried_tier1,100613.77,0.0458,0.4761,0.17,106.2,0.4553,1,18367.48,3.85,4.44,0.0163,0.0642,1.5262,0,ESTABLISHED_FAMILY_HIGH_DEBT
CUST_RUR_00997,rural_agri,15909.67,0.4698,0.2239,0.0277,48.4,0.0584,3,555.99,3.76,4.68,0.0045,0.0445,0.9022,0,RURAL_AGRI_ALLIED
CUST_SAL_00998,salaried_tier1,40317.48,0.0784,0.2238,0.0887,84.6,0.3428,0,-1510.21,-1.25,3.17,0.0597,0.043,2.7496,0,EARLY_CAREER_SALARIED
CUST_RUR_00999,rural_agri,16170.05,0.471,0.2249,0.1225,58.5,0.1019,0,-1220.27,-27.43,2.26,0.0163,0.0571,0.7294,0,RURAL_AGRI_ALLIED
CUST_KIR_01000,kirana_msme,40442.05,0.3856,0.0781,0.2311,47.0,0.061,0,4243.93,13.99,9.72,0.0268,0.0591,1.3796,0,MSME_KIRANA_SEASONAL
CUST_SAL_01001,salaried_tier1,45477.84,0.025,0.4932,0.0755,35.5,0.3564,1,4435.91,-2.42,9.66,0.0501,0.0625,1.5566,0,ESTABLISHED_FAMILY_HIGH_DEBT
CUST_KIR_01002,kirana_msme,48836.76,0.2814,0.1933,0.2364,74.1,0.188,0,10324.71,-10.89,17.79,0.0125,0.1689,1.0934,0,MSME_KIRANA_SEASONAL
CUST_RUR_01003,rural_agri,32474.58,0.6996,0.1233,-0.0504,27.8,0.1244,0,-6086.37,5.72,3.29,0.0121,0.0657,0.9876,0,RURAL_AGRI_ALLIED
CUST_GIG_01004,gig_worker,17986.75,0.5328,0.149,0.0683,20.2,0.219,0,9098.19,-10.54,19.94,0.191,0.0531,0.9794,0,EARLY_CAREER_GIG
CUST_RUR_01005,rural_agri,12392.42,0.7412,0.2071,0.0956,30.2,0.142,2,426.72,-1.31,4.36,0.0283,0.0512,0.8495,0,RURAL_AGRI_ALLIED
CUST_GIG_01006,gig_worker,21365.24,0.5283,0.1906,0.1389,26.3,0.2135,0,-821.18,1.06,9.41,0.0784,0.1102,1.2258,0,EARLY_CAREER_GIG
CUST_GIG_01007,gig_worker,19142.98,0.2752,0.015,-0.0745,10.5,0.2503,0,-1272.87,20.57,11.48,0.1138,0.1126,1.3242,1,EARLY_CAREER_GIG
CUST_RUR_01008,rural_agri,26190.34,0.3389,0.014,-0.03,39.8,0.0612,0,-3457.79,12.84,3.87,0.0124,0.031,0.8212,0,RURAL_AGRI_ALLIED
CUST_SAL_01009,salaried_tier1,91908.7,0.0493,0.2589,0.1317,99.7,0.3325,0,10317.51,-8.55,2.72,0.0132,0.035,2.7854,0,EARLY_CAREER_SALARIED
CUST_KIR_01010,kirana_msme,30479.25,0.4295,0.2174,0.278,88.1,0.1246,0,3357.02,6.86,9.46,0.0213,0.0581,0.9937,0,MSME_KIRANA_SEASONAL
CUST_SAL_01011,salaried_tier1,98407.04,0.0498,0.4724,0.1634,26.1,0.4688,2,20273.55,-0.66,5.91,0.0441,0.0346,1.578,1,ESTABLISHED_FAMILY_HIGH_DEBT
CUST_RUR_01012,rural_agri,23655.74,0.599,0.048,-0.0338,7.6,0.0589,0,-40.05,12.68,2.52,0.0377,0.0408,1.0832,0,RURAL_AGRI_ALLIED
CUST_RUR_01013,rural_agri,27120.34,0.6258,0.106,-0.0316,8.9,0.0943,4,-2118.91,-2.11,2.3,0.0414,0.0638,1.0166,1,RURAL_AGRI_ALLIED
CUST_SAL_01014,salaried_tier1,88059.9,0.095,0.4617,0.1922,40.5,0.3603,0,1054.79,-2.2,5.87,0.0684,0.0582,2.5504,0,ESTABLISHED_FAMILY_HIGH_DEBT
CUST_GIG_01015,gig_worker,38452.56,0.2781,0.1896,0.0221,24.3,0.2647,2,-7924.45,-18.9,26.55,0.041,0.0436,1.07,1,EARLY_CAREER_GIG
CUST_RUR_01016,rural_agri,8000.0,0.5024,0.2057,0.078,59.9,0.1244,0,-575.78,8.84,2.35,0.0422,0.0119,0.685,0,RURAL_AGRI_ALLIED
CUST_SAL_01017,salaried_tier1,40639.19,0.0375,0.495,0.3075,41.9,0.3182,0,11538.98,-7.77,10.14,0.0463,0.1112,2.5023,0,ESTABLISHED_FAMILY_HIGH_DEBT
CUST_GIG_01018,gig_worker,25571.4,0.5918,0.0162,0.1031,15.3,0.2241,0,5659.55,22.59,22.35,0.0927,0.0558,1.1486,0,EARLY_CAREER_GIG
CUST_RUR_01019,rural_agri,10958.12,0.4395,0.2373,0.0078,5.2,0.1238,1,-2087.43,16.54,5.92,0.0304,0.0451,0.59,0,RURAL_AGRI_ALLIED
CUST_SAL_01020,salaried_tier1,50054.47,0.0298,0.4536,0.1882,79.0,0.2374,0,-1439.89,11.64,5.58,0.0661,0.0549,2.4951,0,ESTABLISHED_FAMILY_HIGH_DEBT
CUST_GIG_01021,gig_worker,17728.75,0.5993,0.1137,-0.0345,7.7,0.2883,0,-2584.48,22.99,15.0,0.076,0.1022,0.8546,0,EARLY_CAREER_GIG
CUST_SAL_01022,salaried_tier1,33954.32,0.0987,0.2716,0.0795,118.9,0.2036,0,-2653.89,2.17,7.12,0.0102,0.0575,2.7166,0,EARLY_CAREER_SALARIED
CUST_RUR_01023,rural_agri,16907.11,0.516,0.1392,0.0745,52.1,0.067,2,2439.49,-13.46,2.15,0.0148,0.0353,0.8962,0,RURAL_AGRI_ALLIED
CUST_RUR_01024,rural_agri,19976.17,0.76,0.0116,0.0028,6.3,0.0627,3,-66.33,10.47,2.9,0.0059,0.0392,0.5256,1,RURAL_AGRI_ALLIED
CUST_RUR_01025,rural_agri,13283.71,0.7722,0.1773,0.0265,28.5,0.1402,1,1066.58,5.43,2.79,0.0112,0.0606,0.9945,0,RURAL_AGRI_ALLIED
CUST_KIR_01026,kirana_msme,26361.54,0.3882,0.287,0.2728,42.5,0.1109,0,6225.76,-3.27,15.96,0.0278,0.1572,1.3951,0,MSME_KIRANA_SEASONAL
CUST_RUR_01027,rural_agri,17763.27,0.5343,0.2113,0.0828,38.5,0.0656,2,1392.75,18.29,0.79,0.0096,0.0287,0.6161,0,RURAL_AGRI_ALLIED
CUST_RUR_01028,rural_agri,23737.86,0.3456,0.0368,0.0526,55.7,0.1331,4,-4203.66,7.01,4.22,0.0313,0.0536,0.9553,0,RURAL_AGRI_ALLIED
CUST_KIR_01029,kirana_msme,29212.15,0.3071,0.0821,0.1399,24.4,0.197,0,-6150.62,-7.58,22.83,0.0145,0.0771,1.0585,0,MSME_KIRANA_SEASONAL
CUST_RUR_01030,rural_agri,28399.44,0.593,0.1516,-0.0398,23.9,0.1314,0,-4892.81,21.92,3.16,0.0419,0.0323,1.1006,0,RURAL_AGRI_ALLIED
CUST_SAL_01031,salaried_tier1,53126.88,0.0978,0.1838,-0.0226,77.5,0.4391,2,-1969.91,-1.7,2.25,0.0522,0.049,2.0264,0,EARLY_CAREER_SALARIED
CUST_GIG_01032,gig_worker,22820.97,0.4205,0.1425,0.0437,10.8,0.1254,0,-3315.63,-15.4,21.14,0.1991,0.1083,0.7611,1,EARLY_CAREER_GIG
CUST_SAL_01033,salaried_tier1,80748.97,0.0975,0.3487,0.0661,95.9,0.203,0,-5299.14,4.91,3.25,0.0784,0.1186,2.5646,0,EARLY_CAREER_SALARIED
CUST_SAL_01034,salaried_tier1,78715.9,0.0536,0.2324,0.1195,84.7,0.1784,0,-12713.39,24.61,9.49,0.0548,0.0263,1.5231,0,EARLY_CAREER_SALARIED
CUST_SAL_01035,salaried_tier1,50322.32,0.0236,0.3748,0.1138,96.1,0.3116,0,17317.88,25.02,3.33,0.0198,0.0246,1.6318,0,ESTABLISHED_FAMILY_HIGH_DEBT
CUST_GIG_01036,gig_worker,32682.89,0.5222,0.0679,-0.0414,16.2,0.2367,0,2836.81,14.36,19.92,0.1902,0.1031,0.6117,0,EARLY_CAREER_GIG
CUST_KIR_01037,kirana_msme,72300.52,0.3972,0.1062,0.134,35.7,0.1178,0,2275.23,20.8,12.49,0.0258,0.1531,1.1452,0,MSME_KIRANA_SEASONAL
CUST_GIG_01038,gig_worker,38066.82,0.2843,0.0357,-0.0287,23.8,0.2925,3,-5377.53,26.9,14.31,0.1939,0.1127,1.3661,0,EARLY_CAREER_GIG
CUST_SAL_01039,salaried_tier1,78169.55,0.0491,0.3503,0.3121,81.3,0.3093,0,26396.48,19.38,11.78,0.0406,0.0672,1.8819,0,ESTABLISHED_FAMILY_HIGH_DEBT
CUST_KIR_01040,kirana_msme,68965.12,0.2668,0.0573,0.2827,86.4,0.1924,0,19697.95,0.85,18.69,0.0253,0.1701,1.6152,0,MSME_KIRANA_SEASONAL
CUST_KIR_01041,kirana_msme,44027.86,0.4103,0.0733,0.1335,44.6,0.0577,0,2561.02,26.29,21.76,0.0019,0.1097,0.9932,0,MSME_KIRANA_SEASONAL
CUST_GIG_01042,gig_worker,13719.85,0.5381,0.1622,-0.1084,23.4,0.1347,0,-3736.67,3.48,18.76,0.0668,0.0672,1.2609,0,EARLY_CAREER_GIG
CUST_KIR_01043,kirana_msme,23296.76,0.1733,0.1503,0.1985,40.1,0.1772,0,6358.41,-4.37,7.5,0.0121,0.0579,1.1671,0,MSME_KIRANA_SEASONAL
CUST_GIG_01044,gig_worker,43463.75,0.36,0.1046,0.0027,16.3,0.2626,0,-11340.0,-8.29,26.95,0.1737,0.1479,0.899,1,EARLY_CAREER_GIG
CUST_RUR_01045,rural_agri,25501.96,0.7904,0.1567,0.1645,23.1,0.0788,3,-2169.58,18.06,5.9,0.0387,0.0414,1.0298,0,RURAL_AGRI_ALLIED
CUST_GIG_01046,gig_worker,10780.93,0.4242,0.1033,-0.121,34.2,0.1041,0,-1937.38,-6.29,17.35,0.1731,0.071,1.3242,0,EARLY_CAREER_GIG
CUST_SAL_01047,salaried_tier1,68036.43,0.0961,0.352,0.1387,62.2,0.284,0,5510.46,8.8,2.37,0.0282,0.0413,2.0883,0,ESTABLISHED_FAMILY_HIGH_DEBT
CUST_SAL_01048,salaried_tier1,46914.11,0.0523,0.3383,0.3081,73.8,0.2669,0,6527.52,9.05,3.62,0.0504,0.1111,2.1576,0,EARLY_CAREER_SALARIED
CUST_RUR_01049,rural_agri,13826.04,0.5348,0.188,0.0081,17.9,0.1418,2,-1635.82,-7.54,1.25,0.0072,0.0172,0.9468,1,RURAL_AGRI_ALLIED
CUST_SAL_01050,salaried_tier1,51806.57,0.0769,0.5249,0.3076,21.0,0.2176,0,-2443.61,10.94,3.33,0.0451,0.0981,2.3956,0,ESTABLISHED_FAMILY_HIGH_DEBT
CUST_RUR_01051,rural_agri,8194.59,0.6605,0.1956,0.1802,25.2,0.1123,1,1608.28,-13.32,5.4,0.0002,0.0297,0.8676,0,RURAL_AGRI_ALLIED
CUST_KIR_01052,kirana_msme,48848.66,0.2934,0.2537,0.1627,59.1,0.0504,0,7220.08,-15.4,18.79,0.0144,0.1104,0.9388,0,MSME_KIRANA_SEASONAL
CUST_RUR_01053,rural_agri,19243.38,0.6095,0.0757,0.19,20.5,0.1007,4,4315.03,-1.04,3.45,0.0495,0.0591,1.1168,0,RURAL_AGRI_ALLIED
CUST_GIG_01054,gig_worker,13868.76,0.5542,0.1169,-0.1386,39.9,0.1453,3,-5458.59,-16.33,26.81,0.1679,0.0565,1.4588,1,EARLY_CAREER_GIG
CUST_RUR_01055,rural_agri,23679.94,0.3204,0.2424,0.1756,25.9,0.0919,0,-2324.73,12.48,4.29,0.0139,0.0413,1.1175,0,RURAL_AGRI_ALLIED
CUST_KIR_01056,kirana_msme,45481.73,0.3479,0.1908,0.0674,61.7,0.052,0,4451.52,19.22,11.08,0.0282,0.1,1.7323,0,MSME_KIRANA_SEASONAL
CUST_GIG_01057,gig_worker,23064.03,0.6028,0.008,0.1267,11.2,0.2745,0,5069.55,-6.34,21.43,0.0599,0.1402,1.3495,0,EARLY_CAREER_GIG
CUST_KIR_01058,kirana_msme,45304.08,0.3991,0.0869,0.1869,69.8,0.1791,0,-4392.21,38.96,18.06,0.013,0.0724,1.5846,0,MSME_KIRANA_SEASONAL
CUST_KIR_01059,kirana_msme,61746.46,0.3174,0.1058,0.2856,68.8,0.0855,0,18597.95,21.59,22.75,0.0122,0.0577,1.7219,0,MSME_KIRANA_SEASONAL
CUST_GIG_01060,gig_worker,33474.48,0.2576,0.021,-0.0422,9.5,0.0966,0,-1303.25,-7.66,23.05,0.1689,0.1099,1.3338,0,EARLY_CAREER_GIG
CUST_RUR_01061,rural_agri,14130.48,0.7877,0.2471,0.1385,39.6,0.0924,4,-1051.93,3.9,5.7,0.0158,0.0334,0.9869,0,RURAL_AGRI_ALLIED
CUST_RUR_01062,rural_agri,19079.33,0.7632,0.0842,0.1148,31.6,0.1052,1,1830.09,-7.59,4.31,0.0126,0.0737,1.177,0,RURAL_AGRI_ALLIED
CUST_GIG_01063,gig_worker,15564.18,0.6181,0.1611,-0.1077,35.3,0.2809,0,-4875.15,-11.46,18.95,0.1438,0.0891,1.3427,0,EARLY_CAREER_GIG
CUST_KIR_01064,kirana_msme,36910.31,0.2862,0.1572,0.2431,53.7,0.1683,0,9430.82,-11.76,16.03,0.0284,0.065,0.9916,0,MSME_KIRANA_SEASONAL
CUST_KIR_01065,kirana_msme,35682.98,0.338,0.2213,0.0811,86.1,0.1012,0,-4713.89,25.69,9.46,0.0254,0.2136,1.3242,0,MSME_KIRANA_SEASONAL
CUST_GIG_01066,gig_worker,29447.71,0.3736,0.1688,-0.0848,3.6,0.1391,0,-9316.65,13.96,12.07,0.1597,0.059,1.0575,1,EARLY_CAREER_GIG
CUST_SAL_01067,salaried_tier1,76059.2,0.0509,0.4513,0.3327,17.5,0.3652,0,22448.99,5.87,6.66,0.0503,0.0751,2.2252,0,ESTABLISHED_FAMILY_HIGH_DEBT
CUST_SAL_01068,salaried_tier1,57891.54,0.055,0.3382,0.0615,54.9,0.3894,0,3904.33,-0.46,5.52,0.0321,0.0812,2.3274,0,EARLY_CAREER_SALARIED
CUST_KIR_01069,kirana_msme,56219.93,0.1683,0.1592,0.2783,75.4,0.0958,0,1732.9,33.5,6.45,0.0298,0.224,1.1296,0,MSME_KIRANA_SEASONAL
CUST_SAL_01070,salaried_tier1,45097.89,0.036,0.3378,0.3146,16.0,0.463,0,12836.72,29.22,8.38,0.0581,0.0258,2.1217,0,EARLY_CAREER_SALARIED
CUST_SAL_01071,salaried_tier1,74071.69,0.0329,0.3641,0.3151,16.6,0.4071,0,34484.05,16.57,3.51,0.0396,0.1002,1.5084,0,ESTABLISHED_FAMILY_HIGH_DEBT
CUST_SAL_01072,salaried_tier1,36238.2,0.0611,0.469,0.283,103.9,0.2854,0,4531.98,32.77,9.38,0.0764,0.0214,1.7758,0,ESTABLISHED_FAMILY_HIGH_DEBT
CUST_SAL_01073,salaried_tier1,48587.44,0.0978,0.3961,0.0157,17.2,0.4633,0,-889.31,24.03,7.75,0.0522,0.0887,1.6834,0,ESTABLISHED_FAMILY_HIGH_DEBT
CUST_SAL_01074,salaried_tier1,77163.52,0.0749,0.4224,0.0395,71.2,0.375,0,-2840.14,-3.52,2.34,0.0146,0.0278,2.7959,1,ESTABLISHED_FAMILY_HIGH_DEBT
CUST_RUR_01075,rural_agri,8422.35,0.5287,0.0539,0.1598,37.2,0.1433,1,1570.55,6.2,1.44,0.0495,0.0608,0.5867,0,RURAL_AGRI_ALLIED
CUST_KIR_01076,kirana_msme,19701.45,0.1962,0.26,0.066,40.3,0.096,0,-2487.08,-9.42,5.23,0.009,0.2367,1.3082,0,MSME_KIRANA_SEASONAL
CUST_KIR_01077,kirana_msme,83961.56,0.3926,0.0976,0.2679,73.0,0.1584,0,2716.89,4.69,16.88,0.0259,0.1669,0.8216,0,MSME_KIRANA_SEASONAL
CUST_GIG_01078,gig_worker,31011.21,0.319,0.0056,-0.0275,27.5,0.2353,2,-376.84,19.72,10.22,0.146,0.1481,1.1495,0,EARLY_CAREER_GIG
CUST_SAL_01079,salaried_tier1,77736.37,0.04,0.5315,0.1303,28.6,0.1939,0,10485.88,-7.06,2.94,0.0618,0.0999,2.069,0,ESTABLISHED_FAMILY_HIGH_DEBT
CUST_RUR_01080,rural_agri,13148.42,0.7176,0.0976,-0.0966,24.4,0.0899,3,-5125.77,6.52,1.49,0.0093,0.0214,1.1587,0,RURAL_AGRI_ALLIED
CUST_GIG_01081,gig_worker,20389.19,0.394,0.0548,0.0033,44.1,0.1073,0,-2498.43,8.52,25.54,0.097,0.1139,1.4388,0,EARLY_CAREER_GIG
CUST_SAL_01082,salaried_tier1,68798.14,0.0599,0.2249,0.2035,77.0,0.4108,0,10899.58,18.39,7.95,0.0245,0.0408,2.2133,0,EARLY_CAREER_SALARIED
CUST_KIR_01083,kirana_msme,61315.9,0.2387,0.278,0.2359,47.7,0.0643,0,10794.21,-3.65,11.21,0.0099,0.0879,1.7568,0,MSME_KIRANA_SEASONAL
CUST_RUR_01084,rural_agri,12798.26,0.5169,0.1028,0.0511,49.8,0.1283,2,-3322.03,19.62,4.9,0.006,0.0187,0.5708,0,RURAL_AGRI_ALLIED
CUST_RUR_01085,rural_agri,28793.68,0.4161,0.0418,0.1279,24.0,0.0462,0,2947.72,17.78,5.81,0.0349,0.0472,0.751,0,RURAL_AGRI_ALLIED
CUST_KIR_01086,kirana_msme,23873.65,0.2198,0.2156,0.1753,66.1,0.1529,0,364.6,35.31,15.65,0.0057,0.1765,0.854,0,MSME_KIRANA_SEASONAL
CUST_GIG_01087,gig_worker,30382.22,0.5818,0.1996,0.1015,26.4,0.1226,1,-5022.73,-3.45,12.24,0.0735,0.0479,1.4439,0,EARLY_CAREER_GIG
CUST_SAL_01088,salaried_tier1,25737.71,0.0475,0.2661,0.1322,50.4,0.3692,0,2854.37,33.49,4.94,0.047,0.104,2.3768,0,EARLY_CAREER_SALARIED
CUST_RUR_01089,rural_agri,23778.57,0.6231,0.2308,-0.0493,46.3,0.04,1,-5842.85,-16.03,2.64,0.0422,0.0103,0.8863,0,RURAL_AGRI_ALLIED
CUST_SAL_01090,salaried_tier1,75326.05,0.0866,0.211,0.2022,16.5,0.4892,0,10647.35,11.1,9.31,0.0166,0.0729,2.1905,0,EARLY_CAREER_SALARIED
CUST_RUR_01091,rural_agri,17653.88,0.7504,0.0813,0.1198,45.5,0.0322,0,1503.98,-3.57,5.98,0.0061,0.048,0.5136,0,RURAL_AGRI_ALLIED
CUST_GIG_01092,gig_worker,41366.09,0.3141,0.1557,-0.0602,11.9,0.2028,0,-8318.12,-11.49,25.6,0.1122,0.0731,1.4283,0,EARLY_CAREER_GIG
CUST_GIG_01093,gig_worker,33323.92,0.3743,0.038,-0.0074,5.9,0.2343,0,-2773.44,0.58,14.01,0.1838,0.0409,1.0467,0,EARLY_CAREER_GIG
CUST_KIR_01094,kirana_msme,50322.27,0.1813,0.2579,0.2205,22.3,0.0701,0,9631.06,10.85,19.93,0.0216,0.1819,1.4626,0,MSME_KIRANA_SEASONAL
CUST_SAL_01095,salaried_tier1,76308.07,0.0215,0.2966,0.2415,59.9,0.1599,0,8795.35,-10.84,11.65,0.0486,0.0707,2.3432,0,EARLY_CAREER_SALARIED
CUST_SAL_01096,salaried_tier1,37627.44,0.027,0.4371,0.3078,113.4,0.3972,0,6770.54,17.33,3.1,0.0569,0.0979,2.4631,0,ESTABLISHED_FAMILY_HIGH_DEBT
CUST_SAL_01097,salaried_tier1,74222.22,0.0344,0.512,0.0751,28.7,0.4807,0,-3263.69,-11.24,4.62,0.0719,0.0891,2.5817,1,ESTABLISHED_FAMILY_HIGH_DEBT
CUST_SAL_01098,salaried_tier1,58606.43,0.068,0.3429,0.0295,29.8,0.1993,1,-11870.01,-5.94,11.77,0.0239,0.031,1.541,0,EARLY_CAREER_SALARIED
CUST_GIG_01099,gig_worker,31066.96,0.2692,0.16,-0.0317,9.7,0.1187,2,-2918.49,23.63,25.34,0.1225,0.0347,0.6995,1,EARLY_CAREER_GIG
CUST_KIR_01100,kirana_msme,43677.68,0.408,0.0801,0.2775,79.3,0.1562,0,17069.35,-17.29,18.5,0.0168,0.1211,1.3438,0,MSME_KIRANA_SEASONAL
CUST_SAL_01101,salaried_tier1,30297.64,0.0298,0.2787,0.2908,55.0,0.4492,0,4083.28,-13.36,3.15,0.0197,0.0817,2.0517,0,EARLY_CAREER_SALARIED
CUST_RUR_01102,rural_agri,26861.56,0.3871,0.0048,0.0956,7.9,0.1476,1,-373.09,7.6,2.86,0.0287,0.0163,0.8293,0,RURAL_AGRI_ALLIED
CUST_RUR_01103,rural_agri,20803.07,0.3666,0.0044,0.0892,40.7,0.1,0,-3472.72,15.52,0.81,0.0305,0.0488,0.9224,0,RURAL_AGRI_ALLIED
CUST_RUR_01104,rural_agri,16621.25,0.3245,0.2094,0.0469,49.8,0.0676,0,-519.37,-4.04,5.53,0.0044,0.0703,0.9901,0,RURAL_AGRI_ALLIED
CUST_RUR_01105,rural_agri,16047.56,0.3079,0.1193,-0.0713,15.7,0.1316,1,-3008.84,17.21,1.53,0.0414,0.0708,0.9435,0,RURAL_AGRI_ALLIED
CUST_SAL_01106,salaried_tier1,78565.04,0.0787,0.1922,0.0583,22.0,0.1535,0,3475.57,4.75,4.4,0.0779,0.0797,2.6446,0,EARLY_CAREER_SALARIED
CUST_KIR_01107,kirana_msme,45470.53,0.1747,0.2177,0.2117,35.3,0.1638,0,5427.19,-1.29,5.2,0.0291,0.2003,1.2894,0,MSME_KIRANA_SEASONAL
CUST_GIG_01108,gig_worker,26552.99,0.2736,0.1681,0.1327,31.4,0.1269,0,-1054.57,16.06,20.09,0.1437,0.0965,1.0295,0,EARLY_CAREER_GIG
CUST_GIG_01109,gig_worker,22496.63,0.5602,0.0122,0.0616,37.4,0.2254,0,-3111.56,-13.5,14.84,0.0697,0.1455,0.7621,0,EARLY_CAREER_GIG
CUST_SAL_01110,salaried_tier1,70648.21,0.0428,0.3016,0.0298,117.0,0.3569,1,-3138.92,1.68,10.61,0.0138,0.1182,1.9504,0,EARLY_CAREER_SALARIED
CUST_RUR_01111,rural_agri,24126.44,0.7506,0.0768,0.0397,52.6,0.1234,0,853.2,4.18,0.76,0.0391,0.0245,1.092,0,RURAL_AGRI_ALLIED
CUST_SAL_01112,salaried_tier1,92829.07,0.0636,0.2826,0.0201,95.7,0.31,0,-38138.96,11.91,11.1,0.0595,0.0245,2.3381,0,EARLY_CAREER_SALARIED
CUST_SAL_01113,salaried_tier1,26770.78,0.0465,0.413,0.0419,26.0,0.1609,0,5501.07,-1.99,7.52,0.0305,0.1184,2.0145,0,ESTABLISHED_FAMILY_HIGH_DEBT
CUST_KIR_01114,kirana_msme,40723.57,0.1645,0.1899,0.2378,33.7,0.1052,0,3301.3,3.34,20.6,0.0019,0.123,1.6395,0,MSME_KIRANA_SEASONAL
CUST_GIG_01115,gig_worker,10000.0,0.4885,0.1956,0.1493,35.5,0.1689,0,965.44,5.18,27.71,0.1503,0.0839,0.9211,0,EARLY_CAREER_GIG
CUST_GIG_01116,gig_worker,23126.8,0.323,0.0044,-0.0436,41.6,0.2992,3,-2336.18,-4.19,19.16,0.1304,0.0947,1.2565,1,EARLY_CAREER_GIG
CUST_SAL_01117,salaried_tier1,50605.18,0.0413,0.4844,0.3115,71.6,0.1627,1,12850.05,19.02,6.14,0.0519,0.063,2.4127,0,ESTABLISHED_FAMILY_HIGH_DEBT
CUST_RUR_01118,rural_agri,16181.32,0.3056,0.0568,-0.0002,6.7,0.1029,1,-2605.68,-2.64,3.77,0.0499,0.0761,0.5679,0,RURAL_AGRI_ALLIED
CUST_SAL_01119,salaried_tier1,45337.31,0.0619,0.4144,0.2496,40.8,0.2787,0,369.47,-6.24,12.0,0.0645,0.1175,1.9716,0,ESTABLISHED_FAMILY_HIGH_DEBT
CUST_SAL_01120,salaried_tier1,62436.64,0.0533,0.4813,0.136,46.0,0.4599,1,-16046.47,-16.59,8.68,0.0141,0.0729,2.0466,1,ESTABLISHED_FAMILY_HIGH_DEBT
CUST_RUR_01121,rural_agri,22242.89,0.3697,0.1811,0.0544,11.2,0.1082,1,-258.08,-9.36,5.6,0.0261,0.0793,0.8609,0,RURAL_AGRI_ALLIED
CUST_RUR_01122,rural_agri,9656.21,0.5986,0.1733,0.0405,10.4,0.0862,0,-718.02,39.78,4.85,0.0481,0.0204,0.9775,1,RURAL_AGRI_ALLIED
CUST_RUR_01123,rural_agri,20428.0,0.3728,0.1091,0.0964,43.5,0.1336,0,1586.99,22.37,0.83,0.0492,0.07,1.1661,0,RURAL_AGRI_ALLIED
CUST_RUR_01124,rural_agri,8758.29,0.7301,0.1114,0.1087,40.9,0.0684,0,331.83,-2.66,4.88,0.0293,0.0277,0.7397,0,RURAL_AGRI_ALLIED
CUST_GIG_01125,gig_worker,25221.38,0.55,0.0884,-0.1047,36.9,0.1814,0,-4677.97,-20.32,13.84,0.0383,0.1383,1.2471,0,EARLY_CAREER_GIG
CUST_GIG_01126,gig_worker,27576.0,0.2501,0.1376,0.0801,11.8,0.1877,0,583.45,-4.45,24.95,0.0484,0.128,1.2721,0,EARLY_CAREER_GIG
CUST_SAL_01127,salaried_tier1,69907.28,0.0696,0.4159,0.1745,105.0,0.3939,1,11444.32,3.21,3.71,0.0739,0.0882,2.257,0,ESTABLISHED_FAMILY_HIGH_DEBT
CUST_KIR_01128,kirana_msme,54847.59,0.392,0.2916,0.1636,75.0,0.1876,0,-5152.58,16.54,17.16,0.0291,0.2475,1.0427,0,MSME_KIRANA_SEASONAL
CUST_KIR_01129,kirana_msme,35471.08,0.4359,0.0838,0.0978,49.4,0.1384,0,-3269.85,29.61,23.41,0.0275,0.1284,1.092,0,MSME_KIRANA_SEASONAL
CUST_SAL_01130,salaried_tier1,43413.11,0.0531,0.2892,0.0442,63.1,0.4246,0,5638.1,25.29,5.75,0.0635,0.0207,2.5125,0,EARLY_CAREER_SALARIED
CUST_GIG_01131,gig_worker,19619.99,0.5079,0.1814,0.0199,36.6,0.2958,1,3748.73,0.97,8.75,0.0937,0.0979,1.116,0,EARLY_CAREER_GIG
CUST_KIR_01132,kirana_msme,37321.97,0.2958,0.2506,0.1241,26.8,0.128,0,7822.19,6.64,24.37,0.0017,0.1683,1.5972,0,MSME_KIRANA_SEASONAL
CUST_SAL_01133,salaried_tier1,40646.11,0.0507,0.384,0.2401,81.7,0.4356,0,6084.12,-3.64,3.44,0.0214,0.0363,2.4459,0,ESTABLISHED_FAMILY_HIGH_DEBT
CUST_SAL_01134,salaried_tier1,86673.72,0.0669,0.234,0.0636,111.6,0.3209,0,-3821.85,-8.73,5.78,0.0256,0.0886,2.0979,0,EARLY_CAREER_SALARIED
CUST_GIG_01135,gig_worker,26469.11,0.6183,0.0322,-0.0588,39.1,0.1237,0,-3006.24,-1.07,14.53,0.1005,0.0836,1.3837,0,EARLY_CAREER_GIG
CUST_SAL_01136,salaried_tier1,73622.31,0.0622,0.2802,0.0475,80.5,0.3288,1,3707.59,-17.64,7.12,0.0392,0.0989,2.1391,0,EARLY_CAREER_SALARIED
CUST_RUR_01137,rural_agri,20942.35,0.5958,0.1527,0.1157,22.2,0.0341,2,2935.03,5.52,4.47,0.0041,0.0363,0.5902,0,RURAL_AGRI_ALLIED
CUST_KIR_01138,kirana_msme,29580.09,0.2615,0.2826,0.1606,76.2,0.1891,1,3493.16,3.15,11.35,0.0289,0.2125,1.6983,0,MSME_KIRANA_SEASONAL
CUST_KIR_01139,kirana_msme,18000.0,0.402,0.0718,0.1542,46.3,0.1025,0,1012.33,-21.62,8.46,0.0192,0.2339,1.0101,0,MSME_KIRANA_SEASONAL
CUST_GIG_01140,gig_worker,25386.91,0.6386,0.0698,-0.0627,28.3,0.2506,0,-5131.78,12.52,22.33,0.1933,0.0498,1.1671,0,EARLY_CAREER_GIG
CUST_RUR_01141,rural_agri,32424.94,0.4979,0.0315,0.0467,33.7,0.0542,3,-2231.54,3.48,2.75,0.0077,0.0475,0.6592,0,RURAL_AGRI_ALLIED
CUST_KIR_01142,kirana_msme,54264.31,0.2522,0.0619,0.2664,31.9,0.1896,0,16988.81,-14.9,19.84,0.0263,0.1241,1.1404,0,MSME_KIRANA_SEASONAL
CUST_GIG_01143,gig_worker,24697.37,0.3491,0.037,-0.0809,14.1,0.1306,1,-2996.49,-2.28,15.75,0.1363,0.0649,0.7043,0,EARLY_CAREER_GIG
CUST_GIG_01144,gig_worker,11689.43,0.4812,0.1046,-0.0057,16.2,0.1103,1,-2275.88,16.89,26.88,0.04,0.1188,1.3919,0,EARLY_CAREER_GIG
CUST_SAL_01145,salaried_tier1,71384.65,0.0481,0.4576,0.2953,53.3,0.3602,0,9470.82,10.35,5.61,0.0228,0.1094,2.042,0,ESTABLISHED_FAMILY_HIGH_DEBT
CUST_RUR_01146,rural_agri,15187.99,0.7087,0.0691,0.1767,44.0,0.1242,0,2063.89,26.54,5.02,0.0431,0.012,0.9079,0,RURAL_AGRI_ALLIED
CUST_GIG_01147,gig_worker,19074.11,0.2928,0.1525,0.1047,27.7,0.1155,0,3050.46,-9.36,19.0,0.1406,0.1276,1.2307,0,EARLY_CAREER_GIG
CUST_GIG_01148,gig_worker,23537.48,0.4961,0.1867,0.1295,27.0,0.1455,3,2661.4,4.37,16.17,0.1252,0.0799,1.2127,0,EARLY_CAREER_GIG
CUST_RUR_01149,rural_agri,21546.88,0.7122,0.1805,0.1565,26.3,0.0438,2,2111.32,16.7,1.2,0.0058,0.0211,0.8487,0,RURAL_AGRI_ALLIED
CUST_RUR_01150,rural_agri,22225.52,0.4406,0.1982,0.0466,45.2,0.0758,0,-2235.12,32.58,0.69,0.0487,0.0554,1.089,0,RURAL_AGRI_ALLIED
CUST_GIG_01151,gig_worker,23295.97,0.644,0.0471,0.0667,21.3,0.2235,0,-3737.77,28.19,27.6,0.0632,0.1064,1.0234,0,EARLY_CAREER_GIG
CUST_RUR_01152,rural_agri,19329.73,0.3085,0.225,0.1481,14.6,0.0796,2,6550.2,-14.34,5.73,0.045,0.0211,1.186,0,RURAL_AGRI_ALLIED
CUST_GIG_01153,gig_worker,38456.2,0.3543,0.0046,-0.1076,21.5,0.142,1,-10426.02,-1.88,26.35,0.1822,0.1391,0.696,0,EARLY_CAREER_GIG
CUST_GIG_01154,gig_worker,15019.66,0.6451,0.0666,0.0256,35.7,0.2825,1,-1439.34,6.61,17.32,0.1329,0.0413,1.2071,0,EARLY_CAREER_GIG
CUST_GIG_01155,gig_worker,31273.8,0.5928,0.1632,-0.1316,13.4,0.2726,2,-7362.52,-3.47,16.8,0.0598,0.1462,1.0123,1,EARLY_CAREER_GIG
CUST_GIG_01156,gig_worker,14005.38,0.6255,0.0022,-0.1483,24.2,0.1874,0,-2217.39,5.88,16.23,0.1814,0.0311,1.0451,0,EARLY_CAREER_GIG
CUST_SAL_01157,salaried_tier1,33589.76,0.0441,0.2481,0.2101,73.1,0.1812,0,4603.37,13.69,2.81,0.0723,0.0778,2.5285,0,EARLY_CAREER_SALARIED
CUST_RUR_01158,rural_agri,13992.64,0.3105,0.0127,0.0828,38.8,0.09,0,183.11,14.85,3.34,0.001,0.0298,0.8722,0,RURAL_AGRI_ALLIED
CUST_RUR_01159,rural_agri,11935.58,0.4113,0.1846,0.1712,17.9,0.051,1,4028.16,19.56,4.62,0.0142,0.0394,1.1839,0,RURAL_AGRI_ALLIED
CUST_SAL_01160,salaried_tier1,78259.08,0.042,0.5252,0.2113,116.9,0.382,0,22068.83,22.23,5.37,0.0775,0.0222,2.557,0,ESTABLISHED_FAMILY_HIGH_DEBT
CUST_RUR_01161,rural_agri,29729.49,0.7331,0.1508,0.1448,22.2,0.0574,0,2632.15,21.65,1.53,0.034,0.0376,0.9744,0,RURAL_AGRI_ALLIED
CUST_SAL_01162,salaried_tier1,70745.13,0.0837,0.5118,0.22,45.5,0.4979,0,10679.98,3.23,9.11,0.0707,0.1176,2.0518,0,ESTABLISHED_FAMILY_HIGH_DEBT
CUST_KIR_01163,kirana_msme,30968.47,0.2243,0.2706,0.1402,63.4,0.1499,0,548.16,19.66,11.1,0.0135,0.123,0.9828,0,MSME_KIRANA_SEASONAL
CUST_GIG_01164,gig_worker,31722.36,0.3395,0.1545,-0.0131,7.5,0.1401,0,-5946.31,22.08,9.46,0.1421,0.1159,1.2744,1,EARLY_CAREER_GIG
CUST_SAL_01165,salaried_tier1,75317.48,0.0953,0.3943,0.1945,92.3,0.2833,0,-3987.22,21.25,2.11,0.0709,0.0419,2.6911,0,ESTABLISHED_FAMILY_HIGH_DEBT
CUST_RUR_01166,rural_agri,18422.88,0.6282,0.0976,0.0052,28.7,0.1192,1,-227.12,-16.63,4.6,0.001,0.0541,1.0698,0,RURAL_AGRI_ALLIED
CUST_RUR_01167,rural_agri,20373.91,0.7428,0.1782,0.0659,46.5,0.0346,0,2513.28,33.31,2.91,0.0118,0.0789,0.5583,0,RURAL_AGRI_ALLIED
CUST_KIR_01168,kirana_msme,30845.97,0.2506,0.2247,0.1684,56.2,0.1388,0,-2224.41,-7.64,20.54,0.0169,0.1838,0.8904,0,MSME_KIRANA_SEASONAL
CUST_SAL_01169,salaried_tier1,71900.54,0.0592,0.2379,0.153,19.2,0.5119,0,3800.12,17.72,8.1,0.0506,0.1197,2.4436,0,EARLY_CAREER_SALARIED
CUST_SAL_01170,salaried_tier1,76116.13,0.0862,0.5494,0.1853,36.5,0.3515,0,7071.41,-11.99,2.01,0.0454,0.0435,2.5067,0,ESTABLISHED_FAMILY_HIGH_DEBT
CUST_GIG_01171,gig_worker,26936.49,0.3462,0.019,-0.1292,24.2,0.2212,0,-6726.68,-11.43,9.22,0.1757,0.128,1.2212,0,EARLY_CAREER_GIG
CUST_RUR_01172,rural_agri,14879.15,0.457,0.0296,0.0365,35.4,0.0553,0,-238.79,-5.57,0.61,0.0487,0.0255,1.0035,0,RURAL_AGRI_ALLIED
CUST_GIG_01173,gig_worker,22665.51,0.4567,0.1709,0.0697,6.3,0.126,0,-2606.84,16.94,17.14,0.1973,0.0918,0.7048,0,EARLY_CAREER_GIG
CUST_SAL_01174,salaried_tier1,59073.8,0.0803,0.5025,0.0186,51.4,0.538,0,-1268.1,-13.71,7.64,0.0383,0.069,1.8674,1,ESTABLISHED_FAMILY_HIGH_DEBT
CUST_GIG_01175,gig_worker,31225.43,0.5996,0.0311,0.0969,13.7,0.174,2,2480.22,10.14,11.94,0.0572,0.0868,1.0091,0,EARLY_CAREER_GIG
CUST_KIR_01176,kirana_msme,51675.64,0.1729,0.2825,0.1491,84.5,0.0614,0,4266.98,-23.61,24.94,0.0231,0.1265,1.5357,0,MSME_KIRANA_SEASONAL
CUST_GIG_01177,gig_worker,18345.94,0.3388,0.1098,0.1218,41.3,0.092,0,-1250.39,27.42,13.1,0.0461,0.0766,0.8206,0,EARLY_CAREER_GIG
CUST_SAL_01178,salaried_tier1,25000.0,0.0765,0.4806,0.0885,24.0,0.2685,0,1345.71,-12.48,3.56,0.0424,0.0421,2.1076,0,ESTABLISHED_FAMILY_HIGH_DEBT
CUST_GIG_01179,gig_worker,17904.35,0.5156,0.1223,-0.008,20.6,0.2752,0,-1309.23,10.29,14.58,0.1611,0.14,0.9585,0,EARLY_CAREER_GIG
CUST_KIR_01180,kirana_msme,50078.92,0.4152,0.2605,0.2864,57.6,0.051,0,10500.87,1.83,13.71,0.0135,0.1301,1.3446,0,MSME_KIRANA_SEASONAL
CUST_RUR_01181,rural_agri,8000.0,0.6805,0.177,-0.0014,10.6,0.0618,0,-838.52,11.88,1.94,0.0319,0.0768,0.7063,0,RURAL_AGRI_ALLIED
CUST_KIR_01182,kirana_msme,55565.08,0.2742,0.1312,0.2616,83.4,0.1178,0,14833.38,32.72,10.7,0.0003,0.211,1.5925,0,MSME_KIRANA_SEASONAL
CUST_GIG_01183,gig_worker,23632.56,0.4513,0.0581,-0.0584,36.5,0.1788,0,-1335.41,-11.15,17.46,0.109,0.1084,0.6851,0,EARLY_CAREER_GIG
CUST_RUR_01184,rural_agri,25355.02,0.3797,0.1724,0.0782,46.2,0.0481,3,-500.83,-1.88,5.16,0.0123,0.0618,0.9347,0,RURAL_AGRI_ALLIED
CUST_SAL_01185,salaried_tier1,102314.32,0.0275,0.4442,-0.0328,35.0,0.4157,0,-27675.33,0.53,10.68,0.0538,0.1019,2.7634,1,ESTABLISHED_FAMILY_HIGH_DEBT
CUST_RUR_01186,rural_agri,16480.17,0.5067,0.1396,0.1142,6.7,0.0649,1,1048.48,10.1,4.76,0.0326,0.0264,0.7502,0,RURAL_AGRI_ALLIED
CUST_GIG_01187,gig_worker,13602.5,0.3805,0.0606,-0.1176,26.0,0.248,0,-3265.39,21.68,10.55,0.1041,0.1031,1.3437,0,EARLY_CAREER_GIG
CUST_SAL_01188,salaried_tier1,86794.98,0.0275,0.4281,0.2399,119.3,0.4273,0,25597.82,-5.03,10.68,0.0798,0.0979,2.1693,0,ESTABLISHED_FAMILY_HIGH_DEBT
CUST_KIR_01189,kirana_msme,59133.45,0.3827,0.0811,0.2134,40.7,0.164,0,13976.51,9.51,10.9,0.0003,0.1767,1.484,0,MSME_KIRANA_SEASONAL
CUST_GIG_01190,gig_worker,28185.17,0.3914,0.1801,0.0862,6.1,0.1696,0,-2384.37,28.15,16.21,0.1464,0.1023,1.3067,0,EARLY_CAREER_GIG
CUST_SAL_01191,salaried_tier1,63853.29,0.0456,0.3238,0.0177,67.1,0.4153,0,-8406.14,17.69,2.66,0.0713,0.1139,2.3655,0,EARLY_CAREER_SALARIED
CUST_GIG_01192,gig_worker,25193.63,0.2977,0.0816,-0.0529,27.6,0.1463,0,-4946.59,18.0,25.22,0.1378,0.0558,0.9306,0,EARLY_CAREER_GIG
CUST_KIR_01193,kirana_msme,55809.16,0.3447,0.137,0.1235,53.3,0.0822,0,-13992.22,24.04,11.08,0.0096,0.2424,0.8621,0,MSME_KIRANA_SEASONAL
CUST_GIG_01194,gig_worker,26432.54,0.3264,0.081,0.0116,38.4,0.0933,0,1359.18,18.79,27.56,0.1672,0.0631,1.2453,0,EARLY_CAREER_GIG
CUST_SAL_01195,salaried_tier1,85445.16,0.0923,0.1894,-0.0081,98.6,0.2509,0,-3401.65,-4.23,10.2,0.0189,0.0872,2.0216,0,EARLY_CAREER_SALARIED
CUST_RUR_01196,rural_agri,13372.43,0.5616,0.046,-0.0156,33.4,0.1182,0,-265.77,5.19,5.6,0.0215,0.0757,0.7077,0,RURAL_AGRI_ALLIED
CUST_RUR_01197,rural_agri,25489.0,0.3797,0.063,0.1355,28.9,0.0542,1,-1162.86,23.83,1.19,0.0138,0.0255,1.0129,0,RURAL_AGRI_ALLIED
CUST_RUR_01198,rural_agri,25682.67,0.3031,0.0355,-0.033,20.0,0.0476,0,452.74,16.44,4.63,0.0394,0.0502,0.5526,0,RURAL_AGRI_ALLIED
CUST_GIG_01199,gig_worker,10000.0,0.4414,0.1025,-0.0298,42.1,0.2437,0,-766.04,7.02,21.77,0.0538,0.073,1.127,0,EARLY_CAREER_GIG
CUST_SAL_01200,salaried_tier1,59484.83,0.0615,0.3691,0.0838,81.2,0.1775,0,-3038.5,-9.02,2.62,0.0717,0.0342,2.2102,0,ESTABLISHED_FAMILY_HIGH_DEBT
CUST_GIG_01201,gig_worker,33577.34,0.4498,0.1451,0.0016,27.9,0.2474,0,-5455.25,-6.43,23.78,0.1913,0.0752,1.1541,0,EARLY_CAREER_GIG
CUST_SAL_01202,salaried_tier1,43595.23,0.0868,0.3554,0.2424,17.0,0.3358,1,-3107.44,-21.85,2.32,0.0403,0.0904,1.7916,0,ESTABLISHED_FAMILY_HIGH_DEBT
CUST_SAL_01203,salaried_tier1,42013.8,0.0802,0.2112,0.1083,83.9,0.4813,0,4465.87,34.56,5.59,0.0186,0.0417,2.4382,0,EARLY_CAREER_SALARIED
CUST_KIR_01204,kirana_msme,58879.36,0.381,0.1399,0.0949,34.3,0.0518,0,9270.28,-1.88,11.43,0.0188,0.2289,0.8917,0,MSME_KIRANA_SEASONAL
CUST_KIR_01205,kirana_msme,40872.26,0.4413,0.1874,0.0956,78.9,0.1093,0,-1787.87,7.95,12.86,0.0151,0.2285,1.0607,0,MSME_KIRANA_SEASONAL
CUST_GIG_01206,gig_worker,19419.45,0.6403,0.1216,0.0843,21.9,0.197,0,-3507.13,-9.37,25.03,0.1163,0.0877,1.2326,0,EARLY_CAREER_GIG
CUST_GIG_01207,gig_worker,21720.56,0.5703,0.1431,0.0873,42.3,0.2171,2,785.53,16.72,20.53,0.1613,0.0626,0.7509,0,EARLY_CAREER_GIG
CUST_KIR_01208,kirana_msme,37283.75,0.3545,0.1261,0.2348,52.4,0.1396,0,9097.95,3.99,8.56,0.0023,0.1736,0.962,0,MSME_KIRANA_SEASONAL
CUST_SAL_01209,salaried_tier1,52576.6,0.0417,0.2428,0.1096,38.6,0.291,0,3577.67,2.72,2.81,0.0546,0.0677,2.2943,0,EARLY_CAREER_SALARIED
CUST_RUR_01210,rural_agri,25606.38,0.4108,0.2258,0.0474,42.3,0.0475,0,1492.96,2.13,2.25,0.025,0.0362,0.9103,0,RURAL_AGRI_ALLIED
CUST_KIR_01211,kirana_msme,18000.0,0.1782,0.1051,0.1059,85.5,0.1149,0,-1839.41,-27.5,6.58,0.0177,0.0873,0.9388,0,MSME_KIRANA_SEASONAL
CUST_KIR_01212,kirana_msme,35994.65,0.2875,0.2303,0.1583,75.5,0.1493,0,6489.56,4.03,24.34,0.0198,0.231,1.304,0,MSME_KIRANA_SEASONAL
CUST_SAL_01213,salaried_tier1,62048.19,0.0974,0.1888,0.3111,61.7,0.1795,1,17737.04,-13.47,2.22,0.0195,0.0859,1.8275,0,EARLY_CAREER_SALARIED
CUST_GIG_01214,gig_worker,19068.29,0.3459,0.0393,0.0158,39.7,0.1924,0,-836.82,13.3,23.95,0.0525,0.0387,1.1071,0,EARLY_CAREER_GIG
CUST_GIG_01215,gig_worker,30698.15,0.3498,0.0664,0.1398,13.1,0.2784,0,9760.1,-0.7,17.35,0.1913,0.0802,0.711,0,EARLY_CAREER_GIG
CUST_SAL_01216,salaried_tier1,93623.64,0.0937,0.3443,0.2059,15.3,0.2513,0,12611.38,-6.25,4.8,0.0325,0.1169,1.6215,0,EARLY_CAREER_SALARIED
CUST_SAL_01217,salaried_tier1,115783.85,0.0244,0.4368,-0.0101,29.7,0.2139,1,-17656.77,-13.3,8.55,0.0489,0.0493,2.3882,1,ESTABLISHED_FAMILY_HIGH_DEBT
CUST_GIG_01218,gig_worker,26301.86,0.3018,0.0381,0.0953,30.7,0.2188,0,-2722.04,22.26,21.81,0.1558,0.0912,0.9567,0,EARLY_CAREER_GIG
CUST_GIG_01219,gig_worker,29107.55,0.272,0.1148,0.1202,35.8,0.253,0,11056.13,17.64,12.66,0.0837,0.0995,0.9226,0,EARLY_CAREER_GIG
CUST_SAL_01220,salaried_tier1,29910.86,0.0276,0.5067,-0.0455,15.2,0.4807,3,-6141.54,9.02,2.15,0.0259,0.1172,2.4452,1,ESTABLISHED_FAMILY_HIGH_DEBT
CUST_RUR_01221,rural_agri,19403.36,0.3109,0.2484,-0.045,44.1,0.0486,1,-3387.27,7.22,4.72,0.0292,0.016,0.5564,0,RURAL_AGRI_ALLIED
CUST_SAL_01222,salaried_tier1,32676.07,0.0816,0.2557,0.2409,102.9,0.4637,0,4305.41,14.45,6.13,0.0444,0.0367,2.0221,0,EARLY_CAREER_SALARIED
CUST_KIR_01223,kirana_msme,64841.14,0.3052,0.1077,0.2158,75.8,0.0979,0,8527.62,29.05,11.84,0.0273,0.2323,0.9469,0,MSME_KIRANA_SEASONAL
CUST_RUR_01224,rural_agri,38929.07,0.5078,0.018,0.0268,48.5,0.1266,3,-5032.44,4.89,3.4,0.0054,0.0241,0.536,1,RURAL_AGRI_ALLIED
CUST_KIR_01225,kirana_msme,71409.42,0.19,0.1315,0.0661,65.6,0.1956,0,-9619.94,-30.36,21.91,0.0257,0.1654,1.7746,0,MSME_KIRANA_SEASONAL
CUST_GIG_01226,gig_worker,19548.6,0.2725,0.1896,-0.1489,44.0,0.2403,0,-3784.92,-3.67,24.36,0.0717,0.1225,1.228,0,EARLY_CAREER_GIG
CUST_KIR_01227,kirana_msme,33484.06,0.4153,0.113,0.1633,64.7,0.1816,0,7928.5,25.27,22.34,0.0093,0.0659,1.1735,0,MSME_KIRANA_SEASONAL
CUST_SAL_01228,salaried_tier1,69718.55,0.0676,0.5214,0.0646,44.3,0.3262,0,-6039.61,3.23,8.42,0.0631,0.102,2.4572,0,ESTABLISHED_FAMILY_HIGH_DEBT
CUST_RUR_01229,rural_agri,21003.95,0.7085,0.1192,0.1352,56.2,0.1179,2,5287.02,-23.16,1.63,0.0487,0.0585,0.547,0,RURAL_AGRI_ALLIED
CUST_KIR_01230,kirana_msme,43087.38,0.2997,0.1029,0.0933,55.6,0.1379,0,-2584.68,4.24,23.01,0.0142,0.2215,1.3874,0,MSME_KIRANA_SEASONAL
CUST_RUR_01231,rural_agri,8078.31,0.4632,0.1602,-0.0994,58.2,0.0578,3,187.29,10.34,1.81,0.0117,0.0797,0.5763,0,RURAL_AGRI_ALLIED
CUST_SAL_01232,salaried_tier1,76852.61,0.0915,0.3236,0.1793,116.6,0.543,0,4985.37,13.56,5.02,0.036,0.0365,2.6016,0,EARLY_CAREER_SALARIED
CUST_SAL_01233,salaried_tier1,33393.81,0.0522,0.2993,0.3449,104.6,0.3052,1,8432.39,-11.39,8.68,0.0777,0.059,1.9454,0,EARLY_CAREER_SALARIED
CUST_SAL_01234,salaried_tier1,79234.94,0.0983,0.3313,0.3251,111.0,0.2515,0,2530.79,-0.42,7.18,0.0167,0.1194,2.3363,0,EARLY_CAREER_SALARIED
CUST_GIG_01235,gig_worker,17357.83,0.4481,0.1862,0.119,17.2,0.1969,1,778.43,-3.32,9.3,0.1159,0.1022,0.906,0,EARLY_CAREER_GIG
CUST_KIR_01236,kirana_msme,18000.0,0.2329,0.2673,0.0863,54.7,0.1929,0,538.07,-6.72,13.62,0.0006,0.1792,1.5172,0,MSME_KIRANA_SEASONAL
CUST_RUR_01237,rural_agri,24938.22,0.4025,0.1153,0.0383,49.6,0.1289,2,-1769.21,34.79,0.9,0.0175,0.0576,0.7558,0,RURAL_AGRI_ALLIED
CUST_KIR_01238,kirana_msme,27307.24,0.2884,0.1862,0.2877,45.7,0.197,0,5558.78,4.37,8.83,0.0043,0.1406,1.0425,0,MSME_KIRANA_SEASONAL
CUST_RUR_01239,rural_agri,15709.68,0.5366,0.0716,0.1682,15.0,0.085,1,1676.07,6.96,5.07,0.0116,0.0364,0.8598,0,RURAL_AGRI_ALLIED
CUST_SAL_01240,salaried_tier1,59437.35,0.0803,0.5389,0.1981,104.9,0.3568,0,5254.23,-33.38,8.53,0.0445,0.0982,1.5188,0,ESTABLISHED_FAMILY_HIGH_DEBT
CUST_RUR_01241,rural_agri,17610.8,0.7364,0.0106,0.1934,59.6,0.1017,0,-2221.1,6.4,2.02,0.0025,0.0433,0.6561,0,RURAL_AGRI_ALLIED
CUST_GIG_01242,gig_worker,14000.03,0.4679,0.1948,0.0585,23.7,0.2509,1,-1439.27,3.45,12.09,0.176,0.0661,1.4026,0,EARLY_CAREER_GIG
CUST_GIG_01243,gig_worker,24204.58,0.4454,0.1101,0.0583,43.7,0.2523,0,-1061.43,12.06,9.95,0.1396,0.0517,0.8727,0,EARLY_CAREER_GIG
CUST_RUR_01244,rural_agri,24003.72,0.4988,0.0185,0.0089,27.4,0.1375,0,-7539.95,22.06,4.81,0.0379,0.0659,0.7655,0,RURAL_AGRI_ALLIED
CUST_GIG_01245,gig_worker,10000.0,0.3712,0.0448,-0.1065,10.7,0.0939,2,-1980.8,5.21,19.74,0.1729,0.052,1.4379,1,EARLY_CAREER_GIG
CUST_GIG_01246,gig_worker,21585.56,0.3737,0.012,-0.0792,14.2,0.2988,0,-4072.39,0.06,21.74,0.1761,0.0764,0.8153,0,EARLY_CAREER_GIG
CUST_SAL_01247,salaried_tier1,54996.99,0.0687,0.2969,0.2192,39.9,0.4304,0,-384.0,12.18,7.58,0.058,0.0439,2.0926,0,EARLY_CAREER_SALARIED
CUST_SAL_01248,salaried_tier1,55377.38,0.0326,0.3633,0.0159,60.1,0.3135,0,8551.07,13.37,10.22,0.0328,0.0644,1.7501,0,ESTABLISHED_FAMILY_HIGH_DEBT
CUST_RUR_01249,rural_agri,12588.23,0.4529,0.1487,-0.0002,44.9,0.0996,0,-3595.7,27.99,1.72,0.0195,0.0461,0.7172,0,RURAL_AGRI_ALLIED
CUST_GIG_01250,gig_worker,13302.75,0.5241,0.1611,-0.0365,34.4,0.2744,1,-3439.13,-5.04,24.55,0.1617,0.1103,0.6308,0,EARLY_CAREER_GIG
CUST_GIG_01251,gig_worker,18423.88,0.3677,0.1174,-0.0571,31.8,0.2608,0,-3010.95,-11.53,9.6,0.1728,0.1294,1.4101,0,EARLY_CAREER_GIG
CUST_KIR_01252,kirana_msme,59118.85,0.3995,0.1324,0.1981,29.7,0.1203,1,1622.83,-2.26,23.95,0.0247,0.2444,0.9588,0,MSME_KIRANA_SEASONAL
CUST_SAL_01253,salaried_tier1,44275.99,0.0833,0.2697,0.004,59.4,0.1864,0,-1686.12,12.12,10.52,0.0655,0.0643,1.9827,0,EARLY_CAREER_SALARIED
CUST_SAL_01254,salaried_tier1,95698.99,0.0747,0.3976,0.1972,86.7,0.3038,1,-887.83,-18.31,10.84,0.034,0.0325,1.711,0,ESTABLISHED_FAMILY_HIGH_DEBT
CUST_GIG_01255,gig_worker,20875.3,0.5174,0.0617,-0.0872,19.3,0.2135,1,-672.28,-6.09,27.76,0.1475,0.1418,1.1204,0,EARLY_CAREER_GIG
CUST_KIR_01256,kirana_msme,74410.77,0.3225,0.2363,0.2928,81.5,0.0678,0,38209.28,15.45,8.54,0.0163,0.1607,1.0558,0,MSME_KIRANA_SEASONAL
CUST_SAL_01257,salaried_tier1,87647.23,0.0616,0.2891,0.0515,40.6,0.1899,0,-6763.17,4.52,4.92,0.0132,0.0981,1.6127,0,EARLY_CAREER_SALARIED
CUST_KIR_01258,kirana_msme,18000.0,0.2347,0.1188,0.2494,88.2,0.1022,0,5973.86,12.93,20.18,0.0166,0.2067,0.8366,0,MSME_KIRANA_SEASONAL
CUST_SAL_01259,salaried_tier1,73092.15,0.058,0.2733,0.1528,67.7,0.3941,0,6576.7,-14.7,6.57,0.0534,0.044,2.3523,0,EARLY_CAREER_SALARIED
CUST_GIG_01260,gig_worker,22742.65,0.34,0.0082,0.0527,12.0,0.2977,0,1844.08,20.34,21.15,0.0768,0.1284,0.8601,0,EARLY_CAREER_GIG
CUST_SAL_01261,salaried_tier1,63390.38,0.079,0.412,0.0277,52.4,0.2554,0,-9071.53,-22.14,5.09,0.0245,0.0609,1.9479,1,ESTABLISHED_FAMILY_HIGH_DEBT
CUST_GIG_01262,gig_worker,27818.56,0.5242,0.0935,-0.1333,41.6,0.2957,0,-10734.44,23.44,17.01,0.0847,0.0393,1.1523,0,EARLY_CAREER_GIG
CUST_KIR_01263,kirana_msme,45718.33,0.4142,0.1044,0.0958,74.1,0.0883,0,-1736.78,17.19,12.85,0.0262,0.1737,1.178,0,MSME_KIRANA_SEASONAL
CUST_KIR_01264,kirana_msme,41324.02,0.1649,0.2137,0.0694,24.1,0.1228,1,-6730.73,-14.68,12.13,0.0299,0.1564,1.2268,0,MSME_KIRANA_SEASONAL
CUST_SAL_01265,salaried_tier1,69237.4,0.0551,0.2583,0.0142,47.7,0.3535,0,-17601.81,-0.33,11.48,0.048,0.0263,1.6999,0,EARLY_CAREER_SALARIED
CUST_SAL_01266,salaried_tier1,87320.52,0.0721,0.4429,-0.0148,91.3,0.2047,0,-1231.56,-5.16,7.03,0.0777,0.0289,2.7256,0,ESTABLISHED_FAMILY_HIGH_DEBT
CUST_KIR_01267,kirana_msme,34839.57,0.2026,0.1147,0.2372,31.5,0.177,0,5654.76,8.66,12.9,0.0294,0.0721,0.8352,0,MSME_KIRANA_SEASONAL
CUST_KIR_01268,kirana_msme,61897.77,0.21,0.165,0.1163,51.6,0.1654,0,-6223.29,26.42,23.57,0.0079,0.0981,1.3158,0,MSME_KIRANA_SEASONAL
CUST_GIG_01269,gig_worker,23919.16,0.3998,0.1495,0.0924,26.2,0.0804,0,-1661.05,-8.91,12.98,0.109,0.1459,1.274,0,EARLY_CAREER_GIG
CUST_SAL_01270,salaried_tier1,74367.92,0.096,0.3935,0.0713,82.0,0.3999,0,-14834.26,8.79,8.35,0.0401,0.0219,1.7073,0,ESTABLISHED_FAMILY_HIGH_DEBT
CUST_GIG_01271,gig_worker,25108.74,0.2885,0.1465,-0.1157,14.5,0.2056,0,-5689.4,-16.08,20.31,0.1309,0.1395,1.2977,0,EARLY_CAREER_GIG
CUST_RUR_01272,rural_agri,16654.73,0.6564,0.0106,-0.0613,10.8,0.1002,0,-4950.67,-7.29,3.76,0.0381,0.0333,0.6164,0,RURAL_AGRI_ALLIED
CUST_GIG_01273,gig_worker,21576.66,0.649,0.1957,0.0836,3.8,0.1996,0,958.23,35.68,23.79,0.1953,0.103,1.4056,0,EARLY_CAREER_GIG
CUST_SAL_01274,salaried_tier1,53937.24,0.0708,0.5232,0.1884,105.0,0.4951,0,-10239.2,6.38,8.4,0.0412,0.0281,1.9517,0,ESTABLISHED_FAMILY_HIGH_DEBT
CUST_KIR_01275,kirana_msme,51513.11,0.3209,0.2269,0.1573,26.4,0.1944,0,9111.03,-1.46,15.63,0.0016,0.2405,1.4654,0,MSME_KIRANA_SEASONAL
CUST_SAL_01276,salaried_tier1,119803.65,0.0285,0.3742,-0.0205,72.2,0.3711,1,-22853.79,-11.07,4.5,0.0722,0.0773,2.4426,0,ESTABLISHED_FAMILY_HIGH_DEBT
CUST_SAL_01277,salaried_tier1,85013.52,0.0591,0.2156,0.2175,86.8,0.2648,0,5671.67,11.25,6.0,0.0217,0.0394,1.7598,0,EARLY_CAREER_SALARIED
CUST_RUR_01278,rural_agri,13727.15,0.7758,0.1614,0.0366,30.8,0.0793,0,949.18,24.04,3.4,0.0264,0.0633,0.7706,0,RURAL_AGRI_ALLIED
CUST_SAL_01279,salaried_tier1,79084.92,0.0508,0.5105,0.2783,82.0,0.4118,0,14905.97,32.37,3.07,0.0494,0.053,2.7353,0,ESTABLISHED_FAMILY_HIGH_DEBT
CUST_KIR_01280,kirana_msme,43629.28,0.4463,0.1982,0.0901,33.3,0.1574,0,4179.52,-12.32,7.96,0.013,0.2,1.2803,0,MSME_KIRANA_SEASONAL
CUST_GIG_01281,gig_worker,17640.4,0.2778,0.1169,0.0323,5.6,0.1685,0,-4028.03,-1.81,19.15,0.0888,0.08,0.9004,0,EARLY_CAREER_GIG
CUST_GIG_01282,gig_worker,23842.53,0.372,0.1455,0.0154,23.0,0.2269,2,4825.28,-15.75,20.59,0.1787,0.0301,1.4754,0,EARLY_CAREER_GIG
CUST_GIG_01283,gig_worker,23534.24,0.5487,0.0825,0.051,23.6,0.1762,0,-3705.8,8.74,15.0,0.1399,0.0439,0.9443,0,EARLY_CAREER_GIG
CUST_SAL_01284,salaried_tier1,25000.0,0.0322,0.3144,0.2659,108.4,0.431,0,8580.4,14.08,4.41,0.0321,0.0396,2.3715,0,EARLY_CAREER_SALARIED
CUST_KIR_01285,kirana_msme,68786.62,0.221,0.1612,0.2083,64.6,0.1688,0,16165.49,16.01,13.8,0.0201,0.1411,1.5703,0,MSME_KIRANA_SEASONAL
CUST_KIR_01286,kirana_msme,38043.04,0.206,0.2946,0.2293,37.5,0.1386,0,6768.57,-0.32,19.59,0.025,0.0923,1.6445,0,MSME_KIRANA_SEASONAL
CUST_SAL_01287,salaried_tier1,71839.34,0.022,0.3819,0.2862,54.9,0.1679,0,10336.64,12.43,9.17,0.0505,0.043,2.7086,0,ESTABLISHED_FAMILY_HIGH_DEBT
CUST_KIR_01288,kirana_msme,76275.45,0.3762,0.2449,0.2107,85.7,0.1973,0,-12512.57,2.43,19.11,0.0199,0.0708,1.6242,0,MSME_KIRANA_SEASONAL
CUST_SAL_01289,salaried_tier1,83777.74,0.0842,0.5282,0.349,117.5,0.3141,0,15188.56,-4.33,4.99,0.0664,0.0734,2.4859,0,ESTABLISHED_FAMILY_HIGH_DEBT
CUST_SAL_01290,salaried_tier1,130471.7,0.0954,0.2566,0.3247,99.5,0.4424,0,34888.03,-7.38,4.44,0.0233,0.1066,2.2871,0,EARLY_CAREER_SALARIED
CUST_KIR_01291,kirana_msme,30413.94,0.1976,0.183,0.1204,26.7,0.12,0,8406.94,11.99,13.04,0.0077,0.0561,0.8469,0,MSME_KIRANA_SEASONAL
CUST_SAL_01292,salaried_tier1,42940.75,0.028,0.2692,0.2692,53.3,0.214,0,6259.51,17.15,2.3,0.0539,0.0595,2.2219,0,EARLY_CAREER_SALARIED
CUST_GIG_01293,gig_worker,25940.96,0.4049,0.1401,0.0251,6.4,0.2215,1,-8461.15,3.18,25.52,0.1733,0.051,0.9336,1,EARLY_CAREER_GIG
CUST_GIG_01294,gig_worker,29225.88,0.452,0.0798,0.1246,12.7,0.1365,0,2793.89,13.05,26.78,0.0674,0.1337,1.3735,0,EARLY_CAREER_GIG
CUST_RUR_01295,rural_agri,28911.37,0.4089,0.2232,0.1003,52.5,0.1448,0,3483.02,24.97,4.92,0.0433,0.0509,0.5676,0,RURAL_AGRI_ALLIED
CUST_SAL_01296,salaried_tier1,44891.55,0.0591,0.2365,0.1435,115.4,0.4859,2,-2251.3,6.97,5.55,0.0668,0.1123,2.5482,0,EARLY_CAREER_SALARIED
CUST_SAL_01297,salaried_tier1,93393.17,0.0572,0.4143,-0.0403,41.2,0.3245,0,-14488.34,9.07,9.65,0.0355,0.1017,1.723,1,ESTABLISHED_FAMILY_HIGH_DEBT
CUST_SAL_01298,salaried_tier1,88618.95,0.0522,0.4161,0.3237,17.2,0.1544,0,12852.58,0.49,4.93,0.0446,0.0242,2.3403,0,ESTABLISHED_FAMILY_HIGH_DEBT
CUST_GIG_01299,gig_worker,22422.55,0.4845,0.1748,-0.0574,32.4,0.2696,0,-124.77,3.17,27.6,0.1971,0.0568,0.9208,0,EARLY_CAREER_GIG
CUST_GIG_01300,gig_worker,13995.17,0.4975,0.1799,-0.0509,38.7,0.1006,0,-5607.26,16.22,9.19,0.0967,0.1376,1.0536,0,EARLY_CAREER_GIG
CUST_SAL_01301,salaried_tier1,64448.16,0.0645,0.4839,0.1138,79.8,0.51,0,346.32,-10.22,9.33,0.0451,0.0946,1.752,0,ESTABLISHED_FAMILY_HIGH_DEBT
CUST_RUR_01302,rural_agri,16807.87,0.559,0.2197,0.1685,29.9,0.0847,1,6764.15,36.45,5.73,0.0325,0.0294,0.8637,0,RURAL_AGRI_ALLIED
CUST_SAL_01303,salaried_tier1,92209.43,0.0342,0.1634,0.0851,59.9,0.1747,0,18592.33,-14.24,11.14,0.0208,0.0257,1.9473,0,EARLY_CAREER_SALARIED
CUST_KIR_01304,kirana_msme,55913.21,0.2653,0.0733,0.1257,54.9,0.0778,0,438.76,14.23,22.45,0.0015,0.0822,1.6363,0,MSME_KIRANA_SEASONAL
CUST_GIG_01305,gig_worker,30595.19,0.5367,0.0201,0.0374,7.7,0.1361,0,-3418.48,4.62,20.33,0.1258,0.0511,0.7558,0,EARLY_CAREER_GIG
CUST_RUR_01306,rural_agri,21293.47,0.586,0.2373,0.0332,29.0,0.09,1,-1274.95,39.52,5.25,0.0015,0.0408,0.7573,0,RURAL_AGRI_ALLIED
CUST_GIG_01307,gig_worker,18988.57,0.4438,0.1374,0.0821,34.0,0.1551,3,-4103.84,21.3,13.2,0.0632,0.0677,1.3638,0,EARLY_CAREER_GIG
CUST_RUR_01308,rural_agri,22629.59,0.436,0.1484,-0.015,11.0,0.1121,0,-1487.1,11.24,4.06,0.0405,0.0198,0.9674,0,RURAL_AGRI_ALLIED
CUST_KIR_01309,kirana_msme,31827.97,0.3692,0.231,0.2079,75.7,0.1173,0,10386.87,21.86,10.3,0.0115,0.0535,1.3591,0,MSME_KIRANA_SEASONAL
CUST_RUR_01310,rural_agri,17235.14,0.5349,0.0729,0.0433,27.3,0.1418,0,-932.39,-3.33,5.18,0.048,0.0224,0.9785,0,RURAL_AGRI_ALLIED
CUST_SAL_01311,salaried_tier1,44350.23,0.087,0.1955,0.1553,69.7,0.5387,0,2440.78,17.66,4.41,0.019,0.0957,1.8742,0,EARLY_CAREER_SALARIED
CUST_RUR_01312,rural_agri,21328.35,0.5936,0.076,0.0145,14.7,0.1167,2,-1564.12,-4.79,1.37,0.0039,0.0738,0.6405,0,RURAL_AGRI_ALLIED
CUST_KIR_01313,kirana_msme,35478.07,0.3642,0.2676,0.0956,68.0,0.1029,1,-7022.03,5.9,5.14,0.0155,0.0801,1.0989,0,MSME_KIRANA_SEASONAL
CUST_RUR_01314,rural_agri,16973.62,0.6384,0.1346,0.0889,37.8,0.1099,0,3296.84,-9.77,2.92,0.0223,0.0642,0.6881,0,RURAL_AGRI_ALLIED
CUST_KIR_01315,kirana_msme,33056.64,0.3695,0.1676,0.2272,49.1,0.1835,1,1451.65,23.0,22.28,0.0152,0.2369,1.4698,0,MSME_KIRANA_SEASONAL
CUST_GIG_01316,gig_worker,10515.01,0.3919,0.1788,-0.1332,27.8,0.1619,0,-2078.45,-29.86,25.08,0.1318,0.0628,1.3961,0,EARLY_CAREER_GIG
CUST_KIR_01317,kirana_msme,33515.2,0.3129,0.1255,0.2152,42.3,0.1147,0,2726.22,9.8,15.15,0.0007,0.1582,1.7925,0,MSME_KIRANA_SEASONAL
CUST_GIG_01318,gig_worker,17261.49,0.5131,0.1533,0.0217,40.5,0.1409,0,-467.96,44.0,20.51,0.0302,0.0724,1.3826,0,EARLY_CAREER_GIG
CUST_SAL_01319,salaried_tier1,42250.41,0.0852,0.1925,0.1449,81.6,0.1915,0,-1991.3,9.3,9.42,0.0264,0.0493,2.2508,0,EARLY_CAREER_SALARIED
CUST_SAL_01320,salaried_tier1,86306.42,0.0272,0.2702,-0.0269,54.0,0.5425,0,-5287.93,-0.19,2.06,0.0599,0.0397,2.2311,0,EARLY_CAREER_SALARIED
CUST_SAL_01321,salaried_tier1,60264.64,0.0384,0.1534,0.3374,77.2,0.438,0,16056.72,28.76,7.95,0.0192,0.0601,1.6877,0,EARLY_CAREER_SALARIED
CUST_SAL_01322,salaried_tier1,82306.85,0.0265,0.201,0.307,95.8,0.5485,0,25519.12,4.17,4.36,0.0536,0.0315,2.1341,0,EARLY_CAREER_SALARIED
CUST_RUR_01323,rural_agri,25416.39,0.6702,0.1154,0.1953,30.1,0.0435,4,3290.11,-16.67,3.52,0.0155,0.0452,0.516,0,RURAL_AGRI_ALLIED
CUST_SAL_01324,salaried_tier1,102500.39,0.0413,0.3034,0.0573,101.2,0.44,1,-93.93,11.7,2.74,0.0184,0.0361,1.7211,0,EARLY_CAREER_SALARIED
CUST_RUR_01325,rural_agri,21685.51,0.3191,0.2317,-0.0457,55.2,0.0367,3,-3469.44,26.27,2.16,0.0245,0.0367,0.6406,1,RURAL_AGRI_ALLIED
CUST_KIR_01326,kirana_msme,48415.64,0.2862,0.2714,0.1471,67.6,0.0842,0,-1986.39,6.45,11.08,0.0076,0.0599,1.1761,0,MSME_KIRANA_SEASONAL
CUST_SAL_01327,salaried_tier1,25000.0,0.066,0.2648,0.2152,67.8,0.2839,0,6102.31,-15.66,5.94,0.0693,0.112,2.446,0,EARLY_CAREER_SALARIED
CUST_GIG_01328,gig_worker,22016.6,0.5408,0.1847,0.0412,43.0,0.1003,0,-2201.69,-5.0,27.32,0.1155,0.0362,1.1438,0,EARLY_CAREER_GIG
CUST_GIG_01329,gig_worker,20478.87,0.612,0.1031,0.0513,5.8,0.0919,0,-1291.22,-4.87,18.57,0.1792,0.1273,1.3986,0,EARLY_CAREER_GIG
CUST_KIR_01330,kirana_msme,35274.65,0.2836,0.2776,0.0759,39.6,0.1306,0,-7911.03,1.49,23.83,0.0239,0.1614,1.4306,0,MSME_KIRANA_SEASONAL
CUST_GIG_01331,gig_worker,29510.41,0.6339,0.1211,0.0081,3.7,0.0959,0,-953.78,38.05,16.02,0.0873,0.1065,0.6493,1,EARLY_CAREER_GIG
CUST_GIG_01332,gig_worker,10000.0,0.6311,0.0173,0.1317,16.1,0.1928,0,47.67,-18.75,16.59,0.1561,0.0623,0.6638,0,EARLY_CAREER_GIG
CUST_SAL_01333,salaried_tier1,85545.23,0.0885,0.3564,0.0452,35.3,0.5316,0,-6927.86,23.09,5.69,0.079,0.0568,2.5506,0,ESTABLISHED_FAMILY_HIGH_DEBT
CUST_RUR_01334,rural_agri,26043.69,0.5817,0.1889,0.1579,31.7,0.1044,1,4068.1,-15.1,5.4,0.0178,0.0246,0.8937,0,RURAL_AGRI_ALLIED
CUST_RUR_01335,rural_agri,25482.47,0.6087,0.2139,-0.0501,54.5,0.1022,0,-3837.23,-1.06,5.73,0.004,0.0508,0.9432,0,RURAL_AGRI_ALLIED
CUST_GIG_01336,gig_worker,32213.5,0.2711,0.1506,-0.1487,15.9,0.1909,0,-13707.39,19.3,24.62,0.1889,0.1348,0.8767,1,EARLY_CAREER_GIG
CUST_SAL_01337,salaried_tier1,64412.65,0.0427,0.1893,0.1416,114.4,0.3744,0,8526.34,17.25,3.44,0.0425,0.1151,1.6467,0,EARLY_CAREER_SALARIED
CUST_GIG_01338,gig_worker,25117.83,0.4902,0.172,-0.149,11.0,0.1283,3,-9016.3,15.69,8.74,0.1209,0.0934,0.7383,1,EARLY_CAREER_GIG
CUST_SAL_01339,salaried_tier1,47186.58,0.0943,0.417,0.1156,86.4,0.3105,0,5860.97,-11.82,10.24,0.061,0.0429,2.4347,0,ESTABLISHED_FAMILY_HIGH_DEBT
CUST_SAL_01340,salaried_tier1,65459.94,0.0698,0.503,0.3459,99.8,0.3375,0,11747.71,12.57,6.65,0.065,0.0683,2.5967,0,ESTABLISHED_FAMILY_HIGH_DEBT
CUST_SAL_01341,salaried_tier1,93906.55,0.0485,0.3785,0.3139,117.5,0.2409,0,30376.47,12.73,6.15,0.0117,0.0547,2.3797,0,ESTABLISHED_FAMILY_HIGH_DEBT
CUST_KIR_01342,kirana_msme,18000.0,0.3239,0.1048,0.1815,20.8,0.1213,0,71.06,15.06,17.77,0.0114,0.0515,1.4749,0,MSME_KIRANA_SEASONAL
CUST_RUR_01343,rural_agri,27815.81,0.4608,0.1224,0.1837,57.0,0.0669,2,4745.2,4.79,5.87,0.0239,0.0642,0.9158,0,RURAL_AGRI_ALLIED
CUST_GIG_01344,gig_worker,18063.33,0.2989,0.085,0.1331,24.0,0.2198,0,2362.83,0.54,15.81,0.1502,0.1466,0.7193,0,EARLY_CAREER_GIG
CUST_GIG_01345,gig_worker,21369.6,0.4007,0.1081,-0.0808,12.6,0.2511,3,-4740.41,19.6,21.76,0.0739,0.1414,0.8913,1,EARLY_CAREER_GIG
CUST_KIR_01346,kirana_msme,46818.66,0.3083,0.1232,0.1156,60.6,0.156,0,-2385.53,-3.04,8.41,0.0042,0.1746,1.3674,0,MSME_KIRANA_SEASONAL
CUST_KIR_01347,kirana_msme,65658.96,0.291,0.2909,0.1381,71.8,0.0886,0,-7740.48,19.16,11.58,0.0142,0.1059,1.3526,0,MSME_KIRANA_SEASONAL
CUST_KIR_01348,kirana_msme,35031.22,0.1612,0.1093,0.2448,62.4,0.0809,0,-1604.97,-15.98,9.18,0.01,0.1829,1.6168,0,MSME_KIRANA_SEASONAL
CUST_RUR_01349,rural_agri,17758.74,0.6707,0.0398,0.0847,52.9,0.0849,2,267.58,-12.98,1.25,0.0353,0.0744,1.0743,0,RURAL_AGRI_ALLIED
CUST_SAL_01350,salaried_tier1,59768.18,0.0283,0.3554,-0.0221,38.5,0.326,0,-11465.65,3.37,9.06,0.0133,0.0281,2.235,0,ESTABLISHED_FAMILY_HIGH_DEBT
CUST_RUR_01351,rural_agri,8000.0,0.6903,0.1783,0.0822,56.4,0.0807,2,-841.85,-9.9,5.11,0.013,0.0302,0.7661,0,RURAL_AGRI_ALLIED
CUST_GIG_01352,gig_worker,17429.41,0.5216,0.1779,0.0524,37.8,0.1996,0,-2990.77,33.51,19.09,0.0857,0.0565,0.6904,0,EARLY_CAREER_GIG
CUST_KIR_01353,kirana_msme,63493.0,0.3716,0.2337,0.2963,40.7,0.1467,0,8892.71,9.88,20.79,0.0124,0.1681,1.3795,0,MSME_KIRANA_SEASONAL
CUST_GIG_01354,gig_worker,15976.1,0.2624,0.1729,-0.0311,14.1,0.2036,0,-983.34,-3.21,17.68,0.1485,0.1324,1.1865,0,EARLY_CAREER_GIG
CUST_KIR_01355,kirana_msme,52844.57,0.2596,0.1453,0.2134,49.3,0.1927,0,5537.4,-8.08,17.9,0.0017,0.1891,1.3134,0,MSME_KIRANA_SEASONAL
CUST_RUR_01356,rural_agri,32115.03,0.3167,0.1035,0.1452,26.3,0.1024,0,-1992.18,22.04,5.6,0.0283,0.0731,0.7916,0,RURAL_AGRI_ALLIED
CUST_RUR_01357,rural_agri,16558.57,0.5382,0.1105,0.1271,20.4,0.0561,0,305.29,-15.27,3.8,0.0236,0.0336,0.7126,0,RURAL_AGRI_ALLIED
CUST_KIR_01358,kirana_msme,53601.51,0.1517,0.2983,0.2391,67.8,0.1108,0,13090.92,11.31,5.71,0.0251,0.2293,1.0533,0,MSME_KIRANA_SEASONAL
CUST_SAL_01359,salaried_tier1,51556.67,0.0537,0.3191,0.254,103.0,0.1879,0,11406.16,-0.95,9.86,0.0204,0.0726,2.4903,0,EARLY_CAREER_SALARIED
CUST_GIG_01360,gig_worker,32953.93,0.2857,0.1719,-0.0567,3.1,0.1315,0,-6453.61,-35.52,21.86,0.0664,0.1422,0.6831,1,EARLY_CAREER_GIG
CUST_RUR_01361,rural_agri,31562.82,0.5261,0.0322,0.1641,28.6,0.0389,1,-297.84,-8.55,2.02,0.04,0.0569,0.9531,0,RURAL_AGRI_ALLIED
CUST_SAL_01362,salaried_tier1,29638.72,0.0796,0.1691,-0.0316,100.1,0.3237,0,-1377.91,6.41,9.02,0.0241,0.0385,2.2898,0,EARLY_CAREER_SALARIED
CUST_GIG_01363,gig_worker,32386.85,0.4601,0.0483,-0.088,19.7,0.2692,0,-7861.18,11.81,25.86,0.0507,0.1056,0.7967,0,EARLY_CAREER_GIG
CUST_GIG_01364,gig_worker,16792.01,0.483,0.1366,0.0541,29.8,0.19,0,-1260.54,-0.87,21.81,0.1413,0.1004,1.1721,0,EARLY_CAREER_GIG
CUST_GIG_01365,gig_worker,25398.24,0.5538,0.1106,-0.0744,7.7,0.2777,2,-4985.85,14.62,23.94,0.1059,0.0689,0.6996,1,EARLY_CAREER_GIG
CUST_SAL_01366,salaried_tier1,42598.39,0.0464,0.351,0.0632,61.7,0.2971,0,-7493.41,2.29,8.54,0.0247,0.0526,2.2846,0,ESTABLISHED_FAMILY_HIGH_DEBT
CUST_GIG_01367,gig_worker,25596.1,0.5073,0.1805,-0.1158,16.2,0.1,0,-7909.23,3.15,23.63,0.1529,0.094,1.4204,1,EARLY_CAREER_GIG
CUST_RUR_01368,rural_agri,20607.11,0.4398,0.0134,-0.0622,38.5,0.1028,0,-3931.38,14.99,4.76,0.046,0.0509,1.009,0,RURAL_AGRI_ALLIED
CUST_SAL_01369,salaried_tier1,49090.1,0.0583,0.1576,0.069,64.8,0.1932,0,-7985.74,-27.83,9.31,0.0684,0.0746,2.1022,0,EARLY_CAREER_SALARIED
CUST_SAL_01370,salaried_tier1,59483.42,0.0834,0.336,0.2661,88.9,0.2276,0,7481.28,2.06,6.24,0.048,0.1182,2.0772,0,EARLY_CAREER_SALARIED
CUST_RUR_01371,rural_agri,33082.05,0.5504,0.2258,0.182,14.0,0.1323,0,-555.5,16.19,4.82,0.0047,0.0718,0.8173,0,RURAL_AGRI_ALLIED
CUST_SAL_01372,salaried_tier1,68163.62,0.0275,0.2166,0.0794,25.9,0.4761,0,269.78,-5.13,9.03,0.0221,0.0676,2.7687,0,EARLY_CAREER_SALARIED
CUST_RUR_01373,rural_agri,15538.55,0.6432,0.1218,0.1373,49.8,0.0577,0,649.62,-1.81,5.88,0.0223,0.0282,0.9923,0,RURAL_AGRI_ALLIED
CUST_KIR_01374,kirana_msme,33001.79,0.3466,0.1183,0.0627,46.1,0.1783,0,-8390.06,9.96,15.07,0.0083,0.0887,1.7648,0,MSME_KIRANA_SEASONAL
CUST_SAL_01375,salaried_tier1,99455.05,0.0781,0.1673,0.271,70.9,0.3067,0,23965.5,-4.8,3.5,0.0392,0.0536,2.2962,0,EARLY_CAREER_SALARIED
CUST_RUR_01376,rural_agri,16987.99,0.4866,0.2236,-0.0382,27.9,0.0674,2,-2936.99,-10.22,1.58,0.0105,0.0795,0.5351,0,RURAL_AGRI_ALLIED
CUST_KIR_01377,kirana_msme,33495.88,0.1874,0.2493,0.1739,64.2,0.0997,0,362.55,19.5,11.16,0.0196,0.0801,1.0576,0,MSME_KIRANA_SEASONAL
CUST_KIR_01378,kirana_msme,41600.33,0.3332,0.1899,0.0741,75.9,0.196,0,-4226.79,9.81,16.14,0.0281,0.0852,1.6951,0,MSME_KIRANA_SEASONAL
CUST_KIR_01379,kirana_msme,27531.8,0.395,0.2008,0.1401,51.1,0.174,0,-508.58,7.18,23.23,0.0116,0.1197,0.8896,0,MSME_KIRANA_SEASONAL
CUST_GIG_01380,gig_worker,27458.5,0.6023,0.007,0.0986,20.2,0.2248,0,-4086.09,-0.22,13.09,0.0337,0.1437,1.226,0,EARLY_CAREER_GIG
CUST_SAL_01381,salaried_tier1,57068.22,0.0893,0.3491,0.0965,84.6,0.2866,0,3529.83,4.84,5.1,0.0241,0.1008,2.4536,0,EARLY_CAREER_SALARIED
CUST_KIR_01382,kirana_msme,73620.16,0.3028,0.1543,0.2987,30.3,0.1389,0,16921.57,0.5,22.62,0.0101,0.1044,1.4872,0,MSME_KIRANA_SEASONAL
CUST_RUR_01383,rural_agri,13638.81,0.6779,0.1372,-0.0194,32.2,0.1136,0,-882.54,-10.15,3.48,0.011,0.0627,0.9462,0,RURAL_AGRI_ALLIED
CUST_SAL_01384,salaried_tier1,112072.86,0.0943,0.2065,0.1086,22.0,0.4534,0,-3439.75,27.16,5.22,0.0691,0.0735,2.419,0,EARLY_CAREER_SALARIED
CUST_GIG_01385,gig_worker,20637.02,0.6389,0.0597,-0.0752,23.4,0.1993,1,-3452.06,-3.67,16.8,0.1209,0.0773,0.9539,0,EARLY_CAREER_GIG
CUST_KIR_01386,kirana_msme,52322.31,0.3239,0.289,0.1079,54.0,0.1966,0,-2828.67,37.85,8.78,0.0231,0.1195,1.5286,0,MSME_KIRANA_SEASONAL
CUST_GIG_01387,gig_worker,34196.24,0.5147,0.0137,-0.0128,30.9,0.1451,0,-899.66,28.44,16.37,0.1978,0.0642,0.7121,0,EARLY_CAREER_GIG
CUST_SAL_01388,salaried_tier1,89377.98,0.0231,0.2083,0.079,51.3,0.4891,0,-5079.18,-15.84,3.31,0.0676,0.0979,2.3334,0,EARLY_CAREER_SALARIED
CUST_RUR_01389,rural_agri,11817.57,0.395,0.1567,0.1974,54.0,0.1012,1,1719.98,0.57,3.51,0.021,0.0737,1.1989,0,RURAL_AGRI_ALLIED
CUST_KIR_01390,kirana_msme,33588.99,0.2619,0.1559,0.1869,89.4,0.0831,0,3935.7,14.12,17.15,0.0218,0.1464,0.9322,0,MSME_KIRANA_SEASONAL
CUST_SAL_01391,salaried_tier1,39953.27,0.0525,0.3241,0.343,104.2,0.4437,1,10438.41,12.23,11.03,0.0138,0.0656,2.4561,0,EARLY_CAREER_SALARIED
CUST_SAL_01392,salaried_tier1,56972.96,0.0454,0.2545,0.0873,69.1,0.4919,0,-7704.72,6.12,10.84,0.0391,0.0546,2.5858,0,EARLY_CAREER_SALARIED
CUST_SAL_01393,salaried_tier1,79432.02,0.0536,0.4766,0.0631,46.4,0.3882,3,-4279.36,-23.28,11.36,0.065,0.0996,2.1728,0,ESTABLISHED_FAMILY_HIGH_DEBT
CUST_KIR_01394,kirana_msme,29690.62,0.4466,0.0666,0.2609,44.9,0.1128,0,1869.42,16.29,12.08,0.0286,0.1898,0.8906,0,MSME_KIRANA_SEASONAL
CUST_KIR_01395,kirana_msme,18000.0,0.2733,0.2454,0.0537,66.2,0.05,0,-1163.44,-10.39,21.82,0.0043,0.1609,1.2083,0,MSME_KIRANA_SEASONAL
CUST_RUR_01396,rural_agri,25172.73,0.5561,0.0393,0.0883,37.6,0.0332,0,-213.57,16.77,1.25,0.013,0.0418,0.6097,0,RURAL_AGRI_ALLIED
CUST_KIR_01397,kirana_msme,59145.61,0.3081,0.0725,0.1658,77.5,0.0791,0,5887.98,16.48,12.78,0.0092,0.077,1.1294,0,MSME_KIRANA_SEASONAL
CUST_SAL_01398,salaried_tier1,102182.54,0.0629,0.3696,0.0494,69.8,0.1594,0,-21564.44,2.15,3.82,0.028,0.042,2.2444,0,ESTABLISHED_FAMILY_HIGH_DEBT
CUST_GIG_01399,gig_worker,38586.17,0.5094,0.19,0.1073,36.3,0.2894,0,-2200.05,3.06,25.74,0.1361,0.1473,1.1553,0,EARLY_CAREER_GIG
CUST_GIG_01400,gig_worker,22543.49,0.5458,0.0061,0.0585,42.3,0.1642,0,-283.98,1.9,25.84,0.1528,0.0428,0.6251,0,EARLY_CAREER_GIG
CUST_SAL_01401,salaried_tier1,90017.67,0.062,0.5326,0.1424,86.1,0.3539,2,-3843.58,-26.08,4.3,0.0329,0.1053,2.0183,0,ESTABLISHED_FAMILY_HIGH_DEBT
CUST_SAL_01402,salaried_tier1,43968.6,0.0204,0.2622,0.192,89.7,0.4806,1,4740.71,3.0,9.41,0.0152,0.0258,2.0357,0,EARLY_CAREER_SALARIED
CUST_SAL_01403,salaried_tier1,52951.04,0.0718,0.2934,0.1729,58.3,0.2176,0,-2026.84,-10.6,2.58,0.0533,0.0996,1.8071,0,EARLY_CAREER_SALARIED
CUST_GIG_01404,gig_worker,18886.97,0.2977,0.1002,0.0439,28.2,0.2371,0,356.43,-2.11,12.77,0.1591,0.1347,0.9854,0,EARLY_CAREER_GIG
CUST_GIG_01405,gig_worker,19645.92,0.379,0.1076,0.1421,19.8,0.1284,0,170.69,5.08,11.85,0.1596,0.0373,0.7557,0,EARLY_CAREER_GIG
CUST_KIR_01406,kirana_msme,18000.0,0.3571,0.1679,0.1323,38.6,0.1888,0,1991.0,13.28,12.01,0.0026,0.0872,1.2364,0,MSME_KIRANA_SEASONAL
CUST_RUR_01407,rural_agri,28590.18,0.6545,0.048,0.0689,45.9,0.106,1,-2447.06,-16.33,0.81,0.0366,0.0291,1.0177,0,RURAL_AGRI_ALLIED
CUST_RUR_01408,rural_agri,18500.77,0.6215,0.1985,0.1686,45.3,0.0479,3,4028.52,6.14,3.85,0.0461,0.0274,0.933,0,RURAL_AGRI_ALLIED
CUST_GIG_01409,gig_worker,20476.73,0.5036,0.0905,0.0331,37.5,0.1197,1,2561.24,-3.6,16.94,0.0849,0.0316,1.3087,0,EARLY_CAREER_GIG
CUST_RUR_01410,rural_agri,9360.72,0.5494,0.1756,0.1316,26.6,0.1096,2,-1050.46,-2.12,1.03,0.0447,0.0574,0.7078,0,RURAL_AGRI_ALLIED
CUST_SAL_01411,salaried_tier1,73882.61,0.0878,0.5398,0.3328,104.9,0.1544,1,28611.22,2.01,10.51,0.0296,0.081,1.5976,0,ESTABLISHED_FAMILY_HIGH_DEBT
CUST_SAL_01412,salaried_tier1,80497.92,0.0205,0.3112,-0.0332,85.7,0.5376,0,-1807.23,-23.7,5.55,0.0784,0.0424,1.7917,0,EARLY_CAREER_SALARIED
CUST_SAL_01413,salaried_tier1,78920.06,0.0473,0.4142,0.1696,44.2,0.2588,0,8927.47,-6.3,10.11,0.0148,0.0295,1.7002,0,ESTABLISHED_FAMILY_HIGH_DEBT
CUST_SAL_01414,salaried_tier1,25000.0,0.0777,0.5312,0.2514,33.8,0.5242,0,2011.46,16.84,6.22,0.0296,0.1095,2.1164,0,ESTABLISHED_FAMILY_HIGH_DEBT
CUST_KIR_01415,kirana_msme,55966.66,0.3823,0.1241,0.2204,69.3,0.1344,0,2445.28,20.47,6.64,0.0201,0.144,1.3745,0,MSME_KIRANA_SEASONAL
CUST_RUR_01416,rural_agri,25145.37,0.3591,0.1505,0.1953,21.1,0.1318,4,-1320.62,2.44,2.2,0.0337,0.0691,0.912,0,RURAL_AGRI_ALLIED
CUST_SAL_01417,salaried_tier1,42450.37,0.0889,0.3187,0.0856,78.4,0.2378,0,-5547.54,23.84,6.09,0.0306,0.0254,2.1764,0,EARLY_CAREER_SALARIED
CUST_SAL_01418,salaried_tier1,58523.93,0.068,0.4924,0.1135,112.9,0.5112,0,4807.14,24.29,3.8,0.0237,0.1108,1.8367,1,ESTABLISHED_FAMILY_HIGH_DEBT
CUST_KIR_01419,kirana_msme,68882.97,0.4342,0.0926,0.0801,22.3,0.1046,0,-12308.57,18.75,15.07,0.0227,0.1284,1.2308,0,MSME_KIRANA_SEASONAL
CUST_RUR_01420,rural_agri,15966.51,0.4573,0.2063,-0.0762,22.9,0.0838,0,-1726.12,14.74,2.84,0.0377,0.0688,0.6259,0,RURAL_AGRI_ALLIED
CUST_KIR_01421,kirana_msme,18000.0,0.2117,0.1201,0.1573,32.4,0.1946,0,2041.24,-10.26,21.84,0.0127,0.198,1.7856,0,MSME_KIRANA_SEASONAL
CUST_KIR_01422,kirana_msme,47592.18,0.3414,0.1857,0.1682,51.0,0.1247,0,-8855.44,28.83,22.76,0.019,0.1945,1.3413,0,MSME_KIRANA_SEASONAL
CUST_SAL_01423,salaried_tier1,59135.25,0.1,0.1634,0.1081,26.0,0.1888,0,950.09,14.17,10.01,0.0291,0.0456,2.0537,0,EARLY_CAREER_SALARIED
CUST_SAL_01424,salaried_tier1,63573.9,0.0503,0.5394,-0.0033,66.1,0.3134,0,3560.24,6.3,2.28,0.0714,0.0808,1.8487,1,ESTABLISHED_FAMILY_HIGH_DEBT
CUST_RUR_01425,rural_agri,30236.39,0.754,0.0229,-0.0007,44.0,0.145,4,-159.75,-13.78,1.56,0.006,0.0762,0.9467,0,RURAL_AGRI_ALLIED
CUST_RUR_01426,rural_agri,24398.34,0.3439,0.0847,-0.055,38.2,0.0873,0,355.82,-5.46,2.42,0.0129,0.0256,1.183,0,RURAL_AGRI_ALLIED
CUST_SAL_01427,salaried_tier1,75520.27,0.0495,0.5093,0.2499,38.9,0.4075,1,19427.48,1.4,9.34,0.078,0.089,2.1454,0,ESTABLISHED_FAMILY_HIGH_DEBT
CUST_RUR_01428,rural_agri,8073.86,0.7788,0.1013,0.0372,43.6,0.0929,0,133.46,-8.25,3.78,0.0434,0.058,0.5536,0,RURAL_AGRI_ALLIED
CUST_GIG_01429,gig_worker,34075.65,0.4143,0.1005,0.1009,6.5,0.1967,0,-2918.64,18.34,20.89,0.0346,0.1013,0.9058,0,EARLY_CAREER_GIG
CUST_RUR_01430,rural_agri,22010.54,0.6228,0.2428,0.1734,20.6,0.0333,1,-111.64,0.11,0.65,0.0061,0.0509,0.922,0,RURAL_AGRI_ALLIED
CUST_KIR_01431,kirana_msme,44402.32,0.3759,0.2475,0.1747,26.7,0.1072,0,162.85,2.09,11.4,0.0224,0.1967,1.0296,0,MSME_KIRANA_SEASONAL
CUST_KIR_01432,kirana_msme,18000.0,0.4283,0.2423,0.2579,29.3,0.1688,0,5709.01,10.55,6.2,0.0203,0.1244,0.8233,0,MSME_KIRANA_SEASONAL
CUST_KIR_01433,kirana_msme,40061.93,0.3374,0.2682,0.164,76.6,0.1674,0,-3724.23,-5.54,19.01,0.0009,0.2282,1.301,0,MSME_KIRANA_SEASONAL
CUST_GIG_01434,gig_worker,21094.85,0.5553,0.0913,0.0709,9.5,0.1393,0,903.95,3.49,13.93,0.1481,0.1284,1.3786,0,EARLY_CAREER_GIG
CUST_SAL_01435,salaried_tier1,87749.87,0.0207,0.2382,0.1468,59.1,0.5174,0,13889.12,-10.1,6.59,0.0775,0.0937,2.7181,0,EARLY_CAREER_SALARIED
CUST_SAL_01436,salaried_tier1,87804.52,0.0781,0.1657,0.1624,74.4,0.1815,0,-10057.87,-1.67,2.53,0.0632,0.0776,2.428,0,EARLY_CAREER_SALARIED
CUST_KIR_01437,kirana_msme,25613.56,0.4128,0.2262,0.0563,20.7,0.0937,0,-2389.53,7.92,18.28,0.0283,0.2404,1.4303,0,MSME_KIRANA_SEASONAL
CUST_GIG_01438,gig_worker,41833.49,0.6342,0.177,-0.1173,14.2,0.2633,2,-9191.63,8.14,22.61,0.1442,0.0868,0.8478,1,EARLY_CAREER_GIG
CUST_SAL_01439,salaried_tier1,47284.41,0.0764,0.4466,0.3048,38.4,0.5455,0,12552.32,9.15,8.57,0.0393,0.0675,2.2809,0,ESTABLISHED_FAMILY_HIGH_DEBT
CUST_GIG_01440,gig_worker,14830.82,0.2529,0.025,0.1369,35.1,0.2928,0,530.95,7.07,8.89,0.1629,0.0757,1.2122,0,EARLY_CAREER_GIG
CUST_RUR_01441,rural_agri,25422.24,0.6291,0.1763,0.1977,26.3,0.0858,2,-1371.86,3.82,0.7,0.0422,0.0136,0.9049,0,RURAL_AGRI_ALLIED
CUST_SAL_01442,salaried_tier1,55820.29,0.0727,0.2404,-0.0424,58.9,0.2742,0,-10404.07,-33.85,8.69,0.0532,0.1137,2.0789,0,EARLY_CAREER_SALARIED
CUST_GIG_01443,gig_worker,28130.63,0.3063,0.0982,-0.0236,30.6,0.2819,3,-6068.45,30.05,13.24,0.168,0.0922,0.751,1,EARLY_CAREER_GIG
CUST_KIR_01444,kirana_msme,50673.88,0.3252,0.1665,0.1857,76.6,0.1419,0,4841.03,28.43,17.37,0.0114,0.1883,1.7714,0,MSME_KIRANA_SEASONAL
CUST_RUR_01445,rural_agri,29672.74,0.5254,0.2458,-0.0121,10.1,0.0816,1,-3345.89,22.61,1.83,0.0336,0.0364,0.7444,0,RURAL_AGRI_ALLIED
CUST_SAL_01446,salaried_tier1,53968.31,0.0654,0.3299,0.2983,107.3,0.2875,0,19349.17,22.02,5.67,0.0495,0.0857,1.7179,0,EARLY_CAREER_SALARIED
CUST_GIG_01447,gig_worker,24357.03,0.3134,0.1159,0.0126,39.6,0.1571,0,-606.68,-9.21,18.49,0.1522,0.0348,1.1388,0,EARLY_CAREER_GIG
CUST_RUR_01448,rural_agri,26773.48,0.3787,0.0772,0.1109,40.8,0.0409,1,-3787.28,13.05,1.89,0.023,0.0177,0.6031,0,RURAL_AGRI_ALLIED
CUST_RUR_01449,rural_agri,18942.37,0.737,0.2394,-0.0481,31.4,0.0372,1,-2676.28,-3.56,1.62,0.0399,0.0126,0.907,0,RURAL_AGRI_ALLIED
CUST_GIG_01450,gig_worker,29357.28,0.3622,0.1022,0.1246,5.1,0.2584,0,-2626.13,26.46,10.39,0.199,0.0516,0.7141,0,EARLY_CAREER_GIG
CUST_KIR_01451,kirana_msme,37277.71,0.1985,0.1584,0.243,74.7,0.0846,0,11316.67,-1.1,5.88,0.022,0.0593,1.7206,0,MSME_KIRANA_SEASONAL
CUST_GIG_01452,gig_worker,10000.0,0.4169,0.133,-0.0871,18.0,0.2522,0,-2088.23,12.14,21.29,0.1601,0.1011,0.8936,0,EARLY_CAREER_GIG
CUST_RUR_01453,rural_agri,15698.5,0.5926,0.2053,0.0169,15.9,0.1005,2,-889.89,22.68,3.78,0.0322,0.0522,0.5342,1,RURAL_AGRI_ALLIED
CUST_GIG_01454,gig_worker,20309.7,0.4976,0.0035,0.0404,30.9,0.1326,0,-2428.98,31.81,13.21,0.1087,0.1392,1.0807,0,EARLY_CAREER_GIG
CUST_SAL_01455,salaried_tier1,41416.26,0.0798,0.218,0.0486,60.2,0.2826,0,-5430.36,7.9,5.93,0.0704,0.1085,1.9392,0,EARLY_CAREER_SALARIED
CUST_RUR_01456,rural_agri,32415.18,0.5786,0.1964,0.0653,11.1,0.1271,2,2429.82,-10.62,1.55,0.0136,0.0307,1.0742,0,RURAL_AGRI_ALLIED
CUST_GIG_01457,gig_worker,14166.23,0.3559,0.1413,0.1064,4.0,0.2045,0,-630.77,20.96,22.1,0.1551,0.1277,0.6767,0,EARLY_CAREER_GIG
CUST_GIG_01458,gig_worker,19153.86,0.3038,0.1595,-0.0814,9.5,0.2171,0,-5043.47,-14.78,10.13,0.03,0.1136,0.6404,1,EARLY_CAREER_GIG
CUST_SAL_01459,salaried_tier1,82884.07,0.0601,0.4294,0.1311,40.0,0.5382,0,-3199.6,-2.81,6.06,0.0331,0.0414,1.6703,0,ESTABLISHED_FAMILY_HIGH_DEBT
CUST_GIG_01460,gig_worker,17503.9,0.4866,0.14,0.0462,32.7,0.2355,3,443.32,6.97,25.57,0.0337,0.0646,0.9118,0,EARLY_CAREER_GIG
CUST_KIR_01461,kirana_msme,41713.39,0.3644,0.2655,0.2153,22.1,0.1787,0,5149.95,-0.94,11.57,0.0144,0.2234,1.1785,0,MSME_KIRANA_SEASONAL
CUST_GIG_01462,gig_worker,21022.21,0.4533,0.0265,0.1207,34.5,0.2833,1,1842.16,2.42,14.17,0.1128,0.1029,0.7662,0,EARLY_CAREER_GIG
CUST_SAL_01463,salaried_tier1,103113.96,0.0435,0.2836,-0.0391,117.0,0.4754,0,-21085.78,27.3,8.05,0.0698,0.0267,2.7994,0,EARLY_CAREER_SALARIED
CUST_GIG_01464,gig_worker,22793.33,0.4271,0.0432,-0.0599,43.6,0.1435,0,-6318.16,3.59,21.42,0.1533,0.1205,1.0826,0,EARLY_CAREER_GIG
CUST_RUR_01465,rural_agri,20742.54,0.6011,0.0131,0.019,9.1,0.1198,0,-1260.98,30.26,2.79,0.0231,0.0385,0.63,0,RURAL_AGRI_ALLIED
CUST_SAL_01466,salaried_tier1,85071.3,0.0443,0.2915,0.1955,66.5,0.4392,0,-13561.54,-2.55,6.43,0.0444,0.087,2.5446,0,EARLY_CAREER_SALARIED
CUST_RUR_01467,rural_agri,16836.58,0.5185,0.1497,0.1902,53.2,0.0637,1,1684.34,12.18,1.82,0.0387,0.0186,0.5395,0,RURAL_AGRI_ALLIED
CUST_KIR_01468,kirana_msme,50961.06,0.1862,0.1791,0.1611,41.8,0.1751,0,6661.2,16.35,10.5,0.0069,0.2275,0.8603,0,MSME_KIRANA_SEASONAL
CUST_RUR_01469,rural_agri,34335.5,0.6774,0.1386,0.1815,58.7,0.1494,1,3197.68,-10.89,2.72,0.043,0.0736,1.1528,0,RURAL_AGRI_ALLIED
CUST_GIG_01470,gig_worker,31670.86,0.3432,0.0957,0.0196,28.4,0.2859,1,-5275.21,20.08,19.64,0.1717,0.0616,1.3077,0,EARLY_CAREER_GIG
CUST_GIG_01471,gig_worker,10000.0,0.4723,0.0241,-0.0136,22.1,0.1984,0,-1854.99,-3.85,21.04,0.1802,0.0968,1.4616,0,EARLY_CAREER_GIG
CUST_GIG_01472,gig_worker,24705.66,0.4083,0.1598,0.013,40.1,0.2939,0,-5254.14,6.87,21.3,0.0819,0.062,0.9553,0,EARLY_CAREER_GIG
CUST_RUR_01473,rural_agri,30151.66,0.5314,0.1257,-0.039,54.7,0.1205,1,-12547.92,6.03,2.06,0.0041,0.0678,1.1649,0,RURAL_AGRI_ALLIED
CUST_KIR_01474,kirana_msme,51475.59,0.2854,0.2746,0.1248,47.1,0.1921,0,-154.36,29.97,12.77,0.0232,0.0759,1.3785,0,MSME_KIRANA_SEASONAL
CUST_KIR_01475,kirana_msme,35587.84,0.3615,0.1758,0.0528,62.9,0.188,0,-2243.18,25.29,19.57,0.0021,0.0545,1.3907,0,MSME_KIRANA_SEASONAL
CUST_GIG_01476,gig_worker,25243.73,0.5126,0.0664,0.0047,43.6,0.1276,0,-3317.88,-2.41,10.76,0.0374,0.0316,1.162,0,EARLY_CAREER_GIG
CUST_RUR_01477,rural_agri,18267.41,0.3129,0.0335,-0.0031,26.7,0.1428,0,-3379.83,8.94,1.85,0.0,0.073,0.8474,0,RURAL_AGRI_ALLIED
CUST_GIG_01478,gig_worker,33666.06,0.2629,0.138,-0.1259,12.9,0.1152,2,-9163.02,-8.38,8.81,0.1299,0.0715,0.7624,1,EARLY_CAREER_GIG
CUST_GIG_01479,gig_worker,27482.46,0.3957,0.0343,0.028,35.7,0.1487,0,2840.15,-0.31,21.65,0.1981,0.0316,0.7929,0,EARLY_CAREER_GIG
CUST_KIR_01480,kirana_msme,32131.58,0.4263,0.0701,0.2443,47.7,0.1717,0,-1820.73,22.89,23.92,0.0025,0.1695,0.8393,0,MSME_KIRANA_SEASONAL
CUST_RUR_01481,rural_agri,25732.87,0.6529,0.175,0.1563,9.8,0.043,1,-1850.74,8.28,3.06,0.048,0.0757,1.1677,0,RURAL_AGRI_ALLIED
CUST_SAL_01482,salaried_tier1,90269.41,0.0591,0.2069,0.3038,50.6,0.4295,0,11372.79,5.85,10.16,0.021,0.1177,2.1501,0,EARLY_CAREER_SALARIED
CUST_KIR_01483,kirana_msme,36860.09,0.3673,0.0605,0.1713,75.7,0.134,0,822.32,-9.69,23.43,0.0185,0.1943,1.287,0,MSME_KIRANA_SEASONAL
CUST_SAL_01484,salaried_tier1,72976.98,0.0424,0.3668,0.2331,92.1,0.2159,0,-4876.75,-9.43,2.12,0.0141,0.0846,2.3745,0,ESTABLISHED_FAMILY_HIGH_DEBT
CUST_KIR_01485,kirana_msme,55473.98,0.3357,0.2314,0.1207,61.2,0.0715,0,1437.92,-0.29,9.33,0.0022,0.1276,0.8332,0,MSME_KIRANA_SEASONAL
CUST_KIR_01486,kirana_msme,52128.75,0.3029,0.1092,0.2805,23.8,0.1533,0,15711.23,-7.75,9.81,0.0129,0.2246,1.241,0,MSME_KIRANA_SEASONAL
CUST_KIR_01487,kirana_msme,30769.48,0.4223,0.1816,0.1915,32.3,0.1248,0,-3419.24,-2.66,10.1,0.0009,0.1173,1.3587,0,MSME_KIRANA_SEASONAL
CUST_GIG_01488,gig_worker,26823.63,0.5634,0.0058,0.0843,24.9,0.1615,3,7272.75,-7.08,18.83,0.0846,0.0933,0.7441,0,EARLY_CAREER_GIG
CUST_KIR_01489,kirana_msme,62909.73,0.3808,0.0727,0.1243,65.5,0.0705,0,12329.65,17.48,11.7,0.0254,0.2049,0.859,0,MSME_KIRANA_SEASONAL
CUST_KIR_01490,kirana_msme,47574.81,0.4439,0.2237,0.2003,48.6,0.1854,0,15358.32,11.78,8.93,0.0033,0.1138,0.8092,0,MSME_KIRANA_SEASONAL
CUST_SAL_01491,salaried_tier1,78406.18,0.0603,0.3551,0.0948,105.8,0.2773,0,-5504.82,9.47,9.15,0.056,0.0388,1.8935,0,ESTABLISHED_FAMILY_HIGH_DEBT
CUST_KIR_01492,kirana_msme,28631.95,0.4028,0.2946,0.1014,60.4,0.0508,0,4980.78,20.84,8.87,0.0226,0.2121,1.2143,0,MSME_KIRANA_SEASONAL
CUST_SAL_01493,salaried_tier1,72924.63,0.0665,0.4699,0.1615,79.2,0.3565,1,16965.67,-19.76,4.64,0.019,0.1019,1.8062,0,ESTABLISHED_FAMILY_HIGH_DEBT
CUST_SAL_01494,salaried_tier1,60995.12,0.021,0.3065,0.1537,26.4,0.3651,0,8597.39,3.96,5.53,0.0337,0.1123,1.9909,0,EARLY_CAREER_SALARIED
CUST_GIG_01495,gig_worker,26775.59,0.2884,0.0823,-0.028,40.3,0.1274,0,-4392.94,-21.74,27.08,0.1308,0.1052,0.721,0,EARLY_CAREER_GIG
CUST_GIG_01496,gig_worker,26582.26,0.6318,0.072,0.1149,9.2,0.2859,0,-3812.44,40.05,17.26,0.1521,0.1164,0.9418,0,EARLY_CAREER_GIG
CUST_GIG_01497,gig_worker,28631.24,0.4733,0.142,0.0651,12.9,0.2494,0,-7762.89,30.41,10.04,0.154,0.0933,1.2445,0,EARLY_CAREER_GIG
CUST_KIR_01498,kirana_msme,60871.58,0.2643,0.1147,0.1797,63.6,0.113,0,7442.46,-9.05,5.72,0.0067,0.1401,1.3234,0,MSME_KIRANA_SEASONAL
CUST_KIR_01499,kirana_msme,39289.64,0.4155,0.2472,0.0989,85.3,0.0974,0,76.58,18.8,19.82,0.0275,0.2229,1.619,0,MSME_KIRANA_SEASONAL
CUST_RUR_01500,rural_agri,20783.73,0.337,0.2104,0.1883,27.3,0.057,0,6114.4,30.67,4.35,0.0456,0.0165,0.6661,0,RURAL_AGRI_ALLIED
CUST_KIR_01501,kirana_msme,52792.54,0.3646,0.2594,0.1631,72.4,0.0953,0,-7196.59,23.06,12.18,0.0011,0.1066,0.9873,0,MSME_KIRANA_SEASONAL
CUST_KIR_01502,kirana_msme,42063.12,0.3209,0.1296,0.1545,69.9,0.0514,0,309.83,29.14,7.55,0.0288,0.1253,0.9424,0,MSME_KIRANA_SEASONAL
CUST_SAL_01503,salaried_tier1,72299.46,0.0498,0.2999,0.2528,46.0,0.1968,0,12600.13,-6.01,2.52,0.0435,0.094,2.0035,0,EARLY_CAREER_SALARIED
CUST_KIR_01504,kirana_msme,71326.25,0.1674,0.065,0.1427,33.6,0.1902,0,-1261.66,14.58,19.1,0.0112,0.0764,1.0873,0,MSME_KIRANA_SEASONAL
CUST_KIR_01505,kirana_msme,35890.1,0.3548,0.2565,0.229,65.2,0.1875,0,2075.79,-1.42,13.29,0.0112,0.1336,0.9675,0,MSME_KIRANA_SEASONAL
CUST_KIR_01506,kirana_msme,56813.3,0.2676,0.0608,0.2265,40.4,0.0868,0,7304.57,-5.38,21.38,0.0176,0.1145,1.5238,0,MSME_KIRANA_SEASONAL
CUST_GIG_01507,gig_worker,24402.65,0.2608,0.1325,-0.0159,43.8,0.2602,0,-1109.32,-1.69,17.71,0.0618,0.1138,1.2481,0,EARLY_CAREER_GIG
CUST_KIR_01508,kirana_msme,64491.47,0.1932,0.1372,0.1965,29.7,0.1779,0,17142.31,-17.31,7.32,0.0158,0.174,0.9028,0,MSME_KIRANA_SEASONAL
CUST_GIG_01509,gig_worker,18320.64,0.5784,0.0326,0.0841,31.4,0.1518,0,-2099.0,5.6,10.57,0.1842,0.0984,1.0,0,EARLY_CAREER_GIG
CUST_GIG_01510,gig_worker,24783.48,0.595,0.1056,-0.1187,8.7,0.259,3,-6179.74,4.53,8.22,0.0863,0.0337,0.7795,1,EARLY_CAREER_GIG
CUST_RUR_01511,rural_agri,11243.63,0.4728,0.0556,0.1312,43.3,0.0733,0,2746.38,22.45,0.85,0.0312,0.046,0.5009,0,RURAL_AGRI_ALLIED
CUST_GIG_01512,gig_worker,10000.0,0.3145,0.1641,0.0229,6.9,0.2228,0,-673.28,6.26,26.38,0.1321,0.1178,1.3302,0,EARLY_CAREER_GIG
CUST_RUR_01513,rural_agri,18854.49,0.5968,0.2247,-0.0406,10.4,0.1129,2,1058.6,7.26,4.03,0.0417,0.059,1.0953,1,RURAL_AGRI_ALLIED
CUST_SAL_01514,salaried_tier1,55940.42,0.0516,0.2758,0.0787,32.8,0.2675,0,-5673.28,27.23,9.69,0.0704,0.102,2.1148,0,EARLY_CAREER_SALARIED
CUST_SAL_01515,salaried_tier1,63104.51,0.0741,0.4095,0.2707,79.7,0.2128,1,9964.7,2.08,10.08,0.0642,0.0498,2.3154,0,ESTABLISHED_FAMILY_HIGH_DEBT
CUST_SAL_01516,salaried_tier1,87646.1,0.0898,0.4374,-0.0404,50.8,0.4229,0,-13235.87,11.3,11.15,0.0348,0.0906,2.5414,1,ESTABLISHED_FAMILY_HIGH_DEBT
CUST_GIG_01517,gig_worker,30660.48,0.5065,0.0955,0.0525,35.5,0.2926,2,2265.84,10.36,21.9,0.1276,0.0445,1.3151,0,EARLY_CAREER_GIG
CUST_RUR_01518,rural_agri,22253.57,0.5194,0.0065,-0.0018,28.1,0.0883,3,1022.69,2.4,3.35,0.0184,0.0793,0.5761,0,RURAL_AGRI_ALLIED
CUST_SAL_01519,salaried_tier1,68018.07,0.0334,0.3723,0.0405,81.8,0.525,0,-3810.08,4.98,4.97,0.0149,0.0486,1.8551,0,ESTABLISHED_FAMILY_HIGH_DEBT
CUST_RUR_01520,rural_agri,26038.47,0.3298,0.085,-0.0135,10.7,0.0735,0,-350.61,-0.06,5.36,0.0227,0.0623,0.9441,0,RURAL_AGRI_ALLIED
CUST_SAL_01521,salaried_tier1,60978.38,0.0642,0.5452,0.2673,54.9,0.3803,0,5375.41,-3.19,9.36,0.0499,0.0869,2.5695,0,ESTABLISHED_FAMILY_HIGH_DEBT
CUST_RUR_01522,rural_agri,23383.71,0.7252,0.1023,0.194,16.9,0.08,0,-593.92,21.15,2.07,0.0235,0.0231,1.1512,0,RURAL_AGRI_ALLIED
CUST_KIR_01523,kirana_msme,59086.33,0.4234,0.0682,0.2391,37.9,0.0763,0,4020.97,-7.94,12.9,0.0012,0.2317,1.5056,0,MSME_KIRANA_SEASONAL
CUST_SAL_01524,salaried_tier1,57479.89,0.0471,0.359,0.1569,36.9,0.4607,0,3248.09,-9.9,4.72,0.0398,0.0408,2.2545,0,ESTABLISHED_FAMILY_HIGH_DEBT
CUST_KIR_01525,kirana_msme,24907.62,0.3255,0.152,0.2136,86.7,0.1293,0,2464.8,2.0,23.44,0.0064,0.2155,1.553,0,MSME_KIRANA_SEASONAL
CUST_SAL_01526,salaried_tier1,74102.2,0.0702,0.3023,0.2667,47.0,0.2206,0,11339.25,14.86,10.26,0.042,0.1015,2.2361,0,EARLY_CAREER_SALARIED
CUST_SAL_01527,salaried_tier1,56995.25,0.0886,0.2364,0.2741,44.7,0.1638,0,1216.08,0.18,4.62,0.0558,0.0899,2.4696,0,EARLY_CAREER_SALARIED
CUST_KIR_01528,kirana_msme,53732.5,0.246,0.0958,0.1414,66.9,0.1546,0,1416.93,1.6,10.77,0.0137,0.1995,1.6818,0,MSME_KIRANA_SEASONAL
CUST_RUR_01529,rural_agri,25427.7,0.4792,0.1201,0.1714,49.1,0.0592,0,1424.62,1.04,5.52,0.0499,0.0642,0.7471,0,RURAL_AGRI_ALLIED
CUST_KIR_01530,kirana_msme,31947.35,0.3399,0.2017,0.1702,86.1,0.0535,0,8197.62,-7.2,19.28,0.0203,0.052,1.2098,0,MSME_KIRANA_SEASONAL
CUST_KIR_01531,kirana_msme,52843.07,0.2219,0.1687,0.1117,60.6,0.1581,0,-4211.88,-5.82,21.5,0.0028,0.1921,1.403,0,MSME_KIRANA_SEASONAL
CUST_GIG_01532,gig_worker,11647.59,0.5785,0.0086,-0.1204,24.9,0.2096,1,-2214.33,7.14,24.84,0.192,0.0899,0.8333,0,EARLY_CAREER_GIG
CUST_GIG_01533,gig_worker,21471.59,0.285,0.1978,-0.0813,29.7,0.1426,1,-5192.68,11.67,23.71,0.0488,0.1374,0.7894,0,EARLY_CAREER_GIG
CUST_SAL_01534,salaried_tier1,71375.27,0.0419,0.2388,0.1803,54.1,0.2062,0,-4541.55,-23.26,9.35,0.0172,0.0821,2.0031,0,EARLY_CAREER_SALARIED
CUST_KIR_01535,kirana_msme,38272.64,0.3543,0.2869,0.1912,47.8,0.0902,0,7617.91,-9.05,18.31,0.0128,0.219,1.4821,0,MSME_KIRANA_SEASONAL
CUST_SAL_01536,salaried_tier1,37968.8,0.0205,0.473,-0.0009,68.5,0.2845,0,5042.37,-14.15,11.97,0.0386,0.0382,2.1206,1,ESTABLISHED_FAMILY_HIGH_DEBT
CUST_SAL_01537,salaried_tier1,66798.95,0.0541,0.2242,0.2636,28.6,0.5161,0,7895.59,18.88,11.63,0.0316,0.065,1.5359,0,EARLY_CAREER_SALARIED
CUST_GIG_01538,gig_worker,14698.12,0.2917,0.1451,-0.0789,8.8,0.1899,2,-2705.18,11.78,13.53,0.1718,0.0477,0.8509,1,EARLY_CAREER_GIG
CUST_SAL_01539,salaried_tier1,49478.79,0.0959,0.5444,0.044,85.3,0.4867,0,-5288.08,-0.76,2.11,0.0388,0.1099,1.744,1,ESTABLISHED_FAMILY_HIGH_DEBT
CUST_KIR_01540,kirana_msme,52884.6,0.3042,0.198,0.074,53.4,0.1988,0,6996.82,20.63,10.91,0.0162,0.1648,1.3192,0,MSME_KIRANA_SEASONAL
CUST_GIG_01541,gig_worker,25696.42,0.2544,0.1579,-0.0722,37.3,0.1384,0,-11897.53,0.0,27.71,0.0844,0.0431,0.7393,0,EARLY_CAREER_GIG
CUST_SAL_01542,salaried_tier1,68305.19,0.0371,0.3577,0.0063,60.1,0.3892,0,-10975.8,29.89,5.03,0.0268,0.0805,2.0184,0,ESTABLISHED_FAMILY_HIGH_DEBT
CUST_GIG_01543,gig_worker,19291.05,0.3339,0.1081,-0.0117,16.9,0.2529,0,-3976.76,-15.93,10.33,0.1614,0.0742,1.4774,0,EARLY_CAREER_GIG
CUST_SAL_01544,salaried_tier1,78705.99,0.0628,0.2117,0.0171,118.9,0.3311,0,-17495.22,-12.46,4.68,0.0458,0.0536,1.7792,0,EARLY_CAREER_SALARIED
CUST_RUR_01545,rural_agri,15415.27,0.7449,0.0497,0.1271,24.2,0.0869,0,35.29,-9.1,5.15,0.0143,0.027,0.9875,0,RURAL_AGRI_ALLIED
CUST_KIR_01546,kirana_msme,33901.14,0.336,0.1784,0.0785,65.4,0.117,0,308.2,-4.99,14.84,0.0027,0.2415,1.1534,0,MSME_KIRANA_SEASONAL
CUST_RUR_01547,rural_agri,15273.51,0.5984,0.0693,0.12,44.8,0.0962,0,2081.12,17.89,2.61,0.0073,0.0336,0.6776,0,RURAL_AGRI_ALLIED
CUST_GIG_01548,gig_worker,14356.67,0.5831,0.1781,-0.027,4.1,0.2329,1,-3070.89,-1.26,19.9,0.13,0.0754,0.6162,1,EARLY_CAREER_GIG
CUST_SAL_01549,salaried_tier1,72314.4,0.0399,0.3926,0.2448,117.3,0.302,0,28043.35,-7.23,8.24,0.0763,0.0304,2.7844,0,ESTABLISHED_FAMILY_HIGH_DEBT
CUST_GIG_01550,gig_worker,12747.96,0.3008,0.1176,0.0019,32.2,0.1471,0,-1241.66,-11.71,20.2,0.1019,0.1404,0.6192,0,EARLY_CAREER_GIG
CUST_RUR_01551,rural_agri,22049.37,0.3081,0.0817,0.1831,41.0,0.0939,0,1158.88,28.28,1.62,0.0124,0.0234,1.0834,0,RURAL_AGRI_ALLIED
CUST_GIG_01552,gig_worker,10000.0,0.2748,0.0909,-0.0637,14.5,0.1289,0,-249.21,9.53,14.18,0.1964,0.1419,0.9178,0,EARLY_CAREER_GIG
CUST_RUR_01553,rural_agri,22891.0,0.6043,0.0532,0.1068,16.3,0.0707,0,-26.33,7.46,0.53,0.044,0.0307,0.6715,0,RURAL_AGRI_ALLIED
CUST_RUR_01554,rural_agri,32199.68,0.4472,0.0756,0.0273,22.3,0.1398,0,-9437.57,0.34,4.95,0.0417,0.0178,0.6642,0,RURAL_AGRI_ALLIED
CUST_SAL_01555,salaried_tier1,50476.44,0.0433,0.382,0.2804,53.2,0.2892,0,6308.75,26.17,9.52,0.0329,0.0786,2.3379,0,ESTABLISHED_FAMILY_HIGH_DEBT
CUST_SAL_01556,salaried_tier1,56792.34,0.0541,0.5058,0.1793,116.4,0.1913,0,-284.13,21.16,8.0,0.0668,0.1041,2.0448,0,ESTABLISHED_FAMILY_HIGH_DEBT
CUST_GIG_01557,gig_worker,21969.59,0.5831,0.1843,-0.0025,33.6,0.1629,0,-854.42,-17.69,11.93,0.1078,0.1347,1.1279,0,EARLY_CAREER_GIG
CUST_KIR_01558,kirana_msme,18355.52,0.176,0.0509,0.2746,35.2,0.1139,1,-200.24,19.49,7.16,0.0153,0.196,1.6268,0,MSME_KIRANA_SEASONAL
CUST_RUR_01559,rural_agri,9949.88,0.5324,0.162,0.0826,8.9,0.0378,4,-376.01,3.09,2.12,0.0384,0.0387,0.6063,0,RURAL_AGRI_ALLIED
CUST_RUR_01560,rural_agri,8417.77,0.7595,0.0712,0.0984,11.2,0.0771,2,2215.69,33.32,3.74,0.0077,0.0172,0.6574,0,RURAL_AGRI_ALLIED
CUST_KIR_01561,kirana_msme,38808.09,0.2108,0.0924,0.0727,75.8,0.1243,0,-2447.87,4.89,12.42,0.005,0.1048,1.7506,0,MSME_KIRANA_SEASONAL
CUST_SAL_01562,salaried_tier1,71155.31,0.0735,0.4609,0.2341,36.6,0.1964,0,-6358.1,-6.12,2.85,0.0469,0.0527,1.7586,0,ESTABLISHED_FAMILY_HIGH_DEBT
CUST_GIG_01563,gig_worker,23105.25,0.475,0.1391,-0.0007,23.3,0.1609,0,-4265.48,8.66,14.35,0.0408,0.0501,1.4516,0,EARLY_CAREER_GIG
CUST_SAL_01564,salaried_tier1,82005.16,0.0859,0.3702,0.0208,30.6,0.3796,0,-834.99,12.65,6.98,0.0522,0.0232,2.2255,0,ESTABLISHED_FAMILY_HIGH_DEBT
CUST_RUR_01565,rural_agri,21509.83,0.7177,0.1033,0.0849,11.5,0.0764,2,-234.82,16.24,3.16,0.0088,0.0662,0.9359,0,RURAL_AGRI_ALLIED
CUST_KIR_01566,kirana_msme,21526.26,0.1622,0.1081,0.2723,77.3,0.1362,0,7253.3,12.0,14.32,0.0193,0.1115,1.4471,0,MSME_KIRANA_SEASONAL
CUST_GIG_01567,gig_worker,30260.17,0.4449,0.0349,-0.1267,32.4,0.2703,2,-8666.99,16.02,10.83,0.046,0.0714,1.1901,0,EARLY_CAREER_GIG
CUST_SAL_01568,salaried_tier1,57953.31,0.0634,0.4724,0.0604,109.2,0.2445,0,-1791.03,-18.9,10.37,0.0392,0.0997,1.7079,0,ESTABLISHED_FAMILY_HIGH_DEBT
CUST_GIG_01569,gig_worker,20544.73,0.5708,0.0201,0.0409,32.5,0.2778,0,2023.11,6.39,16.67,0.0951,0.0428,1.1438,0,EARLY_CAREER_GIG
CUST_KIR_01570,kirana_msme,35146.9,0.3985,0.0702,0.2062,80.8,0.1758,0,9613.18,3.41,13.55,0.0252,0.1562,1.5452,0,MSME_KIRANA_SEASONAL
CUST_GIG_01571,gig_worker,32190.66,0.494,0.1391,0.1254,36.0,0.1283,2,9293.56,10.26,20.44,0.1801,0.0421,0.7099,0,EARLY_CAREER_GIG
CUST_SAL_01572,salaried_tier1,25000.0,0.0524,0.5375,0.0307,75.9,0.1833,0,-1616.81,-2.65,5.03,0.079,0.0701,2.4923,1,ESTABLISHED_FAMILY_HIGH_DEBT
CUST_GIG_01573,gig_worker,10000.0,0.4162,0.1287,0.0486,9.5,0.1899,1,501.48,0.74,11.32,0.0832,0.0555,0.999,0,EARLY_CAREER_GIG
CUST_RUR_01574,rural_agri,13554.66,0.6019,0.2483,0.1892,50.6,0.062,0,1330.82,10.55,0.81,0.0103,0.0481,1.0835,0,RURAL_AGRI_ALLIED
CUST_SAL_01575,salaried_tier1,83845.75,0.0853,0.2379,0.2416,52.3,0.4167,0,19721.92,2.37,11.72,0.0131,0.0294,2.4173,0,EARLY_CAREER_SALARIED
CUST_SAL_01576,salaried_tier1,87820.15,0.0579,0.3438,0.2368,53.0,0.2913,0,5543.16,-13.67,2.14,0.0201,0.0413,2.5141,0,EARLY_CAREER_SALARIED
CUST_SAL_01577,salaried_tier1,89585.29,0.0354,0.3752,0.0971,68.1,0.3983,1,5159.49,-20.15,2.87,0.0539,0.0594,1.75,0,ESTABLISHED_FAMILY_HIGH_DEBT
CUST_GIG_01578,gig_worker,27163.79,0.3477,0.0988,-0.0052,22.0,0.2551,0,-6899.27,-8.02,23.83,0.0866,0.0517,1.4139,0,EARLY_CAREER_GIG
CUST_GIG_01579,gig_worker,18547.25,0.6157,0.0197,-0.0662,7.6,0.1365,2,-2917.05,13.76,12.55,0.1782,0.1261,1.1537,1,EARLY_CAREER_GIG
CUST_KIR_01580,kirana_msme,45430.93,0.2622,0.1059,0.1894,82.3,0.1391,0,17096.9,-11.94,18.9,0.0195,0.1841,1.1569,0,MSME_KIRANA_SEASONAL
CUST_SAL_01581,salaried_tier1,67053.12,0.054,0.294,0.2628,93.3,0.5121,0,6035.03,-5.11,10.92,0.0796,0.1169,2.2334,0,EARLY_CAREER_SALARIED
CUST_KIR_01582,kirana_msme,52304.77,0.234,0.21,0.1291,51.5,0.1074,0,5750.15,15.84,16.55,0.0108,0.1826,1.0342,0,MSME_KIRANA_SEASONAL
CUST_GIG_01583,gig_worker,21579.18,0.5565,0.0738,-0.1003,24.1,0.2235,0,-5021.13,17.23,24.19,0.1184,0.0342,0.8625,0,EARLY_CAREER_GIG
CUST_KIR_01584,kirana_msme,52580.32,0.353,0.1678,0.2789,47.4,0.0853,0,6478.87,19.37,11.7,0.0103,0.1296,1.3733,0,MSME_KIRANA_SEASONAL
CUST_RUR_01585,rural_agri,13592.38,0.4989,0.0913,-0.015,9.7,0.0622,0,1657.8,9.05,4.76,0.0198,0.0761,0.8834,0,RURAL_AGRI_ALLIED
CUST_SAL_01586,salaried_tier1,46081.42,0.0778,0.3901,0.1528,87.8,0.3276,0,3896.33,1.62,9.17,0.0714,0.1041,2.0179,0,ESTABLISHED_FAMILY_HIGH_DEBT
CUST_GIG_01587,gig_worker,21849.18,0.4259,0.1499,0.0421,20.5,0.2293,0,-750.34,5.1,20.93,0.0647,0.1133,0.8482,0,EARLY_CAREER_GIG
CUST_KIR_01588,kirana_msme,20735.04,0.3047,0.2113,0.2913,78.3,0.1576,0,1944.76,-5.45,5.65,0.0108,0.2197,1.1921,0,MSME_KIRANA_SEASONAL
CUST_KIR_01589,kirana_msme,30952.53,0.1686,0.2035,0.162,62.4,0.132,0,-1594.24,1.33,20.43,0.015,0.1208,1.551,0,MSME_KIRANA_SEASONAL
CUST_GIG_01590,gig_worker,26447.2,0.4439,0.0847,0.0058,9.8,0.1039,0,2957.61,-20.49,19.77,0.1116,0.0986,1.2386,0,EARLY_CAREER_GIG
CUST_GIG_01591,gig_worker,35078.64,0.4356,0.1513,0.0253,5.3,0.2758,0,806.53,12.15,9.76,0.1525,0.1145,0.7241,0,EARLY_CAREER_GIG
CUST_RUR_01592,rural_agri,24560.99,0.6097,0.2449,-0.0063,57.6,0.0478,2,-8396.3,7.11,4.99,0.0014,0.0155,0.943,0,RURAL_AGRI_ALLIED
CUST_SAL_01593,salaried_tier1,85936.97,0.0574,0.1772,0.0338,15.8,0.4607,0,-3556.85,11.82,6.12,0.0114,0.0435,2.7973,1,EARLY_CAREER_SALARIED
CUST_SAL_01594,salaried_tier1,90568.03,0.04,0.4753,0.0015,112.2,0.2304,0,4532.67,34.77,3.88,0.0469,0.0887,1.9414,1,ESTABLISHED_FAMILY_HIGH_DEBT
CUST_GIG_01595,gig_worker,21058.9,0.6396,0.1639,-0.128,21.9,0.2197,0,-4988.03,-5.8,18.67,0.0654,0.0469,1.1202,0,EARLY_CAREER_GIG
CUST_GIG_01596,gig_worker,29112.41,0.5444,0.0553,0.1118,31.9,0.1561,0,-2720.89,36.86,12.23,0.1097,0.1084,1.254,0,EARLY_CAREER_GIG
CUST_SAL_01597,salaried_tier1,37353.29,0.0528,0.3628,0.262,83.7,0.3206,3,7011.55,-0.83,4.07,0.0339,0.0429,1.6401,0,ESTABLISHED_FAMILY_HIGH_DEBT
CUST_SAL_01598,salaried_tier1,55750.08,0.0747,0.5003,0.2694,34.1,0.3762,0,3629.4,-14.09,10.06,0.042,0.035,1.9037,0,ESTABLISHED_FAMILY_HIGH_DEBT
CUST_SAL_01599,salaried_tier1,61825.98,0.048,0.5248,0.175,103.5,0.4543,0,-13640.66,2.96,2.02,0.0529,0.0556,2.146,0,ESTABLISHED_FAMILY_HIGH_DEBT
CUST_RUR_01600,rural_agri,24178.06,0.7256,0.0835,-0.0573,20.5,0.1379,0,-10128.11,15.02,3.06,0.0424,0.0756,0.7305,0,RURAL_AGRI_ALLIED
CUST_SAL_01601,salaried_tier1,62008.86,0.0959,0.3539,0.0244,66.2,0.4633,0,-6689.34,24.7,7.7,0.0707,0.071,2.6232,0,ESTABLISHED_FAMILY_HIGH_DEBT
CUST_KIR_01602,kirana_msme,33781.0,0.255,0.206,0.0981,30.4,0.094,0,-594.92,13.48,10.17,0.0037,0.1898,1.5434,0,MSME_KIRANA_SEASONAL
CUST_SAL_01603,salaried_tier1,48415.72,0.0371,0.1841,0.3086,117.9,0.5318,1,5956.23,27.14,8.61,0.0678,0.0408,2.601,0,EARLY_CAREER_SALARIED
CUST_KIR_01604,kirana_msme,50335.05,0.4017,0.1685,0.2293,88.6,0.073,0,11526.96,16.79,17.86,0.0263,0.1319,1.3224,0,MSME_KIRANA_SEASONAL
CUST_SAL_01605,salaried_tier1,67939.82,0.0433,0.5212,-0.0149,63.2,0.529,1,-11023.77,5.28,7.89,0.0297,0.0567,2.4118,1,ESTABLISHED_FAMILY_HIGH_DEBT
CUST_KIR_01606,kirana_msme,62563.99,0.2573,0.1661,0.1888,76.1,0.0817,0,-3675.81,-10.5,6.52,0.0181,0.0878,0.9301,0,MSME_KIRANA_SEASONAL
CUST_SAL_01607,salaried_tier1,112944.79,0.0713,0.2078,0.2034,57.5,0.3359,0,6967.01,19.55,3.47,0.0711,0.0412,1.9322,0,EARLY_CAREER_SALARIED
CUST_RUR_01608,rural_agri,26076.37,0.3919,0.0881,-0.0622,34.8,0.0651,1,-2297.66,-2.85,0.83,0.0216,0.0771,0.5002,0,RURAL_AGRI_ALLIED
CUST_SAL_01609,salaried_tier1,91759.63,0.0308,0.27,-0.0275,64.9,0.2336,0,-24830.56,7.97,5.51,0.0476,0.0949,2.0346,0,EARLY_CAREER_SALARIED
CUST_KIR_01610,kirana_msme,44225.62,0.3262,0.2892,0.1935,31.1,0.1276,0,1853.2,13.1,8.94,0.015,0.08,1.2794,0,MSME_KIRANA_SEASONAL
CUST_RUR_01611,rural_agri,8210.5,0.3228,0.1581,0.012,54.9,0.0342,0,238.83,15.05,5.81,0.0014,0.0601,1.1645,0,RURAL_AGRI_ALLIED
CUST_GIG_01612,gig_worker,18252.52,0.4473,0.1576,-0.0015,21.0,0.0825,0,213.83,22.32,23.29,0.0738,0.1109,0.7123,0,EARLY_CAREER_GIG
CUST_KIR_01613,kirana_msme,31304.1,0.4089,0.0532,0.0954,62.7,0.1726,0,-3576.54,5.72,16.14,0.0019,0.1744,1.4534,0,MSME_KIRANA_SEASONAL
CUST_KIR_01614,kirana_msme,42951.64,0.3343,0.0806,0.1446,38.3,0.1042,0,1794.75,-0.67,16.05,0.0072,0.1771,1.1592,0,MSME_KIRANA_SEASONAL
CUST_KIR_01615,kirana_msme,77972.09,0.3194,0.1414,0.2105,22.0,0.1055,0,9709.41,-17.78,15.15,0.0196,0.2018,0.8206,0,MSME_KIRANA_SEASONAL
CUST_GIG_01616,gig_worker,26371.44,0.6027,0.1041,0.0484,18.0,0.1654,0,-6256.03,11.23,15.18,0.0624,0.0743,1.2351,1,EARLY_CAREER_GIG
CUST_RUR_01617,rural_agri,23672.75,0.3374,0.0124,-0.0618,11.4,0.0405,1,-4600.08,12.28,4.06,0.0344,0.063,0.9206,0,RURAL_AGRI_ALLIED
CUST_GIG_01618,gig_worker,27749.76,0.3429,0.0117,0.046,34.1,0.1423,0,-1116.64,3.75,27.2,0.0487,0.0381,0.6536,0,EARLY_CAREER_GIG
CUST_GIG_01619,gig_worker,24892.74,0.6095,0.052,0.0386,4.8,0.165,0,-2768.92,22.44,20.89,0.0521,0.1333,0.8058,0,EARLY_CAREER_GIG
CUST_GIG_01620,gig_worker,20988.28,0.3842,0.1431,0.0115,42.2,0.1325,0,5694.34,-5.47,24.12,0.0468,0.0847,0.8845,0,EARLY_CAREER_GIG
CUST_KIR_01621,kirana_msme,50822.73,0.1695,0.1775,0.2898,88.5,0.1298,0,-6139.06,6.64,24.94,0.0082,0.1406,1.0855,0,MSME_KIRANA_SEASONAL
CUST_SAL_01622,salaried_tier1,111369.71,0.0429,0.476,-0.0487,50.0,0.4138,1,5713.17,3.59,7.41,0.0477,0.1074,1.805,1,ESTABLISHED_FAMILY_HIGH_DEBT
CUST_GIG_01623,gig_worker,17047.88,0.4828,0.0637,-0.0351,21.5,0.173,1,-1653.35,30.96,14.58,0.1871,0.1426,1.2915,0,EARLY_CAREER_GIG
CUST_RUR_01624,rural_agri,12306.82,0.6392,0.1504,-0.0499,53.6,0.1116,0,-3147.81,3.44,1.12,0.0234,0.0218,0.9785,0,RURAL_AGRI_ALLIED
CUST_SAL_01625,salaried_tier1,76469.36,0.0739,0.2095,-0.0402,98.2,0.1508,0,-19958.39,16.63,10.19,0.0687,0.0925,2.143,0,EARLY_CAREER_SALARIED
CUST_GIG_01626,gig_worker,17172.42,0.4689,0.1358,-0.1341,5.5,0.2525,2,-5441.83,-19.72,16.58,0.1737,0.1175,1.144,1,EARLY_CAREER_GIG
CUST_SAL_01627,salaried_tier1,60163.33,0.0429,0.2857,0.1563,32.8,0.4725,0,-6165.63,21.71,9.46,0.044,0.0561,2.1253,0,EARLY_CAREER_SALARIED
CUST_KIR_01628,kirana_msme,67939.96,0.3038,0.1216,0.2631,61.8,0.1369,0,14771.17,5.58,19.64,0.0063,0.1434,1.656,0,MSME_KIRANA_SEASONAL
CUST_SAL_01629,salaried_tier1,41519.53,0.0443,0.4074,0.123,98.9,0.4542,0,7565.65,1.07,6.95,0.0326,0.0613,2.4135,0,ESTABLISHED_FAMILY_HIGH_DEBT
CUST_KIR_01630,kirana_msme,31092.86,0.2144,0.1862,0.0869,77.2,0.0838,0,-5371.38,15.69,24.57,0.0136,0.2144,0.925,0,MSME_KIRANA_SEASONAL
CUST_GIG_01631,gig_worker,14319.16,0.5643,0.1914,0.1204,7.8,0.1613,0,1808.76,32.5,9.96,0.0954,0.149,0.7101,0,EARLY_CAREER_GIG
CUST_KIR_01632,kirana_msme,76104.96,0.437,0.1972,0.0663,54.5,0.1989,0,-5948.83,-9.94,7.13,0.0042,0.2249,1.3939,0,MSME_KIRANA_SEASONAL
CUST_GIG_01633,gig_worker,25951.79,0.2838,0.1638,-0.0475,38.7,0.2982,0,-4125.08,-6.37,10.89,0.159,0.0474,0.7164,0,EARLY_CAREER_GIG
CUST_GIG_01634,gig_worker,18361.59,0.5927,0.172,-0.0261,28.7,0.2212,1,-2777.82,-13.37,18.21,0.1373,0.1144,1.0686,0,EARLY_CAREER_GIG
CUST_RUR_01635,rural_agri,21521.33,0.4801,0.1351,0.0218,51.0,0.0388,1,-6068.45,14.27,2.61,0.0211,0.066,0.9029,0,RURAL_AGRI_ALLIED
CUST_SAL_01636,salaried_tier1,74346.78,0.0818,0.3952,0.1601,116.5,0.2631,0,11241.26,20.48,8.15,0.023,0.1109,1.8737,0,ESTABLISHED_FAMILY_HIGH_DEBT
CUST_KIR_01637,kirana_msme,32720.91,0.1678,0.1144,0.1726,86.2,0.1083,0,-1939.32,9.47,5.94,0.0151,0.0632,1.2277,0,MSME_KIRANA_SEASONAL
CUST_SAL_01638,salaried_tier1,101135.68,0.029,0.431,0.2791,101.3,0.2637,0,2293.38,15.24,11.68,0.0744,0.056,2.1778,0,ESTABLISHED_FAMILY_HIGH_DEBT
CUST_RUR_01639,rural_agri,13035.63,0.3994,0.1268,0.153,34.0,0.0448,0,-1283.19,9.6,3.71,0.0288,0.0154,0.894,0,RURAL_AGRI_ALLIED
CUST_RUR_01640,rural_agri,31702.71,0.757,0.1607,0.1023,44.7,0.0613,1,404.69,31.42,2.13,0.0449,0.0534,1.0895,0,RURAL_AGRI_ALLIED
CUST_KIR_01641,kirana_msme,62068.65,0.2947,0.2753,0.1775,66.2,0.1997,0,2346.72,11.27,7.78,0.0252,0.1693,1.5367,0,MSME_KIRANA_SEASONAL
CUST_RUR_01642,rural_agri,18220.17,0.582,0.0122,0.1621,49.4,0.1242,0,914.04,-7.34,3.52,0.0497,0.034,0.5333,0,RURAL_AGRI_ALLIED
CUST_KIR_01643,kirana_msme,62123.06,0.1804,0.1669,0.2168,54.5,0.1512,0,17368.66,-11.14,17.32,0.0256,0.2301,1.4858,0,MSME_KIRANA_SEASONAL
CUST_GIG_01644,gig_worker,19034.59,0.6216,0.0046,0.1264,27.7,0.2504,0,1843.22,4.03,12.55,0.0749,0.0362,1.4925,0,EARLY_CAREER_GIG
CUST_SAL_01645,salaried_tier1,94298.94,0.09,0.416,0.1748,89.6,0.4504,0,19672.97,11.47,2.75,0.0362,0.0698,1.6426,0,ESTABLISHED_FAMILY_HIGH_DEBT
CUST_GIG_01646,gig_worker,31673.13,0.4625,0.044,0.0346,43.6,0.1073,0,-4922.63,1.11,14.42,0.1355,0.1309,0.6464,0,EARLY_CAREER_GIG
CUST_SAL_01647,salaried_tier1,62084.03,0.0803,0.3396,0.3095,98.7,0.5106,0,17159.33,17.22,9.38,0.062,0.0704,2.3686,0,EARLY_CAREER_SALARIED
CUST_RUR_01648,rural_agri,9337.56,0.7302,0.1874,0.0061,42.5,0.0521,0,-1342.21,-8.28,1.81,0.0438,0.0575,0.764,0,RURAL_AGRI_ALLIED
CUST_GIG_01649,gig_worker,10000.0,0.5302,0.0823,-0.0551,42.4,0.1378,0,-1293.82,10.28,12.82,0.067,0.0663,0.9441,0,EARLY_CAREER_GIG
CUST_GIG_01650,gig_worker,19560.26,0.4531,0.0534,-0.1277,16.9,0.189,0,88.28,0.96,13.26,0.0924,0.0772,0.6794,0,EARLY_CAREER_GIG
CUST_SAL_01651,salaried_tier1,63665.19,0.0461,0.1789,0.2314,55.5,0.2807,0,7534.68,5.34,4.33,0.079,0.1035,1.7945,0,EARLY_CAREER_SALARIED
CUST_KIR_01652,kirana_msme,38108.09,0.3617,0.0829,0.1609,64.3,0.1332,1,1025.8,7.88,20.48,0.0107,0.0517,1.5857,0,MSME_KIRANA_SEASONAL
CUST_SAL_01653,salaried_tier1,58442.1,0.0337,0.3401,0.2688,50.8,0.5125,0,4499.88,-6.38,9.87,0.0171,0.0974,2.1051,0,EARLY_CAREER_SALARIED
CUST_KIR_01654,kirana_msme,57647.26,0.3235,0.2122,0.2441,38.2,0.1741,0,9752.99,-6.76,12.0,0.0074,0.0957,0.9757,0,MSME_KIRANA_SEASONAL
CUST_SAL_01655,salaried_tier1,86847.22,0.0719,0.2875,0.2579,28.6,0.3785,0,32430.37,-5.29,5.24,0.0653,0.1091,2.1859,0,EARLY_CAREER_SALARIED
CUST_RUR_01656,rural_agri,21737.57,0.5186,0.2353,0.0177,57.3,0.1411,1,-2335.89,-0.57,2.7,0.0456,0.072,0.5062,0,RURAL_AGRI_ALLIED
CUST_GIG_01657,gig_worker,25070.59,0.5889,0.1653,0.1222,7.9,0.1119,0,4135.93,20.47,17.5,0.0409,0.0686,1.4417,0,EARLY_CAREER_GIG
CUST_KIR_01658,kirana_msme,58342.06,0.1566,0.2777,0.1039,64.0,0.0593,0,7969.59,15.77,16.32,0.0189,0.0601,0.8096,0,MSME_KIRANA_SEASONAL
CUST_KIR_01659,kirana_msme,42429.26,0.2773,0.2606,0.1137,89.8,0.1033,0,-645.55,-2.54,18.6,0.0073,0.1758,0.9221,0,MSME_KIRANA_SEASONAL
CUST_KIR_01660,kirana_msme,51519.16,0.1964,0.2019,0.2072,26.3,0.1199,0,9532.17,-15.84,20.54,0.0047,0.0747,1.2671,0,MSME_KIRANA_SEASONAL
CUST_GIG_01661,gig_worker,18269.81,0.6358,0.0438,0.0264,32.4,0.2616,0,3346.92,20.95,14.06,0.104,0.1375,1.2182,0,EARLY_CAREER_GIG
CUST_KIR_01662,kirana_msme,26023.72,0.4354,0.159,0.1573,67.5,0.1651,0,4546.27,-5.34,20.47,0.0096,0.085,1.014,0,MSME_KIRANA_SEASONAL
CUST_RUR_01663,rural_agri,19549.04,0.7929,0.0847,0.1914,13.0,0.0349,0,2441.09,21.46,0.96,0.0256,0.0329,0.8254,0,RURAL_AGRI_ALLIED
CUST_KIR_01664,kirana_msme,52251.42,0.3246,0.2787,0.1412,88.8,0.1364,1,-1677.87,23.6,19.56,0.0245,0.0606,0.8271,0,MSME_KIRANA_SEASONAL
CUST_RUR_01665,rural_agri,14062.03,0.6467,0.0151,0.1452,7.4,0.0465,0,802.75,19.9,5.87,0.0059,0.02,0.9434,0,RURAL_AGRI_ALLIED
CUST_RUR_01666,rural_agri,8000.0,0.5806,0.0651,0.0203,23.3,0.1265,3,-986.53,13.12,2.91,0.0252,0.0188,1.0317,1,RURAL_AGRI_ALLIED
CUST_SAL_01667,salaried_tier1,85111.48,0.0413,0.417,0.3197,111.4,0.4379,0,29875.68,-6.24,8.58,0.0317,0.0387,2.6339,0,ESTABLISHED_FAMILY_HIGH_DEBT
CUST_RUR_01668,rural_agri,18515.03,0.5413,0.0423,-0.0868,15.4,0.1115,0,-4171.2,-13.58,1.31,0.0098,0.0375,0.8885,0,RURAL_AGRI_ALLIED
CUST_SAL_01669,salaried_tier1,63459.22,0.0888,0.4765,0.2564,47.5,0.4792,0,10846.2,2.0,2.45,0.0758,0.0508,1.6617,0,ESTABLISHED_FAMILY_HIGH_DEBT
CUST_RUR_01670,rural_agri,18948.28,0.733,0.2377,-0.0026,28.0,0.1163,0,-93.87,-9.32,0.91,0.0262,0.0186,1.0277,0,RURAL_AGRI_ALLIED
CUST_KIR_01671,kirana_msme,38962.74,0.3925,0.2485,0.1747,36.4,0.084,0,4992.39,12.16,15.63,0.0286,0.0809,0.8088,0,MSME_KIRANA_SEASONAL
CUST_RUR_01672,rural_agri,15154.76,0.7453,0.2353,0.0487,24.5,0.0797,0,906.7,-14.03,3.9,0.0281,0.0424,0.6487,0,RURAL_AGRI_ALLIED
CUST_RUR_01673,rural_agri,17794.58,0.6859,0.1538,0.0088,15.5,0.1058,3,-2742.92,8.11,4.97,0.0261,0.0603,0.9524,1,RURAL_AGRI_ALLIED
CUST_RUR_01674,rural_agri,18002.58,0.7521,0.1554,0.161,7.2,0.1089,2,2930.55,24.93,4.14,0.0412,0.0302,0.6219,0,RURAL_AGRI_ALLIED
CUST_GIG_01675,gig_worker,18741.03,0.2895,0.0201,-0.0713,13.3,0.2433,0,-3157.58,11.49,9.4,0.1125,0.0689,1.2876,0,EARLY_CAREER_GIG
CUST_KIR_01676,kirana_msme,49786.91,0.3975,0.1768,0.1851,23.6,0.1503,0,14757.86,0.61,6.33,0.0287,0.1192,0.8197,0,MSME_KIRANA_SEASONAL
CUST_SAL_01677,salaried_tier1,76743.55,0.059,0.1895,0.221,74.1,0.4952,0,127.27,2.69,6.41,0.0424,0.1154,2.2461,0,EARLY_CAREER_SALARIED
CUST_KIR_01678,kirana_msme,32680.7,0.235,0.1218,0.1084,44.1,0.1808,0,7767.1,9.09,12.69,0.0032,0.2308,1.0402,0,MSME_KIRANA_SEASONAL
CUST_SAL_01679,salaried_tier1,90059.94,0.0405,0.1805,-0.0373,78.6,0.2746,0,-17277.79,23.19,4.48,0.0316,0.1045,2.5642,0,EARLY_CAREER_SALARIED
CUST_GIG_01680,gig_worker,12966.15,0.3169,0.1833,0.119,44.3,0.1685,2,-2324.2,-4.77,17.09,0.1711,0.0513,0.9735,0,EARLY_CAREER_GIG
CUST_KIR_01681,kirana_msme,36759.36,0.2575,0.2997,0.146,37.3,0.1435,0,7173.02,-7.03,17.38,0.0011,0.1553,0.8696,0,MSME_KIRANA_SEASONAL
CUST_RUR_01682,rural_agri,24488.67,0.6553,0.2342,0.098,5.4,0.0619,3,-226.7,-14.8,5.9,0.0078,0.0308,0.9504,0,RURAL_AGRI_ALLIED
CUST_GIG_01683,gig_worker,20259.37,0.5069,0.0623,-0.1261,32.8,0.181,0,-8477.63,-21.21,25.81,0.125,0.1408,1.0099,0,EARLY_CAREER_GIG
CUST_RUR_01684,rural_agri,21348.89,0.565,0.1718,-0.0327,41.2,0.1234,1,-8447.54,-2.17,5.95,0.0202,0.0175,0.8373,0,RURAL_AGRI_ALLIED
CUST_SAL_01685,salaried_tier1,49302.73,0.0214,0.2139,0.1008,26.2,0.2291,0,3379.88,6.09,10.17,0.0689,0.062,2.5008,0,EARLY_CAREER_SALARIED
CUST_RUR_01686,rural_agri,31554.25,0.4069,0.1974,0.0288,12.0,0.0443,0,-3159.1,13.28,5.95,0.0178,0.0305,1.1234,0,RURAL_AGRI_ALLIED
CUST_RUR_01687,rural_agri,23973.6,0.577,0.1727,0.0858,50.7,0.1303,1,521.83,-4.4,5.57,0.0465,0.0565,0.9428,0,RURAL_AGRI_ALLIED
CUST_KIR_01688,kirana_msme,66381.09,0.2368,0.1019,0.2411,85.5,0.0579,0,24219.98,1.63,21.09,0.0237,0.1939,1.4422,0,MSME_KIRANA_SEASONAL
CUST_GIG_01689,gig_worker,24891.44,0.5789,0.1164,0.1389,36.4,0.2342,0,-1596.03,14.48,23.7,0.0637,0.0335,0.697,0,EARLY_CAREER_GIG
CUST_GIG_01690,gig_worker,32994.84,0.2542,0.0652,-0.0857,44.9,0.2276,0,-3647.63,-19.81,19.97,0.1391,0.128,0.6681,0,EARLY_CAREER_GIG
CUST_SAL_01691,salaried_tier1,74140.14,0.0949,0.4441,0.1808,32.1,0.2097,0,-13219.49,15.17,9.51,0.0258,0.03,2.4473,0,ESTABLISHED_FAMILY_HIGH_DEBT
CUST_KIR_01692,kirana_msme,18000.0,0.2471,0.083,0.1683,75.4,0.1953,0,2281.29,8.81,18.66,0.0227,0.0643,0.9672,0,MSME_KIRANA_SEASONAL
CUST_KIR_01693,kirana_msme,83811.62,0.364,0.2192,0.0541,28.6,0.0744,0,-15670.19,-0.18,15.91,0.0232,0.1182,1.2401,0,MSME_KIRANA_SEASONAL
CUST_SAL_01694,salaried_tier1,34740.3,0.0972,0.4588,-0.0419,115.5,0.4602,0,-9566.57,-0.8,5.08,0.0537,0.0817,1.5992,1,ESTABLISHED_FAMILY_HIGH_DEBT
CUST_KIR_01695,kirana_msme,18000.0,0.3129,0.2866,0.0858,20.1,0.0615,0,262.03,-8.58,16.62,0.0148,0.1208,1.5069,0,MSME_KIRANA_SEASONAL
CUST_SAL_01696,salaried_tier1,43140.53,0.0817,0.3801,0.0577,67.6,0.5351,0,139.05,7.72,6.48,0.0547,0.0412,1.7594,0,ESTABLISHED_FAMILY_HIGH_DEBT
CUST_SAL_01697,salaried_tier1,60135.16,0.0863,0.3013,0.0511,110.7,0.1869,2,2764.07,4.98,11.93,0.0478,0.0957,2.0961,0,EARLY_CAREER_SALARIED
CUST_SAL_01698,salaried_tier1,86550.05,0.0326,0.3176,0.1176,25.9,0.3272,0,8878.16,26.19,6.33,0.0773,0.0232,1.8902,0,EARLY_CAREER_SALARIED
CUST_RUR_01699,rural_agri,24572.07,0.6632,0.0148,0.0602,48.1,0.0413,0,1858.72,4.53,4.42,0.0206,0.0758,1.0702,0,RURAL_AGRI_ALLIED
CUST_KIR_01700,kirana_msme,56640.04,0.3934,0.2469,0.0883,36.4,0.0899,0,7278.01,0.85,14.91,0.0174,0.2154,1.6107,0,MSME_KIRANA_SEASONAL
CUST_RUR_01701,rural_agri,25073.62,0.6952,0.0917,-0.0806,40.0,0.1301,1,-4637.33,13.85,1.18,0.0455,0.0293,0.7976,0,RURAL_AGRI_ALLIED
CUST_KIR_01702,kirana_msme,22608.73,0.1561,0.0979,0.1961,30.6,0.1826,0,4972.19,2.81,15.24,0.0181,0.1155,1.3221,0,MSME_KIRANA_SEASONAL
CUST_KIR_01703,kirana_msme,59358.95,0.1851,0.2057,0.1877,82.9,0.1821,0,15246.05,19.09,10.89,0.0296,0.0543,0.8817,0,MSME_KIRANA_SEASONAL
CUST_KIR_01704,kirana_msme,27069.71,0.218,0.1577,0.074,25.2,0.0633,0,1315.55,-13.56,10.87,0.0095,0.0915,1.1977,0,MSME_KIRANA_SEASONAL
CUST_KIR_01705,kirana_msme,34301.26,0.4345,0.0725,0.2859,78.3,0.1521,0,7921.49,14.85,8.53,0.0076,0.099,0.9392,0,MSME_KIRANA_SEASONAL
CUST_SAL_01706,salaried_tier1,66224.05,0.0397,0.3927,0.3441,69.4,0.3203,0,13592.11,7.55,2.72,0.0772,0.0618,2.5204,0,ESTABLISHED_FAMILY_HIGH_DEBT
CUST_GIG_01707,gig_worker,14904.71,0.3135,0.1047,0.0734,14.5,0.2865,0,-3238.56,-4.77,20.89,0.1744,0.1444,0.6596,0,EARLY_CAREER_GIG
CUST_SAL_01708,salaried_tier1,72663.36,0.0644,0.327,0.3437,21.3,0.4009,0,7118.52,-15.16,9.8,0.0273,0.0593,2.1855,0,EARLY_CAREER_SALARIED
CUST_GIG_01709,gig_worker,33882.32,0.5782,0.0489,0.0486,7.0,0.0851,0,-3348.83,13.46,9.58,0.1541,0.0898,0.8019,0,EARLY_CAREER_GIG
CUST_GIG_01710,gig_worker,16109.79,0.3553,0.1202,-0.09,37.2,0.195,0,-941.83,3.47,26.9,0.044,0.0431,1.1627,0,EARLY_CAREER_GIG
CUST_SAL_01711,salaried_tier1,122264.94,0.0606,0.5153,0.2575,118.3,0.3406,0,1902.31,-14.5,2.04,0.0643,0.0231,2.7422,0,ESTABLISHED_FAMILY_HIGH_DEBT
CUST_SAL_01712,salaried_tier1,66967.44,0.0337,0.4192,0.0973,48.9,0.3345,0,-12642.99,12.77,9.08,0.0718,0.0478,1.6845,0,ESTABLISHED_FAMILY_HIGH_DEBT
CUST_GIG_01713,gig_worker,12816.32,0.3187,0.1963,-0.0624,40.9,0.1192,2,-1125.06,12.13,9.57,0.1547,0.137,1.0518,0,EARLY_CAREER_GIG
CUST_KIR_01714,kirana_msme,68728.22,0.3642,0.0567,0.0947,53.0,0.19,0,-3189.36,12.28,5.24,0.0213,0.1706,1.4289,0,MSME_KIRANA_SEASONAL
CUST_SAL_01715,salaried_tier1,58181.51,0.0997,0.2125,0.2383,91.1,0.4232,0,3423.51,-29.01,8.66,0.023,0.0862,1.7797,0,EARLY_CAREER_SALARIED
CUST_RUR_01716,rural_agri,20804.7,0.554,0.1403,0.1848,41.0,0.1449,0,1476.47,-3.74,2.34,0.0405,0.0699,1.0926,0,RURAL_AGRI_ALLIED
CUST_SAL_01717,salaried_tier1,56969.51,0.0804,0.1942,0.3158,44.0,0.3802,0,14225.19,2.69,6.04,0.0441,0.02,1.8503,0,EARLY_CAREER_SALARIED
CUST_GIG_01718,gig_worker,12060.68,0.4929,0.1074,-0.1007,13.0,0.0947,0,-2248.13,-7.14,12.41,0.1455,0.0679,0.6124,0,EARLY_CAREER_GIG
CUST_RUR_01719,rural_agri,8000.0,0.6382,0.1854,0.0754,20.2,0.091,0,651.88,-22.47,4.72,0.0247,0.0776,1.132,0,RURAL_AGRI_ALLIED
CUST_SAL_01720,salaried_tier1,70147.38,0.0888,0.4967,0.1918,56.3,0.4101,0,-1156.56,-0.25,6.76,0.0576,0.1077,2.0351,0,ESTABLISHED_FAMILY_HIGH_DEBT
CUST_SAL_01721,salaried_tier1,86655.95,0.0929,0.4632,0.0338,91.7,0.1904,1,-3902.37,-4.64,8.62,0.0527,0.0977,1.6939,1,ESTABLISHED_FAMILY_HIGH_DEBT
CUST_SAL_01722,salaried_tier1,49216.7,0.0456,0.5467,0.1862,89.6,0.3605,0,13123.8,18.07,8.57,0.0798,0.066,2.4777,0,ESTABLISHED_FAMILY_HIGH_DEBT
CUST_KIR_01723,kirana_msme,33668.09,0.4408,0.0581,0.1338,54.0,0.0502,0,-7696.38,19.53,10.15,0.0246,0.1056,1.0862,0,MSME_KIRANA_SEASONAL
CUST_SAL_01724,salaried_tier1,81915.15,0.0271,0.1819,0.0727,18.8,0.3502,0,4213.92,12.67,4.99,0.044,0.0535,2.2241,0,EARLY_CAREER_SALARIED
CUST_GIG_01725,gig_worker,30212.87,0.5999,0.1409,0.0562,5.4,0.1042,2,514.95,-5.31,15.11,0.0547,0.0534,0.8097,0,EARLY_CAREER_GIG
CUST_SAL_01726,salaried_tier1,42211.45,0.0742,0.4413,0.0947,97.4,0.246,0,-1093.45,-3.06,11.69,0.0263,0.0294,2.449,0,ESTABLISHED_FAMILY_HIGH_DEBT
CUST_KIR_01727,kirana_msme,37599.36,0.2742,0.2759,0.0989,88.0,0.1715,0,-4473.7,15.65,20.06,0.0237,0.1376,1.7294,0,MSME_KIRANA_SEASONAL
CUST_RUR_01728,rural_agri,15870.62,0.6814,0.1433,0.1445,9.2,0.1045,0,479.36,20.77,1.1,0.0422,0.0162,1.1323,0,RURAL_AGRI_ALLIED
CUST_RUR_01729,rural_agri,17731.94,0.4021,0.2138,-0.0865,24.6,0.1058,3,-5572.3,8.23,5.42,0.0031,0.0689,1.1076,1,RURAL_AGRI_ALLIED
CUST_GIG_01730,gig_worker,27293.68,0.4111,0.1268,-0.0227,21.0,0.2003,0,-4208.22,5.8,20.67,0.1473,0.0577,1.3135,0,EARLY_CAREER_GIG
CUST_KIR_01731,kirana_msme,54384.34,0.2021,0.0658,0.1819,58.7,0.0783,0,-482.14,19.92,10.7,0.0047,0.2485,1.7458,0,MSME_KIRANA_SEASONAL
CUST_GIG_01732,gig_worker,25141.15,0.4045,0.1923,-0.0202,27.5,0.2878,3,-7633.86,-13.58,24.69,0.095,0.1014,0.6915,0,EARLY_CAREER_GIG
CUST_KIR_01733,kirana_msme,48755.29,0.314,0.0973,0.1854,88.1,0.1572,0,-2701.59,12.7,16.51,0.0041,0.1595,1.7161,0,MSME_KIRANA_SEASONAL
CUST_KIR_01734,kirana_msme,43635.21,0.2805,0.1554,0.1213,75.6,0.1427,0,2529.68,-4.83,8.74,0.0294,0.1253,1.6388,0,MSME_KIRANA_SEASONAL
CUST_SAL_01735,salaried_tier1,92311.96,0.0582,0.5118,0.1801,112.5,0.543,0,1100.87,26.99,10.35,0.0255,0.1062,2.2347,0,ESTABLISHED_FAMILY_HIGH_DEBT
CUST_RUR_01736,rural_agri,19543.96,0.4554,0.2013,0.0527,20.1,0.1443,2,-1211.19,3.5,2.5,0.0325,0.0528,1.19,0,RURAL_AGRI_ALLIED
CUST_KIR_01737,kirana_msme,52792.96,0.2771,0.2902,0.1034,89.8,0.1546,0,-1496.48,8.46,23.14,0.0164,0.1862,1.1969,0,MSME_KIRANA_SEASONAL
CUST_SAL_01738,salaried_tier1,65864.42,0.079,0.1602,0.3205,118.2,0.2917,0,15425.89,-0.28,2.3,0.0438,0.0472,2.3561,0,EARLY_CAREER_SALARIED
CUST_KIR_01739,kirana_msme,60529.15,0.2199,0.2117,0.2711,39.4,0.1748,0,25261.19,-9.23,12.5,0.0152,0.1963,0.8338,0,MSME_KIRANA_SEASONAL
CUST_KIR_01740,kirana_msme,22558.57,0.3803,0.2315,0.1003,61.6,0.0531,0,-9454.01,-9.65,12.99,0.0251,0.2452,1.5641,0,MSME_KIRANA_SEASONAL
CUST_RUR_01741,rural_agri,27358.33,0.615,0.1965,0.14,51.8,0.062,3,2345.82,21.26,2.09,0.0494,0.0765,0.9579,0,RURAL_AGRI_ALLIED
CUST_GIG_01742,gig_worker,18887.18,0.3236,0.104,-0.0012,11.9,0.228,0,-5441.88,-6.43,15.7,0.0997,0.0684,0.6555,0,EARLY_CAREER_GIG
CUST_GIG_01743,gig_worker,20532.17,0.6118,0.0449,0.0553,9.0,0.1579,0,-3743.73,-0.27,16.56,0.1474,0.1023,1.4433,0,EARLY_CAREER_GIG
CUST_SAL_01744,salaried_tier1,45281.14,0.0274,0.398,0.0887,81.1,0.1527,3,-7324.06,-4.46,8.59,0.0601,0.0372,1.7217,0,ESTABLISHED_FAMILY_HIGH_DEBT
CUST_KIR_01745,kirana_msme,32817.62,0.3113,0.0618,0.2653,31.9,0.104,0,12454.81,13.49,18.32,0.0208,0.1854,0.9368,0,MSME_KIRANA_SEASONAL
CUST_KIR_01746,kirana_msme,18000.0,0.2243,0.0747,0.187,42.0,0.1286,0,2483.17,22.02,24.99,0.0097,0.2185,1.6382,0,MSME_KIRANA_SEASONAL
CUST_SAL_01747,salaried_tier1,81209.53,0.0764,0.4464,0.0329,104.1,0.3184,0,-18167.01,-16.74,10.63,0.0777,0.0948,2.2053,1,ESTABLISHED_FAMILY_HIGH_DEBT
CUST_SAL_01748,salaried_tier1,95569.33,0.0497,0.3141,0.077,61.0,0.3942,0,3402.08,23.37,11.0,0.0429,0.044,2.5893,0,EARLY_CAREER_SALARIED
CUST_GIG_01749,gig_worker,21884.44,0.4183,0.0315,0.1064,27.3,0.161,0,-245.2,-11.38,10.33,0.1563,0.1263,1.1319,0,EARLY_CAREER_GIG
CUST_SAL_01750,salaried_tier1,53099.12,0.0378,0.3382,0.3191,46.2,0.5122,0,18074.12,-0.53,8.99,0.0233,0.0517,1.6086,0,EARLY_CAREER_SALARIED
CUST_KIR_01751,kirana_msme,59551.29,0.3606,0.2887,0.2311,68.6,0.1541,0,1367.83,6.03,11.0,0.0222,0.0957,1.0962,0,MSME_KIRANA_SEASONAL
CUST_SAL_01752,salaried_tier1,90061.66,0.045,0.5353,0.3432,85.0,0.1955,0,14056.96,5.18,10.51,0.0229,0.0304,2.17,0,ESTABLISHED_FAMILY_HIGH_DEBT
CUST_SAL_01753,salaried_tier1,82854.67,0.0861,0.473,0.264,28.6,0.3089,3,3597.08,-10.45,8.02,0.0596,0.1151,2.7856,0,ESTABLISHED_FAMILY_HIGH_DEBT
CUST_SAL_01754,salaried_tier1,73828.87,0.0758,0.4713,0.1191,25.1,0.2176,3,2272.02,7.48,2.12,0.0769,0.0698,2.1411,1,ESTABLISHED_FAMILY_HIGH_DEBT
CUST_RUR_01755,rural_agri,20687.02,0.7987,0.0087,0.1525,18.0,0.0773,0,-975.03,19.85,3.27,0.0224,0.0673,1.1292,0,RURAL_AGRI_ALLIED
CUST_RUR_01756,rural_agri,8280.1,0.7026,0.0736,0.1807,18.8,0.0501,0,660.24,-28.88,0.7,0.0248,0.0251,0.5354,0,RURAL_AGRI_ALLIED
CUST_RUR_01757,rural_agri,20617.21,0.6552,0.1689,0.0181,12.6,0.0899,3,-4303.09,-6.94,1.58,0.0047,0.0761,0.8281,1,RURAL_AGRI_ALLIED
CUST_KIR_01758,kirana_msme,54088.98,0.2033,0.1838,0.2284,47.7,0.056,0,4907.24,-22.98,15.46,0.0245,0.1611,1.7018,0,MSME_KIRANA_SEASONAL
CUST_SAL_01759,salaried_tier1,104185.2,0.0599,0.4789,0.0233,50.1,0.4246,0,3966.56,18.47,11.64,0.0538,0.1149,2.0718,1,ESTABLISHED_FAMILY_HIGH_DEBT
CUST_KIR_01760,kirana_msme,29011.89,0.3059,0.1132,0.2997,38.7,0.0846,0,6745.43,-11.41,5.43,0.0039,0.2122,1.3109,0,MSME_KIRANA_SEASONAL
CUST_KIR_01761,kirana_msme,20216.35,0.2171,0.2894,0.1405,23.3,0.1955,0,254.51,22.66,13.18,0.0259,0.1215,1.0544,0,MSME_KIRANA_SEASONAL
CUST_RUR_01762,rural_agri,30841.55,0.5366,0.0053,0.1443,11.2,0.0857,1,-3063.11,19.49,2.76,0.0368,0.0192,0.9939,0,RURAL_AGRI_ALLIED
CUST_SAL_01763,salaried_tier1,72218.84,0.045,0.2153,0.0882,71.7,0.2285,2,7283.76,7.14,2.33,0.0493,0.0989,2.6663,0,EARLY_CAREER_SALARIED
CUST_KIR_01764,kirana_msme,25700.86,0.3344,0.2984,0.1413,58.7,0.0992,0,-167.27,8.77,8.58,0.027,0.0803,1.6646,0,MSME_KIRANA_SEASONAL
CUST_SAL_01765,salaried_tier1,81748.02,0.0722,0.1711,0.0672,63.4,0.2566,0,-25435.61,15.61,10.02,0.0738,0.0352,1.6127,0,EARLY_CAREER_SALARIED
CUST_KIR_01766,kirana_msme,43987.29,0.4066,0.1765,0.2891,29.5,0.1961,0,9127.53,15.95,14.17,0.0159,0.211,1.7529,0,MSME_KIRANA_SEASONAL
CUST_GIG_01767,gig_worker,33178.88,0.6293,0.002,0.0264,39.4,0.2237,2,-3977.52,8.57,23.02,0.1519,0.1458,1.4056,0,EARLY_CAREER_GIG
CUST_KIR_01768,kirana_msme,42617.51,0.317,0.2274,0.1258,26.5,0.0967,0,-187.65,-19.21,23.26,0.0114,0.1245,1.6774,0,MSME_KIRANA_SEASONAL
CUST_KIR_01769,kirana_msme,27287.01,0.1561,0.1598,0.106,22.0,0.1206,0,4700.64,33.9,10.55,0.0181,0.2482,1.2527,0,MSME_KIRANA_SEASONAL
CUST_KIR_01770,kirana_msme,41853.03,0.2,0.1207,0.1507,65.2,0.0507,0,5628.13,0.04,23.01,0.0285,0.248,0.8761,0,MSME_KIRANA_SEASONAL
CUST_KIR_01771,kirana_msme,30956.49,0.4191,0.1292,0.1317,84.2,0.052,0,3398.14,29.79,19.01,0.0194,0.1839,1.2219,0,MSME_KIRANA_SEASONAL
CUST_GIG_01772,gig_worker,17085.61,0.2568,0.0121,-0.1143,17.4,0.1059,0,596.25,13.73,23.58,0.1782,0.0768,0.7608,0,EARLY_CAREER_GIG
CUST_RUR_01773,rural_agri,20196.11,0.3711,0.2156,0.0492,6.2,0.1467,4,-997.05,-3.45,5.75,0.0071,0.0576,0.7683,0,RURAL_AGRI_ALLIED
CUST_RUR_01774,rural_agri,15044.08,0.3036,0.1036,-0.0316,42.6,0.0533,2,344.25,4.27,2.66,0.0149,0.0551,0.687,0,RURAL_AGRI_ALLIED
CUST_GIG_01775,gig_worker,28818.83,0.2794,0.1659,-0.0997,6.7,0.1245,0,-6911.28,-17.05,27.76,0.0358,0.0853,1.0689,0,EARLY_CAREER_GIG
CUST_KIR_01776,kirana_msme,55777.2,0.1557,0.2437,0.1132,46.8,0.113,0,-1308.81,10.61,7.29,0.0089,0.2144,0.8936,0,MSME_KIRANA_SEASONAL
CUST_GIG_01777,gig_worker,27791.5,0.4213,0.0343,0.1458,10.4,0.2049,0,98.47,4.44,27.03,0.1735,0.1296,0.9355,0,EARLY_CAREER_GIG
CUST_KIR_01778,kirana_msme,48123.4,0.2642,0.0976,0.1708,84.8,0.0757,0,1583.03,-9.31,7.74,0.0255,0.2439,1.2182,0,MSME_KIRANA_SEASONAL
CUST_SAL_01779,salaried_tier1,94524.01,0.0208,0.2396,0.2324,57.6,0.2821,1,7746.2,-4.7,11.48,0.0291,0.1113,2.6925,0,EARLY_CAREER_SALARIED
CUST_RUR_01780,rural_agri,16729.89,0.6542,0.1834,0.1368,14.5,0.1054,0,767.25,0.84,4.21,0.0048,0.0231,1.1627,0,RURAL_AGRI_ALLIED
CUST_SAL_01781,salaried_tier1,48171.41,0.0726,0.2208,0.1675,115.6,0.4013,0,8866.93,-7.21,3.57,0.0603,0.0733,2.7854,0,EARLY_CAREER_SALARIED
CUST_RUR_01782,rural_agri,20993.15,0.7365,0.1163,-0.0689,53.6,0.0884,0,-4191.07,18.32,2.51,0.0263,0.0523,0.7851,0,RURAL_AGRI_ALLIED
CUST_KIR_01783,kirana_msme,56380.71,0.24,0.2383,0.0755,33.2,0.1702,0,-13331.64,18.45,24.4,0.0157,0.0875,1.4257,0,MSME_KIRANA_SEASONAL
CUST_GIG_01784,gig_worker,32862.03,0.5609,0.1002,0.085,16.3,0.1936,1,-3935.52,25.29,13.47,0.1408,0.1086,0.7513,0,EARLY_CAREER_GIG
CUST_GIG_01785,gig_worker,30783.55,0.5444,0.0629,-0.0314,31.0,0.2768,0,-4226.11,8.18,10.38,0.0775,0.1123,1.0632,0,EARLY_CAREER_GIG
CUST_RUR_01786,rural_agri,23905.8,0.7632,0.0228,0.0242,55.6,0.0543,3,-4100.79,9.72,1.05,0.0225,0.0328,0.869,0,RURAL_AGRI_ALLIED
CUST_GIG_01787,gig_worker,10000.0,0.2853,0.1605,-0.0056,37.5,0.2614,0,-3862.92,5.36,26.22,0.1593,0.0429,0.6039,0,EARLY_CAREER_GIG
CUST_GIG_01788,gig_worker,25206.09,0.2755,0.065,-0.0385,23.2,0.1172,0,-1151.71,-7.97,26.95,0.1892,0.0979,0.9922,0,EARLY_CAREER_GIG
CUST_SAL_01789,salaried_tier1,73887.66,0.0759,0.2258,0.1781,113.1,0.2881,0,4131.09,-0.64,6.61,0.0392,0.0468,2.7246,0,EARLY_CAREER_SALARIED
CUST_KIR_01790,kirana_msme,25480.12,0.1928,0.1483,0.0748,87.0,0.0571,0,-1308.01,-3.4,18.78,0.0024,0.1594,0.9627,0,MSME_KIRANA_SEASONAL
CUST_SAL_01791,salaried_tier1,73163.79,0.0372,0.3289,0.3406,101.1,0.4886,1,13945.44,14.12,9.44,0.0351,0.1198,2.3054,0,EARLY_CAREER_SALARIED
CUST_GIG_01792,gig_worker,18533.83,0.477,0.0707,0.025,26.5,0.1993,0,-2134.72,20.86,24.24,0.0836,0.0833,0.9962,0,EARLY_CAREER_GIG
CUST_KIR_01793,kirana_msme,34059.87,0.4096,0.258,0.2384,52.6,0.1636,0,5874.45,6.58,22.6,0.0267,0.1409,1.5366,0,MSME_KIRANA_SEASONAL
CUST_GIG_01794,gig_worker,15758.81,0.4389,0.0189,0.0306,38.9,0.2423,0,-294.25,-26.75,21.26,0.1686,0.1104,1.4944,0,EARLY_CAREER_GIG
CUST_SAL_01795,salaried_tier1,86527.47,0.0703,0.2872,0.1215,73.6,0.4857,0,19514.2,14.35,4.46,0.0119,0.0208,1.6543,0,EARLY_CAREER_SALARIED
CUST_SAL_01796,salaried_tier1,63220.51,0.0651,0.4324,0.3312,110.9,0.1729,0,20778.49,2.85,8.17,0.0597,0.0508,1.5639,0,ESTABLISHED_FAMILY_HIGH_DEBT
CUST_GIG_01797,gig_worker,20528.36,0.2602,0.1565,-0.1342,34.5,0.0916,0,-6406.55,-11.88,27.02,0.1005,0.1464,1.3571,0,EARLY_CAREER_GIG
CUST_SAL_01798,salaried_tier1,54206.36,0.0413,0.4126,0.1062,29.3,0.1768,0,6369.57,12.19,6.12,0.0727,0.0611,2.3787,0,ESTABLISHED_FAMILY_HIGH_DEBT
CUST_SAL_01799,salaried_tier1,68887.07,0.0745,0.3155,0.2089,42.0,0.3239,0,17727.02,2.46,7.89,0.0705,0.0226,1.5496,0,EARLY_CAREER_SALARIED
CUST_SAL_01800,salaried_tier1,46276.09,0.0245,0.3576,0.2775,18.7,0.2897,0,10980.19,3.49,4.36,0.0475,0.1153,1.67,0,ESTABLISHED_FAMILY_HIGH_DEBT
CUST_RUR_01801,rural_agri,25055.24,0.3359,0.1415,0.1538,59.3,0.1138,0,693.95,0.44,2.43,0.0302,0.0618,0.7883,0,RURAL_AGRI_ALLIED
CUST_GIG_01802,gig_worker,26351.45,0.6183,0.1408,0.0411,25.3,0.1203,0,-817.16,-2.61,11.19,0.1281,0.1075,1.0371,0,EARLY_CAREER_GIG
CUST_KIR_01803,kirana_msme,25553.42,0.1657,0.2088,0.213,32.3,0.1879,0,-82.96,-17.24,14.72,0.0138,0.1197,1.0303,0,MSME_KIRANA_SEASONAL
CUST_SAL_01804,salaried_tier1,92837.32,0.0375,0.1912,0.1971,33.3,0.18,0,7928.13,-1.05,5.61,0.0282,0.0293,1.7855,0,EARLY_CAREER_SALARIED
CUST_KIR_01805,kirana_msme,43822.32,0.3585,0.2526,0.1198,72.4,0.1749,0,2080.18,13.56,5.41,0.0065,0.206,1.7925,0,MSME_KIRANA_SEASONAL
CUST_GIG_01806,gig_worker,26607.92,0.4146,0.0436,0.0042,30.3,0.1808,0,-2633.62,16.73,18.5,0.1919,0.09,0.9748,0,EARLY_CAREER_GIG
CUST_GIG_01807,gig_worker,30793.18,0.2727,0.0664,-0.1217,6.6,0.2248,0,-8798.77,22.03,18.33,0.0802,0.1165,1.3843,1,EARLY_CAREER_GIG
CUST_SAL_01808,salaried_tier1,45100.16,0.0736,0.3066,0.1353,111.8,0.294,0,4019.3,-18.9,2.95,0.0417,0.0797,1.9725,0,EARLY_CAREER_SALARIED
CUST_SAL_01809,salaried_tier1,87936.75,0.0936,0.3149,0.3055,35.9,0.2386,0,11802.4,17.15,4.23,0.0142,0.029,2.6742,0,EARLY_CAREER_SALARIED
CUST_SAL_01810,salaried_tier1,25000.0,0.0667,0.5061,-0.0138,87.9,0.5207,0,-806.95,5.79,8.98,0.011,0.0432,2.5891,1,ESTABLISHED_FAMILY_HIGH_DEBT
CUST_GIG_01811,gig_worker,11271.94,0.52,0.0533,-0.0332,18.5,0.2278,0,-1280.65,25.82,12.01,0.0484,0.0549,0.785,0,EARLY_CAREER_GIG
CUST_GIG_01812,gig_worker,20565.67,0.271,0.1918,-0.0996,31.1,0.2808,1,1070.74,25.71,14.32,0.0351,0.1035,0.7962,0,EARLY_CAREER_GIG
CUST_SAL_01813,salaried_tier1,53902.94,0.0478,0.4054,0.1483,27.1,0.1849,0,5359.64,-1.73,3.72,0.0682,0.0812,1.7028,0,ESTABLISHED_FAMILY_HIGH_DEBT
CUST_SAL_01814,salaried_tier1,111135.21,0.0974,0.2392,0.0358,21.0,0.4133,0,10595.15,6.71,5.65,0.0225,0.0531,1.6446,0,EARLY_CAREER_SALARIED
CUST_SAL_01815,salaried_tier1,72418.48,0.0787,0.3572,0.2719,89.0,0.2475,0,12339.41,8.44,6.51,0.0225,0.0423,2.2228,0,ESTABLISHED_FAMILY_HIGH_DEBT
CUST_RUR_01816,rural_agri,23738.03,0.6447,0.2455,0.0155,44.2,0.0731,3,3049.82,3.07,5.46,0.0003,0.0309,1.1006,0,RURAL_AGRI_ALLIED
CUST_SAL_01817,salaried_tier1,30752.4,0.0779,0.2579,0.2916,33.7,0.2969,0,5774.35,17.14,2.78,0.0692,0.0798,2.2869,0,EARLY_CAREER_SALARIED
CUST_GIG_01818,gig_worker,25275.54,0.4377,0.0424,0.1232,33.3,0.142,0,1590.89,-6.47,17.56,0.0439,0.047,1.2175,0,EARLY_CAREER_GIG
CUST_GIG_01819,gig_worker,34885.55,0.5505,0.0334,-0.1205,27.8,0.2432,0,-7501.29,2.59,25.41,0.1905,0.0845,0.9348,0,EARLY_CAREER_GIG
CUST_KIR_01820,kirana_msme,33669.89,0.2982,0.1958,0.0806,82.3,0.143,0,-3774.22,6.43,17.56,0.0279,0.1073,1.7873,0,MSME_KIRANA_SEASONAL
CUST_SAL_01821,salaried_tier1,33856.59,0.076,0.1619,0.2263,63.0,0.4256,0,4472.93,-1.67,5.35,0.0788,0.0265,2.7705,0,EARLY_CAREER_SALARIED
CUST_SAL_01822,salaried_tier1,79141.34,0.084,0.1879,0.2789,37.5,0.1603,0,19511.61,27.68,9.42,0.0253,0.0313,2.1231,0,EARLY_CAREER_SALARIED
CUST_GIG_01823,gig_worker,33857.6,0.6403,0.1088,-0.025,39.1,0.2933,0,-2956.72,-12.81,23.85,0.1207,0.0791,1.1204,0,EARLY_CAREER_GIG
CUST_GIG_01824,gig_worker,29761.38,0.5731,0.1305,0.1022,15.1,0.2202,0,1244.2,10.03,11.37,0.0771,0.0644,1.1602,0,EARLY_CAREER_GIG
CUST_GIG_01825,gig_worker,31587.51,0.6163,0.0473,-0.0703,12.3,0.157,2,-6690.32,12.31,23.72,0.1291,0.0609,1.1822,1,EARLY_CAREER_GIG
CUST_KIR_01826,kirana_msme,42871.85,0.2928,0.254,0.2199,30.7,0.0839,0,303.26,3.41,10.75,0.0219,0.0983,0.9237,0,MSME_KIRANA_SEASONAL
CUST_SAL_01827,salaried_tier1,49200.79,0.0768,0.3567,-0.0471,111.8,0.1764,1,-17436.56,9.65,9.71,0.0474,0.0706,1.5366,0,ESTABLISHED_FAMILY_HIGH_DEBT
CUST_RUR_01828,rural_agri,8000.0,0.33,0.1705,-0.0165,8.0,0.1099,0,-520.9,-0.65,1.11,0.035,0.0145,0.5084,0,RURAL_AGRI_ALLIED
CUST_GIG_01829,gig_worker,24325.73,0.4598,0.0613,-0.0282,3.9,0.2258,0,-3934.92,-10.99,20.56,0.1407,0.1251,1.2426,1,EARLY_CAREER_GIG
CUST_SAL_01830,salaried_tier1,47592.03,0.0824,0.4544,0.0485,105.6,0.3856,0,-3982.96,7.77,5.83,0.0548,0.029,1.5227,0,ESTABLISHED_FAMILY_HIGH_DEBT
CUST_RUR_01831,rural_agri,21672.09,0.5665,0.0109,0.1872,56.0,0.1119,0,6476.03,11.02,1.51,0.026,0.0245,0.6455,0,RURAL_AGRI_ALLIED
CUST_GIG_01832,gig_worker,26521.27,0.392,0.0677,-0.1465,44.5,0.2146,0,-7967.44,-8.44,21.98,0.0781,0.1486,0.687,0,EARLY_CAREER_GIG
CUST_GIG_01833,gig_worker,18430.25,0.2575,0.0012,-0.0888,23.7,0.1807,0,-568.6,-12.24,15.55,0.0573,0.126,1.2948,0,EARLY_CAREER_GIG
CUST_GIG_01834,gig_worker,16201.28,0.6344,0.043,-0.0908,40.3,0.2929,1,-3077.07,2.72,17.72,0.1688,0.0987,0.7089,0,EARLY_CAREER_GIG
CUST_RUR_01835,rural_agri,19581.01,0.6529,0.0933,0.0597,58.7,0.0696,1,1839.25,-8.1,1.17,0.0392,0.0691,0.6208,0,RURAL_AGRI_ALLIED
CUST_GIG_01836,gig_worker,25124.79,0.3655,0.1638,-0.0642,42.5,0.2812,0,-4664.85,-20.21,11.39,0.0666,0.0852,1.2934,0,EARLY_CAREER_GIG
CUST_SAL_01837,salaried_tier1,41146.8,0.0218,0.3785,0.157,87.4,0.4099,1,3723.47,32.33,2.08,0.0541,0.0875,2.0973,0,ESTABLISHED_FAMILY_HIGH_DEBT
CUST_KIR_01838,kirana_msme,31845.94,0.3494,0.1113,0.1641,54.4,0.1216,0,357.21,-11.92,24.79,0.0215,0.1351,0.8295,0,MSME_KIRANA_SEASONAL
CUST_RUR_01839,rural_agri,14887.9,0.5965,0.1679,0.0936,52.5,0.0563,1,-2461.04,21.21,3.51,0.0292,0.0251,0.5708,0,RURAL_AGRI_ALLIED
CUST_SAL_01840,salaried_tier1,63335.72,0.0946,0.3516,0.2401,101.8,0.2315,0,220.12,21.34,9.53,0.0142,0.0522,2.4862,0,ESTABLISHED_FAMILY_HIGH_DEBT
CUST_KIR_01841,kirana_msme,56188.98,0.449,0.2452,0.2166,47.4,0.0601,0,5628.76,-3.19,12.02,0.0206,0.1427,1.1617,0,MSME_KIRANA_SEASONAL
CUST_KIR_01842,kirana_msme,43038.54,0.4353,0.2504,0.1014,47.4,0.1892,0,-6038.34,7.95,10.24,0.0171,0.1321,1.054,0,MSME_KIRANA_SEASONAL
CUST_KIR_01843,kirana_msme,48326.37,0.3021,0.1734,0.0669,64.7,0.1147,0,-6445.94,15.55,17.12,0.0005,0.075,1.3965,0,MSME_KIRANA_SEASONAL
CUST_GIG_01844,gig_worker,34324.8,0.5462,0.1706,-0.037,17.5,0.2628,0,-2848.33,14.45,11.89,0.1854,0.0789,1.0151,0,EARLY_CAREER_GIG
CUST_RUR_01845,rural_agri,29126.8,0.4726,0.2018,0.1691,48.3,0.1318,0,-2053.79,11.5,3.93,0.0435,0.0579,1.1468,0,RURAL_AGRI_ALLIED
CUST_SAL_01846,salaried_tier1,73935.58,0.0527,0.2107,0.3417,109.6,0.5074,0,12866.83,9.71,8.55,0.0174,0.1101,2.3996,0,EARLY_CAREER_SALARIED
CUST_SAL_01847,salaried_tier1,70096.8,0.0558,0.5372,0.1357,82.3,0.2992,0,8952.73,15.02,8.25,0.046,0.05,2.4361,0,ESTABLISHED_FAMILY_HIGH_DEBT
CUST_SAL_01848,salaried_tier1,76319.43,0.0666,0.3347,0.2669,31.9,0.3025,0,13988.13,20.28,5.71,0.0155,0.0398,1.888,0,EARLY_CAREER_SALARIED
CUST_RUR_01849,rural_agri,15401.36,0.3325,0.1393,0.0834,52.6,0.1283,0,-2223.1,-15.48,1.36,0.0484,0.0571,0.5959,0,RURAL_AGRI_ALLIED
CUST_GIG_01850,gig_worker,25411.58,0.4951,0.0926,-0.0732,27.8,0.2377,0,-334.24,23.5,24.79,0.0553,0.0954,1.0544,0,EARLY_CAREER_GIG
CUST_SAL_01851,salaried_tier1,86584.3,0.0916,0.3579,0.162,89.2,0.2794,0,19416.95,9.59,4.38,0.0335,0.1143,1.7991,0,ESTABLISHED_FAMILY_HIGH_DEBT
CUST_RUR_01852,rural_agri,18351.67,0.5527,0.0336,0.0261,26.3,0.0722,3,913.01,30.51,5.85,0.0004,0.0762,0.5415,0,RURAL_AGRI_ALLIED
CUST_RUR_01853,rural_agri,22714.17,0.741,0.0349,-0.0619,21.7,0.0494,0,-6611.04,-6.59,1.68,0.0334,0.0703,0.9748,0,RURAL_AGRI_ALLIED
CUST_RUR_01854,rural_agri,8000.0,0.4717,0.0796,0.1788,45.8,0.0461,0,1900.73,20.87,5.88,0.0489,0.0324,0.7228,0,RURAL_AGRI_ALLIED
CUST_RUR_01855,rural_agri,8617.12,0.6302,0.0835,0.0961,26.1,0.114,1,-144.1,-2.93,4.38,0.023,0.0181,0.8562,0,RURAL_AGRI_ALLIED
CUST_SAL_01856,salaried_tier1,71318.78,0.0494,0.1874,0.278,86.8,0.3309,0,10025.9,12.26,6.58,0.072,0.0388,1.6973,0,EARLY_CAREER_SALARIED
CUST_GIG_01857,gig_worker,16392.88,0.5365,0.1649,0.0272,39.6,0.1932,2,2763.81,13.3,18.02,0.1329,0.1031,1.4568,0,EARLY_CAREER_GIG
CUST_KIR_01858,kirana_msme,55440.64,0.3641,0.0604,0.1605,77.3,0.1901,0,9911.91,15.46,21.09,0.0226,0.1738,1.3792,0,MSME_KIRANA_SEASONAL
CUST_RUR_01859,rural_agri,16274.07,0.7969,0.1927,0.0736,56.4,0.139,2,2496.46,42.59,3.4,0.0164,0.0276,0.8946,0,RURAL_AGRI_ALLIED
CUST_GIG_01860,gig_worker,24431.52,0.4729,0.1053,-0.0193,5.4,0.2741,0,-3253.17,-3.05,20.15,0.1294,0.0931,1.1782,0,EARLY_CAREER_GIG
CUST_GIG_01861,gig_worker,34020.08,0.4228,0.0408,-0.1236,30.8,0.1731,0,-7106.01,12.27,12.15,0.1165,0.0667,1.207,0,EARLY_CAREER_GIG
CUST_GIG_01862,gig_worker,31199.17,0.3767,0.0221,0.0383,41.5,0.1796,0,-7057.35,-8.7,16.3,0.1345,0.0611,1.148,0,EARLY_CAREER_GIG
CUST_SAL_01863,salaried_tier1,59754.76,0.0708,0.2354,0.051,83.1,0.4549,0,3523.61,20.59,11.1,0.0195,0.0921,1.9356,0,EARLY_CAREER_SALARIED
CUST_KIR_01864,kirana_msme,46813.59,0.2405,0.1384,0.1478,22.2,0.187,0,3532.67,-8.21,19.6,0.0253,0.1607,1.4998,0,MSME_KIRANA_SEASONAL
CUST_RUR_01865,rural_agri,13467.0,0.7514,0.0408,-0.0053,32.4,0.1231,2,585.69,-28.11,1.29,0.0152,0.0439,0.6475,0,RURAL_AGRI_ALLIED
CUST_RUR_01866,rural_agri,13231.53,0.7732,0.0652,0.0882,38.6,0.0638,0,2789.78,2.18,1.45,0.0239,0.0371,0.7558,0,RURAL_AGRI_ALLIED
CUST_SAL_01867,salaried_tier1,45109.33,0.0305,0.409,0.2326,113.8,0.1848,0,4788.83,13.82,7.32,0.0536,0.0604,1.5674,0,ESTABLISHED_FAMILY_HIGH_DEBT
CUST_SAL_01868,salaried_tier1,66160.15,0.0215,0.523,0.0716,73.0,0.2772,0,-3182.46,24.5,5.2,0.0531,0.1172,1.6981,0,ESTABLISHED_FAMILY_HIGH_DEBT
CUST_SAL_01869,salaried_tier1,40217.29,0.0561,0.548,0.072,43.3,0.1972,0,-413.85,6.98,9.66,0.0743,0.1132,1.616,0,ESTABLISHED_FAMILY_HIGH_DEBT
CUST_GIG_01870,gig_worker,24181.02,0.576,0.1076,0.1116,36.7,0.1408,0,-2275.39,29.06,15.92,0.0705,0.1425,0.6067,0,EARLY_CAREER_GIG
CUST_RUR_01871,rural_agri,25157.63,0.6679,0.0723,0.1058,35.2,0.1017,0,2401.28,0.54,5.62,0.0145,0.0407,0.6808,0,RURAL_AGRI_ALLIED
CUST_SAL_01872,salaried_tier1,73765.28,0.0935,0.2805,0.0794,74.2,0.2927,1,-14119.35,-16.44,6.9,0.0473,0.0982,1.9912,0,EARLY_CAREER_SALARIED
CUST_KIR_01873,kirana_msme,50167.18,0.3057,0.0531,0.2452,33.9,0.1592,0,14644.87,4.05,5.46,0.0071,0.1037,1.5964,0,MSME_KIRANA_SEASONAL
CUST_RUR_01874,rural_agri,30214.92,0.4104,0.1022,-0.0628,46.9,0.0697,2,2068.68,12.62,5.94,0.0086,0.0101,0.7602,0,RURAL_AGRI_ALLIED
CUST_GIG_01875,gig_worker,17928.04,0.4662,0.1819,-0.148,10.0,0.2592,2,-3930.58,21.02,27.83,0.0453,0.0955,1.2364,1,EARLY_CAREER_GIG
CUST_KIR_01876,kirana_msme,38841.61,0.2587,0.2179,0.1034,76.7,0.083,0,-448.64,-12.48,19.53,0.0105,0.1998,1.3081,0,MSME_KIRANA_SEASONAL
CUST_GIG_01877,gig_worker,24970.13,0.4043,0.1826,0.0121,17.6,0.1568,0,-3725.82,-2.73,19.64,0.166,0.0541,1.1344,0,EARLY_CAREER_GIG
CUST_KIR_01878,kirana_msme,35913.37,0.4392,0.2133,0.2457,42.8,0.0717,0,-2198.0,18.85,16.66,0.0102,0.2215,1.0565,0,MSME_KIRANA_SEASONAL
CUST_SAL_01879,salaried_tier1,82083.38,0.0478,0.2968,0.1322,105.8,0.2061,0,-5356.53,11.14,2.56,0.0581,0.096,2.0227,0,EARLY_CAREER_SALARIED
CUST_GIG_01880,gig_worker,24351.29,0.6244,0.0386,-0.0,44.7,0.2299,2,-1553.31,8.46,25.44,0.1486,0.0505,0.6274,0,EARLY_CAREER_GIG
CUST_GIG_01881,gig_worker,22218.45,0.6247,0.0926,-0.0887,9.4,0.2986,0,-2028.87,35.88,8.17,0.0785,0.1367,0.744,0,EARLY_CAREER_GIG
CUST_RUR_01882,rural_agri,19174.46,0.7191,0.081,0.1931,9.3,0.117,1,3672.27,28.34,2.64,0.0156,0.0166,0.6342,0,RURAL_AGRI_ALLIED
CUST_GIG_01883,gig_worker,25584.97,0.6006,0.068,0.0129,26.2,0.2308,1,-2199.59,16.65,8.5,0.1904,0.0384,1.3108,0,EARLY_CAREER_GIG
CUST_GIG_01884,gig_worker,17475.89,0.3417,0.1157,-0.1236,20.8,0.1524,2,-3951.98,11.66,21.66,0.0991,0.1005,0.6991,0,EARLY_CAREER_GIG
CUST_SAL_01885,salaried_tier1,56794.68,0.0859,0.4945,-0.0246,78.3,0.3876,0,-5670.15,7.82,11.69,0.0489,0.1133,1.9451,1,ESTABLISHED_FAMILY_HIGH_DEBT
CUST_KIR_01886,kirana_msme,29213.37,0.3342,0.2526,0.2382,37.2,0.0887,1,4578.58,-2.26,11.37,0.0247,0.0823,1.6874,0,MSME_KIRANA_SEASONAL
CUST_SAL_01887,salaried_tier1,33542.16,0.0879,0.4711,-0.0096,82.6,0.4387,0,-1615.74,0.86,3.69,0.0321,0.1044,2.4401,1,ESTABLISHED_FAMILY_HIGH_DEBT
CUST_SAL_01888,salaried_tier1,34772.75,0.0478,0.3163,0.1013,74.5,0.1816,3,-4496.65,0.89,11.34,0.0715,0.086,2.7174,0,EARLY_CAREER_SALARIED
CUST_GIG_01889,gig_worker,24746.32,0.4242,0.1049,0.0585,10.6,0.2852,0,-1020.36,26.49,26.7,0.1363,0.088,0.8486,0,EARLY_CAREER_GIG
CUST_RUR_01890,rural_agri,19549.25,0.6411,0.215,0.0124,59.6,0.1117,0,-449.26,24.38,3.37,0.0056,0.0657,0.9741,0,RURAL_AGRI_ALLIED
CUST_SAL_01891,salaried_tier1,70935.3,0.0813,0.5453,0.3038,105.8,0.249,0,4235.92,11.15,3.98,0.0177,0.1058,1.7201,0,ESTABLISHED_FAMILY_HIGH_DEBT
CUST_KIR_01892,kirana_msme,41837.32,0.3139,0.0916,0.1165,29.4,0.1115,0,5611.22,-2.39,21.92,0.0294,0.074,1.084,0,MSME_KIRANA_SEASONAL
CUST_RUR_01893,rural_agri,24277.3,0.6294,0.0102,-0.0956,16.0,0.0682,0,-5305.21,-0.98,2.23,0.0188,0.0331,1.0865,0,RURAL_AGRI_ALLIED
CUST_SAL_01894,salaried_tier1,67386.52,0.0946,0.1903,0.1264,17.3,0.4584,0,-7062.81,32.04,6.72,0.0735,0.061,2.4096,0,EARLY_CAREER_SALARIED
CUST_GIG_01895,gig_worker,12698.55,0.3768,0.0185,-0.0202,28.6,0.1061,0,-1388.05,-4.1,14.75,0.0677,0.1372,1.4036,0,EARLY_CAREER_GIG
CUST_GIG_01896,gig_worker,35807.65,0.4798,0.1237,0.0201,36.5,0.1505,1,-6732.61,9.14,15.8,0.1645,0.0595,1.492,0,EARLY_CAREER_GIG
CUST_GIG_01897,gig_worker,10000.0,0.5017,0.0385,-0.1288,18.5,0.1954,0,-2810.93,-7.43,18.97,0.0718,0.1217,1.1413,0,EARLY_CAREER_GIG
CUST_SAL_01898,salaried_tier1,25000.0,0.0606,0.2887,0.3477,52.5,0.4008,1,5958.74,7.98,7.66,0.0498,0.0696,2.3293,0,EARLY_CAREER_SALARIED
CUST_KIR_01899,kirana_msme,35834.06,0.3543,0.207,0.0908,56.0,0.0916,0,6635.28,6.95,6.63,0.0155,0.1735,1.538,0,MSME_KIRANA_SEASONAL
CUST_GIG_01900,gig_worker,12934.32,0.2931,0.1083,-0.0374,11.1,0.0868,0,-1644.33,-2.88,10.84,0.1323,0.1442,1.1387,0,EARLY_CAREER_GIG
CUST_GIG_01901,gig_worker,21570.97,0.4979,0.1701,-0.0804,23.1,0.2224,0,-6969.6,-15.96,12.5,0.1977,0.087,1.0088,0,EARLY_CAREER_GIG
CUST_SAL_01902,salaried_tier1,30905.68,0.0362,0.2603,-0.0489,74.9,0.305,1,-4240.4,11.63,2.43,0.072,0.0327,1.5529,0,EARLY_CAREER_SALARIED
CUST_GIG_01903,gig_worker,32524.65,0.4529,0.1809,-0.1331,37.2,0.1175,0,-12296.4,18.72,22.05,0.1453,0.0957,0.7728,0,EARLY_CAREER_GIG
CUST_SAL_01904,salaried_tier1,52181.89,0.0543,0.2107,0.1218,88.7,0.4266,0,5915.62,20.24,8.62,0.0357,0.1144,1.9014,0,EARLY_CAREER_SALARIED
CUST_GIG_01905,gig_worker,25758.41,0.4252,0.0721,-0.021,16.6,0.2239,3,-2416.82,20.69,19.22,0.1826,0.042,0.7135,1,EARLY_CAREER_GIG
CUST_SAL_01906,salaried_tier1,68741.48,0.022,0.1923,0.1847,28.0,0.2098,0,13578.82,12.33,10.43,0.0174,0.0398,2.4759,0,EARLY_CAREER_SALARIED
CUST_RUR_01907,rural_agri,19440.3,0.4554,0.1424,0.0916,23.4,0.1225,0,2449.45,5.52,0.68,0.0249,0.0703,1.0456,0,RURAL_AGRI_ALLIED
CUST_KIR_01908,kirana_msme,50549.92,0.2055,0.1256,0.1742,61.2,0.1673,0,7309.28,27.07,14.65,0.0047,0.1887,0.9283,0,MSME_KIRANA_SEASONAL
CUST_KIR_01909,kirana_msme,40846.79,0.175,0.0692,0.1954,82.7,0.1333,0,4431.84,11.83,5.37,0.0006,0.2277,1.146,0,MSME_KIRANA_SEASONAL
CUST_SAL_01910,salaried_tier1,64768.46,0.0788,0.2903,0.072,36.2,0.4784,0,1906.88,20.23,11.99,0.0329,0.0623,1.8681,0,EARLY_CAREER_SALARIED
CUST_KIR_01911,kirana_msme,28972.39,0.277,0.2252,0.0608,46.2,0.1019,0,-3759.81,-4.92,10.8,0.0182,0.1509,1.4543,0,MSME_KIRANA_SEASONAL
CUST_RUR_01912,rural_agri,29736.32,0.383,0.1538,0.1946,9.1,0.0888,2,6589.05,-1.03,4.78,0.049,0.0162,0.5322,0,RURAL_AGRI_ALLIED
CUST_RUR_01913,rural_agri,18843.93,0.3358,0.1305,-0.0942,45.1,0.0886,0,-6295.26,11.7,2.49,0.0091,0.0615,0.6373,0,RURAL_AGRI_ALLIED
CUST_KIR_01914,kirana_msme,58638.28,0.3121,0.1559,0.2183,49.1,0.1732,0,-2048.1,6.56,22.54,0.0249,0.1564,1.3406,0,MSME_KIRANA_SEASONAL
CUST_KIR_01915,kirana_msme,53786.38,0.3441,0.2112,0.2184,67.5,0.0664,0,-7274.94,8.56,13.16,0.0229,0.075,1.4305,0,MSME_KIRANA_SEASONAL
CUST_GIG_01916,gig_worker,10000.0,0.4133,0.007,-0.1389,7.0,0.2069,2,-2382.18,0.57,8.68,0.1505,0.1326,0.8342,0,EARLY_CAREER_GIG
CUST_RUR_01917,rural_agri,20853.03,0.6391,0.2462,0.0303,54.4,0.0546,0,-1243.14,16.26,2.54,0.0159,0.057,0.9918,0,RURAL_AGRI_ALLIED
CUST_GIG_01918,gig_worker,30389.67,0.375,0.107,-0.143,36.3,0.2165,0,-9925.55,18.12,13.25,0.128,0.0958,0.7938,0,EARLY_CAREER_GIG
CUST_KIR_01919,kirana_msme,71452.79,0.3259,0.0549,0.1026,24.3,0.1353,0,-13199.5,8.03,11.66,0.0099,0.214,0.9597,0,MSME_KIRANA_SEASONAL
CUST_KIR_01920,kirana_msme,53538.87,0.35,0.1249,0.2558,72.0,0.1557,0,11479.0,7.39,18.91,0.0283,0.2047,0.8433,0,MSME_KIRANA_SEASONAL
CUST_GIG_01921,gig_worker,31062.13,0.5348,0.1351,0.134,18.4,0.0887,2,-3348.83,-1.94,21.95,0.1784,0.0672,0.7444,0,EARLY_CAREER_GIG
CUST_SAL_01922,salaried_tier1,96709.39,0.0593,0.4248,0.3193,92.1,0.5345,0,34478.26,-14.28,4.64,0.079,0.0255,2.1868,0,ESTABLISHED_FAMILY_HIGH_DEBT
CUST_GIG_01923,gig_worker,28496.67,0.3972,0.1834,-0.023,38.9,0.1948,0,-4185.94,-2.63,16.49,0.0742,0.0648,1.0044,0,EARLY_CAREER_GIG
CUST_KIR_01924,kirana_msme,23910.71,0.3637,0.2967,0.1443,52.4,0.0746,0,5482.62,11.25,9.35,0.0055,0.1253,1.5268,0,MSME_KIRANA_SEASONAL
CUST_GIG_01925,gig_worker,27026.54,0.4562,0.0268,-0.1126,5.0,0.2672,3,-13701.95,-8.76,12.26,0.0453,0.1353,0.7041,1,EARLY_CAREER_GIG
CUST_SAL_01926,salaried_tier1,112171.2,0.0604,0.5304,-0.01,98.9,0.2838,0,-11978.68,-6.32,11.29,0.0601,0.0976,2.4215,1,ESTABLISHED_FAMILY_HIGH_DEBT
CUST_GIG_01927,gig_worker,28737.7,0.4634,0.1074,0.0779,37.3,0.1542,2,1747.75,7.2,12.68,0.1519,0.0524,1.3328,0,EARLY_CAREER_GIG
CUST_KIR_01928,kirana_msme,45388.0,0.4083,0.2609,0.2688,73.8,0.1764,0,14770.68,7.24,9.85,0.0223,0.0807,1.1039,0,MSME_KIRANA_SEASONAL
CUST_GIG_01929,gig_worker,28180.77,0.3057,0.0798,-0.0651,3.4,0.1426,0,-3370.17,19.62,19.33,0.0951,0.0356,0.683,0,EARLY_CAREER_GIG
CUST_SAL_01930,salaried_tier1,66796.41,0.0975,0.5156,0.1705,61.7,0.1512,0,14855.59,-7.48,11.38,0.0516,0.1193,2.2344,0,ESTABLISHED_FAMILY_HIGH_DEBT
CUST_GIG_01931,gig_worker,27570.13,0.3346,0.1529,0.0246,7.6,0.1904,3,12.17,4.99,23.77,0.0349,0.1174,1.0558,1,EARLY_CAREER_GIG
CUST_GIG_01932,gig_worker,32144.23,0.6165,0.0354,-0.0289,9.6,0.1893,0,-9347.62,21.3,16.25,0.1264,0.1362,1.4498,0,EARLY_CAREER_GIG
CUST_GIG_01933,gig_worker,17254.34,0.3157,0.1006,-0.043,14.2,0.2942,0,-59.72,-1.12,11.91,0.1897,0.1253,1.3708,0,EARLY_CAREER_GIG
CUST_GIG_01934,gig_worker,42138.8,0.5659,0.1698,-0.1266,41.0,0.2862,0,-11533.39,-0.39,24.37,0.1233,0.1281,0.7681,1,EARLY_CAREER_GIG
CUST_GIG_01935,gig_worker,22128.4,0.3324,0.1794,-0.1054,31.8,0.146,0,-3867.87,-12.59,16.35,0.1957,0.0458,1.1546,0,EARLY_CAREER_GIG
CUST_RUR_01936,rural_agri,10380.09,0.3485,0.2369,0.0248,23.8,0.0836,0,1387.1,30.99,1.32,0.0083,0.0238,0.5702,0,RURAL_AGRI_ALLIED
CUST_SAL_01937,salaried_tier1,65751.87,0.0732,0.2172,0.2768,31.9,0.2804,0,14297.44,26.08,7.6,0.0171,0.0622,2.2729,0,EARLY_CAREER_SALARIED
CUST_RUR_01938,rural_agri,17818.43,0.4263,0.122,0.1194,30.3,0.0451,0,-121.79,-9.51,4.63,0.0083,0.0438,0.6138,0,RURAL_AGRI_ALLIED
CUST_KIR_01939,kirana_msme,46738.0,0.1663,0.1969,0.2384,43.1,0.1233,0,2114.79,17.08,24.93,0.0047,0.1918,1.2711,0,MSME_KIRANA_SEASONAL
CUST_SAL_01940,salaried_tier1,62212.76,0.0306,0.5232,0.1207,110.6,0.2678,0,-2356.57,2.64,7.97,0.0692,0.0585,1.8855,0,ESTABLISHED_FAMILY_HIGH_DEBT
CUST_SAL_01941,salaried_tier1,91908.92,0.0419,0.1608,0.0961,19.7,0.5103,2,9482.66,8.75,9.27,0.0269,0.0274,2.456,1,EARLY_CAREER_SALARIED
CUST_KIR_01942,kirana_msme,61013.49,0.2728,0.0861,0.2488,51.8,0.174,0,14153.03,2.04,8.42,0.0223,0.165,1.017,0,MSME_KIRANA_SEASONAL
CUST_GIG_01943,gig_worker,11268.62,0.4013,0.0585,-0.0335,24.0,0.1181,0,-1101.14,-9.97,13.72,0.1997,0.0388,0.9469,0,EARLY_CAREER_GIG
CUST_GIG_01944,gig_worker,31973.95,0.35,0.028,-0.0552,17.4,0.1674,0,-6361.78,-36.18,22.2,0.0717,0.0322,0.97,0,EARLY_CAREER_GIG
CUST_GIG_01945,gig_worker,11071.89,0.601,0.0347,-0.144,21.8,0.297,0,-2622.1,19.26,8.34,0.1124,0.0548,0.9186,0,EARLY_CAREER_GIG
CUST_KIR_01946,kirana_msme,41430.13,0.3765,0.1964,0.2605,38.2,0.1479,0,6006.47,13.63,18.13,0.0248,0.1142,1.0918,0,MSME_KIRANA_SEASONAL
CUST_KIR_01947,kirana_msme,57726.59,0.3028,0.2121,0.1739,51.7,0.1772,0,1903.56,12.81,22.6,0.0248,0.1233,0.8366,0,MSME_KIRANA_SEASONAL
CUST_SAL_01948,salaried_tier1,64911.79,0.0269,0.3892,-0.0391,81.1,0.4193,0,-15071.26,19.22,3.01,0.0319,0.0665,1.7275,1,ESTABLISHED_FAMILY_HIGH_DEBT
CUST_KIR_01949,kirana_msme,18000.0,0.4027,0.2461,0.2958,46.0,0.186,0,2010.8,7.47,14.31,0.0132,0.175,1.2115,0,MSME_KIRANA_SEASONAL
CUST_KIR_01950,kirana_msme,58457.96,0.1508,0.2075,0.1531,55.4,0.1616,0,3910.96,-35.69,19.06,0.0156,0.0967,1.0049,0,MSME_KIRANA_SEASONAL
CUST_SAL_01951,salaried_tier1,106723.54,0.0796,0.5057,0.1261,51.0,0.1909,0,21289.64,-2.59,10.03,0.0665,0.0617,1.589,0,ESTABLISHED_FAMILY_HIGH_DEBT
CUST_SAL_01952,salaried_tier1,84269.69,0.0407,0.2401,-0.0415,75.6,0.21,0,-26279.83,0.27,5.14,0.0568,0.0403,1.6363,0,EARLY_CAREER_SALARIED
CUST_GIG_01953,gig_worker,14662.8,0.3515,0.0148,-0.0616,39.1,0.2315,2,-3539.57,4.7,17.11,0.069,0.1165,0.6944,0,EARLY_CAREER_GIG
CUST_GIG_01954,gig_worker,21446.79,0.3717,0.0801,-0.0285,35.4,0.1111,0,-3758.31,-10.73,19.43,0.0562,0.1323,1.1639,0,EARLY_CAREER_GIG
CUST_RUR_01955,rural_agri,8000.0,0.5787,0.0972,-0.0222,54.7,0.067,1,-1741.37,5.22,2.89,0.0118,0.0627,0.7431,0,RURAL_AGRI_ALLIED
CUST_RUR_01956,rural_agri,28595.96,0.3692,0.1634,0.0428,45.9,0.0336,1,-1735.85,1.91,5.12,0.0338,0.0716,0.8897,0,RURAL_AGRI_ALLIED
CUST_GIG_01957,gig_worker,25589.87,0.5995,0.015,0.0174,7.8,0.0859,1,-5065.27,-19.88,20.01,0.1761,0.0397,1.2137,1,EARLY_CAREER_GIG
CUST_KIR_01958,kirana_msme,52344.71,0.3569,0.248,0.1206,40.2,0.1796,0,2936.78,0.12,15.48,0.0206,0.0937,1.0342,0,MSME_KIRANA_SEASONAL
CUST_GIG_01959,gig_worker,30990.64,0.3097,0.0444,0.1137,31.3,0.1898,0,-4045.43,-3.98,19.49,0.0564,0.0878,0.9073,0,EARLY_CAREER_GIG
CUST_GIG_01960,gig_worker,33445.51,0.5123,0.0234,-0.061,16.2,0.2111,0,-6812.71,-3.29,23.8,0.1757,0.1369,1.4312,1,EARLY_CAREER_GIG
CUST_SAL_01961,salaried_tier1,75832.89,0.0752,0.3046,0.2893,115.9,0.3778,0,1492.07,-3.0,2.24,0.019,0.1046,2.5958,0,EARLY_CAREER_SALARIED
CUST_KIR_01962,kirana_msme,40416.54,0.3402,0.2086,0.0961,39.9,0.1874,0,3721.21,8.35,14.59,0.0028,0.2289,0.9736,0,MSME_KIRANA_SEASONAL
CUST_RUR_01963,rural_agri,26578.97,0.5949,0.0971,0.1952,8.6,0.0993,4,710.95,-5.67,4.57,0.0016,0.0115,0.9837,0,RURAL_AGRI_ALLIED
CUST_KIR_01964,kirana_msme,28305.67,0.3745,0.2666,0.2367,65.3,0.1649,0,-1105.35,6.28,11.72,0.0085,0.1859,1.2757,0,MSME_KIRANA_SEASONAL
CUST_GIG_01965,gig_worker,26321.4,0.5024,0.1868,0.027,13.1,0.1275,0,-757.28,-14.32,9.45,0.1327,0.1224,1.4158,0,EARLY_CAREER_GIG
CUST_GIG_01966,gig_worker,18769.61,0.3023,0.1222,0.0564,32.5,0.1971,3,-2089.69,-5.14,27.15,0.0961,0.1353,1.3925,0,EARLY_CAREER_GIG
CUST_SAL_01967,salaried_tier1,74985.94,0.0309,0.2675,0.1501,86.4,0.5205,0,-2395.13,0.62,5.1,0.0581,0.0638,2.3728,0,EARLY_CAREER_SALARIED
CUST_KIR_01968,kirana_msme,18000.0,0.3933,0.2884,0.1318,53.3,0.1559,0,-1965.54,-12.83,7.18,0.0111,0.1601,1.2937,0,MSME_KIRANA_SEASONAL
CUST_KIR_01969,kirana_msme,45355.85,0.4478,0.2798,0.2208,78.9,0.0884,0,5160.79,25.47,19.14,0.0291,0.2222,0.8606,0,MSME_KIRANA_SEASONAL
CUST_SAL_01970,salaried_tier1,53280.81,0.0902,0.1893,0.0213,90.7,0.2199,0,1256.76,9.69,10.35,0.0288,0.1041,2.2221,0,EARLY_CAREER_SALARIED
CUST_SAL_01971,salaried_tier1,60056.31,0.0494,0.2554,0.01,55.9,0.292,0,-4575.08,5.43,11.13,0.0202,0.026,2.2775,0,EARLY_CAREER_SALARIED
CUST_RUR_01972,rural_agri,8000.0,0.4875,0.1078,-0.0952,9.6,0.0906,0,-1749.88,0.52,2.01,0.0049,0.0265,1.0451,0,RURAL_AGRI_ALLIED
CUST_SAL_01973,salaried_tier1,58793.47,0.0448,0.4702,0.2873,35.3,0.1996,0,5006.37,15.57,11.64,0.0105,0.0614,2.546,0,ESTABLISHED_FAMILY_HIGH_DEBT
CUST_KIR_01974,kirana_msme,47669.62,0.2367,0.0686,0.1723,31.1,0.1606,0,978.07,31.68,12.55,0.0004,0.1019,1.6421,0,MSME_KIRANA_SEASONAL
CUST_SAL_01975,salaried_tier1,83213.32,0.0619,0.216,0.1992,61.1,0.4732,0,-14339.1,-3.93,6.89,0.0592,0.0287,1.6449,0,EARLY_CAREER_SALARIED
CUST_RUR_01976,rural_agri,23979.9,0.5857,0.106,-0.098,12.3,0.0994,0,-4732.76,19.37,5.58,0.0166,0.0476,0.7547,1,RURAL_AGRI_ALLIED
CUST_SAL_01977,salaried_tier1,25000.0,0.0927,0.3303,0.1614,83.9,0.1771,0,672.26,22.08,8.57,0.064,0.1074,2.1663,0,EARLY_CAREER_SALARIED
CUST_KIR_01978,kirana_msme,57274.3,0.1808,0.055,0.0739,42.4,0.0547,0,-9951.69,-19.24,19.73,0.0014,0.0933,1.1165,0,MSME_KIRANA_SEASONAL
CUST_RUR_01979,rural_agri,25959.18,0.41,0.2195,0.0163,54.5,0.071,0,-5192.34,48.85,3.39,0.006,0.0264,0.8619,0,RURAL_AGRI_ALLIED
CUST_RUR_01980,rural_agri,18614.84,0.5928,0.0008,-0.0204,32.5,0.1394,0,-2191.95,5.83,4.18,0.0187,0.0536,0.6185,0,RURAL_AGRI_ALLIED
CUST_SAL_01981,salaried_tier1,25000.0,0.0436,0.5477,0.2434,55.8,0.4816,0,1067.44,-20.49,4.66,0.0257,0.0447,2.6347,0,ESTABLISHED_FAMILY_HIGH_DEBT
CUST_RUR_01982,rural_agri,20834.58,0.7458,0.2339,0.1028,33.5,0.1358,1,2002.41,16.65,2.52,0.0223,0.0755,0.5888,0,RURAL_AGRI_ALLIED
CUST_KIR_01983,kirana_msme,33104.8,0.3656,0.0988,0.152,76.4,0.1418,0,5990.55,28.96,19.99,0.0061,0.1591,1.0547,0,MSME_KIRANA_SEASONAL
CUST_KIR_01984,kirana_msme,39678.72,0.3501,0.1896,0.1872,55.8,0.1916,0,-974.61,-9.38,12.04,0.0166,0.0691,1.1601,0,MSME_KIRANA_SEASONAL
CUST_SAL_01985,salaried_tier1,81650.64,0.0507,0.2185,0.305,106.8,0.495,0,4599.23,13.14,3.07,0.0293,0.042,1.5741,0,EARLY_CAREER_SALARIED
CUST_SAL_01986,salaried_tier1,99431.94,0.0958,0.3905,0.0118,32.2,0.3835,0,-3167.93,-34.42,8.12,0.0574,0.0206,2.6833,0,ESTABLISHED_FAMILY_HIGH_DEBT
CUST_GIG_01987,gig_worker,16580.89,0.6406,0.134,0.048,41.6,0.2989,0,2124.66,-3.1,11.25,0.1077,0.042,1.3295,0,EARLY_CAREER_GIG
CUST_KIR_01988,kirana_msme,67049.22,0.3358,0.1235,0.2592,58.6,0.1235,1,19230.08,20.95,15.56,0.0205,0.075,1.0835,0,MSME_KIRANA_SEASONAL
CUST_KIR_01989,kirana_msme,44387.9,0.3392,0.2178,0.2321,80.6,0.1089,0,-2665.12,18.92,11.01,0.029,0.223,1.5322,0,MSME_KIRANA_SEASONAL
CUST_GIG_01990,gig_worker,19014.8,0.5955,0.138,0.0474,12.3,0.1697,0,2854.84,28.95,20.37,0.0446,0.0669,1.2603,0,EARLY_CAREER_GIG
CUST_GIG_01991,gig_worker,22506.73,0.2968,0.0586,-0.0736,35.8,0.1196,0,668.06,18.55,27.3,0.1999,0.1444,1.2036,0,EARLY_CAREER_GIG
CUST_SAL_01992,salaried_tier1,80133.4,0.0961,0.3283,0.1166,63.3,0.4139,0,5121.73,-5.24,6.56,0.0354,0.1183,2.6317,0,EARLY_CAREER_SALARIED
CUST_GIG_01993,gig_worker,16668.97,0.4098,0.0585,-0.0994,27.3,0.1622,0,-2188.17,-0.85,23.36,0.0835,0.0711,0.7763,0,EARLY_CAREER_GIG
CUST_SAL_01994,salaried_tier1,110732.35,0.0974,0.5119,0.1938,19.1,0.3949,0,-21306.27,-10.66,5.9,0.0686,0.1143,2.4234,0,ESTABLISHED_FAMILY_HIGH_DEBT
CUST_GIG_01995,gig_worker,13261.25,0.6209,0.0866,-0.1,35.0,0.1282,0,-2036.59,4.11,21.43,0.1268,0.1088,1.1066,0,EARLY_CAREER_GIG
CUST_GIG_01996,gig_worker,24511.4,0.2698,0.0597,0.1326,44.3,0.2615,0,619.02,4.29,16.0,0.1671,0.0366,1.1052,0,EARLY_CAREER_GIG
CUST_RUR_01997,rural_agri,22372.34,0.7104,0.1761,0.0321,53.3,0.0465,0,-3817.06,-11.01,0.84,0.0048,0.0378,0.8427,0,RURAL_AGRI_ALLIED
CUST_SAL_01998,salaried_tier1,58447.65,0.0368,0.1832,0.2195,76.1,0.2665,0,-1020.09,-11.43,6.91,0.0168,0.1118,2.5087,0,EARLY_CAREER_SALARIED
CUST_SAL_01999,salaried_tier1,36142.17,0.0708,0.3395,0.1442,92.3,0.3955,0,8900.85,-10.55,5.05,0.0401,0.0475,1.585,0,EARLY_CAREER_SALARIED
CUST_SAL_02000,salaried_tier1,89803.57,0.0299,0.4103,0.3346,35.2,0.5137,0,29047.55,16.92,2.52,0.0624,0.0678,2.2682,0,ESTABLISHED_FAMILY_HIGH_DEBT
CUST_SAL_02001,salaried_tier1,30232.74,0.0313,0.2142,0.2968,28.0,0.3039,0,6576.05,-3.27,6.78,0.0798,0.0937,2.6251,0,EARLY_CAREER_SALARIED
CUST_SAL_02002,salaried_tier1,107184.02,0.0335,0.2021,0.1958,39.2,0.3417,0,6455.14,17.16,7.41,0.0553,0.0475,2.3848,0,EARLY_CAREER_SALARIED
CUST_RUR_02003,rural_agri,23196.53,0.6141,0.0235,0.1569,47.3,0.1009,3,5893.4,7.3,4.28,0.0481,0.0317,0.618,0,RURAL_AGRI_ALLIED
CUST_SAL_02004,salaried_tier1,40943.76,0.0919,0.4485,0.0862,44.8,0.4444,0,-3067.55,6.61,8.4,0.026,0.1053,2.4306,1,ESTABLISHED_FAMILY_HIGH_DEBT
CUST_SAL_02005,salaried_tier1,128817.88,0.0863,0.4469,0.2925,68.3,0.3999,1,31955.79,-5.33,6.44,0.0534,0.1115,1.802,0,ESTABLISHED_FAMILY_HIGH_DEBT
CUST_GIG_02006,gig_worker,27960.75,0.6042,0.1274,-0.0775,39.3,0.2191,0,-10336.82,9.74,23.8,0.1556,0.0992,0.9255,0,EARLY_CAREER_GIG
CUST_KIR_02007,kirana_msme,60612.8,0.3443,0.116,0.1031,29.2,0.0863,0,-5177.24,11.53,16.98,0.0176,0.1784,1.4171,0,MSME_KIRANA_SEASONAL
CUST_GIG_02008,gig_worker,21593.56,0.5533,0.0851,-0.1117,39.6,0.0982,0,1016.84,13.97,27.91,0.1009,0.0902,0.8493,0,EARLY_CAREER_GIG
CUST_SAL_02009,salaried_tier1,66922.09,0.0978,0.4687,0.1105,55.0,0.5218,0,10607.97,13.41,9.58,0.0493,0.0359,2.3079,0,ESTABLISHED_FAMILY_HIGH_DEBT
CUST_KIR_02010,kirana_msme,44345.5,0.3767,0.0911,0.0661,78.5,0.1426,0,-3287.34,8.9,18.16,0.01,0.1252,1.6063,0,MSME_KIRANA_SEASONAL
CUST_SAL_02011,salaried_tier1,131858.31,0.0907,0.1563,-0.0232,32.0,0.162,0,-8994.18,6.32,4.11,0.0205,0.0346,2.324,0,EARLY_CAREER_SALARIED
CUST_SAL_02012,salaried_tier1,29736.38,0.0546,0.1858,0.3493,94.3,0.3986,0,10398.92,16.24,4.57,0.0258,0.075,2.1556,0,EARLY_CAREER_SALARIED
CUST_RUR_02013,rural_agri,20359.12,0.7242,0.2386,0.1582,42.3,0.0541,0,-1057.28,-1.1,3.87,0.0018,0.0617,0.5333,0,RURAL_AGRI_ALLIED
CUST_SAL_02014,salaried_tier1,69073.54,0.0924,0.5106,0.0288,55.0,0.2039,0,2582.82,7.01,11.29,0.0246,0.0888,2.1554,0,ESTABLISHED_FAMILY_HIGH_DEBT
CUST_KIR_02015,kirana_msme,26694.4,0.3866,0.1434,0.2332,21.1,0.0522,0,798.34,-1.89,12.48,0.0182,0.2472,1.0194,0,MSME_KIRANA_SEASONAL
CUST_KIR_02016,kirana_msme,59643.41,0.1873,0.0837,0.0781,80.0,0.0815,0,3491.89,18.27,15.89,0.0059,0.177,1.3162,0,MSME_KIRANA_SEASONAL
CUST_KIR_02017,kirana_msme,42085.94,0.1554,0.0697,0.202,33.6,0.1541,0,-4196.05,-0.69,7.68,0.0137,0.2394,1.6503,0,MSME_KIRANA_SEASONAL
CUST_RUR_02018,rural_agri,24749.86,0.52,0.2094,0.0488,10.9,0.0477,0,-1253.91,-15.03,5.41,0.0325,0.0617,0.6367,1,RURAL_AGRI_ALLIED
CUST_SAL_02019,salaried_tier1,25000.0,0.0997,0.3036,0.2917,105.5,0.2431,0,11244.33,23.32,6.26,0.0102,0.0699,2.7683,0,EARLY_CAREER_SALARIED
CUST_GIG_02020,gig_worker,15808.97,0.325,0.1601,-0.0249,41.5,0.0893,2,-568.81,14.98,11.53,0.1111,0.0775,0.7232,0,EARLY_CAREER_GIG
CUST_RUR_02021,rural_agri,10003.69,0.3865,0.105,0.0355,38.1,0.0619,2,512.67,10.67,3.58,0.0312,0.0245,0.5689,0,RURAL_AGRI_ALLIED
CUST_GIG_02022,gig_worker,22742.14,0.6138,0.1388,-0.0354,13.0,0.0956,0,2979.06,12.28,16.14,0.1828,0.0505,1.4934,0,EARLY_CAREER_GIG
CUST_RUR_02023,rural_agri,20313.78,0.7596,0.2374,0.1538,52.1,0.1083,0,-897.4,29.72,5.88,0.0263,0.0282,1.0115,0,RURAL_AGRI_ALLIED
CUST_SAL_02024,salaried_tier1,82834.58,0.067,0.3949,0.0724,31.3,0.3994,0,-11207.19,5.27,4.96,0.0343,0.069,1.9394,0,ESTABLISHED_FAMILY_HIGH_DEBT
CUST_KIR_02025,kirana_msme,23420.44,0.3663,0.1554,0.2356,48.6,0.0663,0,3533.31,-6.07,10.17,0.0079,0.2359,1.6116,0,MSME_KIRANA_SEASONAL
CUST_SAL_02026,salaried_tier1,58308.22,0.0675,0.4511,0.0598,106.4,0.1937,0,-7170.36,4.58,3.35,0.0722,0.0904,2.7616,0,ESTABLISHED_FAMILY_HIGH_DEBT
CUST_GIG_02027,gig_worker,28704.28,0.4184,0.0894,-0.1163,29.8,0.1264,0,-6092.38,6.86,13.39,0.054,0.1139,1.4972,0,EARLY_CAREER_GIG
CUST_RUR_02028,rural_agri,31263.45,0.5528,0.2044,0.064,55.5,0.0883,2,2439.75,28.36,2.89,0.0424,0.0175,0.7852,0,RURAL_AGRI_ALLIED
CUST_SAL_02029,salaried_tier1,79973.65,0.0558,0.2543,0.3138,53.8,0.4696,0,31391.92,-5.4,5.46,0.057,0.0519,1.8018,0,EARLY_CAREER_SALARIED
CUST_GIG_02030,gig_worker,27758.74,0.4148,0.081,0.14,21.8,0.2841,0,-1218.37,15.77,15.93,0.1228,0.1001,0.9606,0,EARLY_CAREER_GIG
CUST_SAL_02031,salaried_tier1,62763.86,0.0673,0.4692,0.0502,19.0,0.4729,3,-3139.11,16.1,11.38,0.0351,0.1141,1.5995,1,ESTABLISHED_FAMILY_HIGH_DEBT
CUST_GIG_02032,gig_worker,23330.17,0.3018,0.0922,0.1364,15.4,0.1876,0,-1231.39,12.69,11.88,0.0742,0.1331,1.1668,0,EARLY_CAREER_GIG
CUST_KIR_02033,kirana_msme,41554.26,0.3687,0.1468,0.0752,47.5,0.0738,0,6619.25,16.71,16.98,0.0108,0.1911,1.0974,0,MSME_KIRANA_SEASONAL
CUST_RUR_02034,rural_agri,20895.71,0.6362,0.2377,0.0115,21.8,0.0507,0,-3329.51,-2.06,5.11,0.0142,0.021,0.8513,0,RURAL_AGRI_ALLIED
CUST_GIG_02035,gig_worker,14935.03,0.6122,0.0004,0.0302,41.5,0.1919,0,-2501.59,12.24,26.45,0.0329,0.0774,0.797,0,EARLY_CAREER_GIG
CUST_KIR_02036,kirana_msme,21423.56,0.3299,0.1159,0.1138,76.5,0.0731,0,-42.23,21.1,14.82,0.0212,0.2062,1.1368,0,MSME_KIRANA_SEASONAL
CUST_SAL_02037,salaried_tier1,41069.6,0.0506,0.3966,-0.0238,46.0,0.3126,0,-706.66,11.89,9.18,0.0431,0.1104,2.1324,0,ESTABLISHED_FAMILY_HIGH_DEBT
CUST_SAL_02038,salaried_tier1,59532.59,0.0403,0.3674,-0.0185,70.8,0.2715,0,-998.76,15.74,8.62,0.0412,0.0778,2.5288,0,ESTABLISHED_FAMILY_HIGH_DEBT
CUST_SAL_02039,salaried_tier1,55228.9,0.0479,0.225,-0.0451,33.3,0.4733,0,-14096.89,-5.24,8.08,0.0618,0.0554,1.9442,0,EARLY_CAREER_SALARIED
CUST_SAL_02040,salaried_tier1,30483.64,0.0547,0.319,0.203,75.1,0.3188,0,7356.55,-0.23,10.8,0.0639,0.1182,2.3073,0,EARLY_CAREER_SALARIED
CUST_RUR_02041,rural_agri,8032.41,0.3173,0.1006,-0.0137,19.5,0.1444,0,-688.81,0.42,1.19,0.0403,0.06,0.5906,0,RURAL_AGRI_ALLIED
CUST_GIG_02042,gig_worker,16597.64,0.6426,0.1081,-0.0924,39.1,0.1503,0,-1327.47,-12.02,23.36,0.0594,0.0758,0.8947,0,EARLY_CAREER_GIG
CUST_KIR_02043,kirana_msme,70326.11,0.3939,0.1369,0.2531,52.5,0.0652,0,16318.45,5.21,17.05,0.0281,0.1618,1.3476,0,MSME_KIRANA_SEASONAL
CUST_SAL_02044,salaried_tier1,53598.24,0.0749,0.3218,0.2009,101.5,0.2863,0,-714.93,-14.94,9.15,0.0478,0.0583,2.5109,0,EARLY_CAREER_SALARIED
CUST_RUR_02045,rural_agri,28284.23,0.3627,0.2419,0.1337,21.4,0.0351,2,-2464.98,2.17,5.8,0.0127,0.0158,1.0141,0,RURAL_AGRI_ALLIED
CUST_GIG_02046,gig_worker,21302.49,0.5542,0.0254,0.0587,25.4,0.2902,0,-588.57,-10.28,9.39,0.1795,0.1013,0.8628,0,EARLY_CAREER_GIG
CUST_SAL_02047,salaried_tier1,25000.0,0.0453,0.4589,-0.0255,82.9,0.4792,1,-3951.84,9.32,4.82,0.052,0.0341,2.4697,1,ESTABLISHED_FAMILY_HIGH_DEBT
CUST_GIG_02048,gig_worker,24167.64,0.3373,0.1224,-0.0856,7.9,0.2,2,-7197.86,19.29,24.37,0.0753,0.1363,1.2166,1,EARLY_CAREER_GIG
CUST_KIR_02049,kirana_msme,19052.62,0.2281,0.1919,0.0698,85.1,0.0907,0,-1067.36,2.06,5.06,0.0208,0.1681,1.0333,0,MSME_KIRANA_SEASONAL
CUST_SAL_02050,salaried_tier1,79121.43,0.0487,0.1817,0.1919,17.8,0.3505,0,22023.47,22.54,11.91,0.0282,0.0522,2.4523,0,EARLY_CAREER_SALARIED
CUST_KIR_02051,kirana_msme,54953.8,0.3395,0.1061,0.2355,29.9,0.1733,0,2962.97,-7.92,8.01,0.0272,0.1182,1.7726,0,MSME_KIRANA_SEASONAL
CUST_KIR_02052,kirana_msme,55603.38,0.2265,0.1496,0.1761,42.6,0.1965,0,5337.69,35.51,20.03,0.014,0.0534,1.2789,0,MSME_KIRANA_SEASONAL
CUST_SAL_02053,salaried_tier1,47461.34,0.0319,0.3942,0.0426,93.7,0.3557,0,-2562.93,-5.71,2.01,0.0704,0.0213,2.1419,0,ESTABLISHED_FAMILY_HIGH_DEBT
CUST_RUR_02054,rural_agri,26899.13,0.481,0.1081,-0.0654,13.4,0.0982,0,-3024.08,15.98,1.79,0.0222,0.0132,0.6414,0,RURAL_AGRI_ALLIED
CUST_RUR_02055,rural_agri,19433.56,0.7179,0.0781,-0.0605,7.4,0.1073,1,-3644.33,-6.41,5.07,0.0368,0.0294,0.6605,0,RURAL_AGRI_ALLIED
CUST_GIG_02056,gig_worker,17300.65,0.5269,0.0478,0.0217,10.2,0.2397,0,-629.05,7.17,11.68,0.037,0.1194,0.7489,0,EARLY_CAREER_GIG
CUST_KIR_02057,kirana_msme,29879.67,0.1959,0.1407,0.2285,22.2,0.1778,0,2552.52,17.94,23.26,0.0005,0.2456,1.6888,0,MSME_KIRANA_SEASONAL
CUST_KIR_02058,kirana_msme,41600.07,0.1632,0.06,0.2858,76.7,0.1295,0,1103.05,9.71,11.83,0.0229,0.147,1.5488,0,MSME_KIRANA_SEASONAL
CUST_GIG_02059,gig_worker,10000.0,0.6123,0.1805,0.1477,26.1,0.1557,0,-577.07,6.87,22.53,0.0697,0.1028,0.6307,0,EARLY_CAREER_GIG
CUST_KIR_02060,kirana_msme,50782.04,0.2828,0.1397,0.1639,65.7,0.1051,0,5287.26,-6.46,10.65,0.0289,0.1745,1.704,0,MSME_KIRANA_SEASONAL
CUST_SAL_02061,salaried_tier1,48510.82,0.0895,0.3174,0.3353,76.3,0.2054,0,8313.49,15.64,7.65,0.0101,0.1133,2.7916,0,EARLY_CAREER_SALARIED
CUST_KIR_02062,kirana_msme,18000.0,0.2348,0.2822,0.278,55.9,0.0888,0,3584.4,27.92,15.45,0.0092,0.0584,0.9566,0,MSME_KIRANA_SEASONAL
CUST_RUR_02063,rural_agri,20400.08,0.6616,0.091,0.0489,45.1,0.1173,0,1205.76,0.29,5.58,0.0316,0.055,0.8806,0,RURAL_AGRI_ALLIED
CUST_KIR_02064,kirana_msme,53651.89,0.2585,0.1237,0.2003,35.5,0.1334,0,5566.36,-5.87,17.05,0.0126,0.1265,1.3798,0,MSME_KIRANA_SEASONAL
CUST_SAL_02065,salaried_tier1,31616.08,0.0826,0.4336,0.0577,25.2,0.1501,0,-1377.78,16.35,2.13,0.0351,0.1162,1.7748,0,ESTABLISHED_FAMILY_HIGH_DEBT
CUST_GIG_02066,gig_worker,20177.72,0.4078,0.1461,-0.057,25.5,0.299,0,-7663.64,12.33,18.05,0.1665,0.062,1.0961,0,EARLY_CAREER_GIG
CUST_SAL_02067,salaried_tier1,85724.73,0.0715,0.3757,-0.0218,91.7,0.4244,0,-12133.11,14.46,11.47,0.0325,0.0352,1.8483,0,ESTABLISHED_FAMILY_HIGH_DEBT
CUST_SAL_02068,salaried_tier1,47004.7,0.0934,0.4861,0.0725,108.3,0.1672,0,1759.4,6.04,10.55,0.0349,0.0383,2.7162,0,ESTABLISHED_FAMILY_HIGH_DEBT
CUST_SAL_02069,salaried_tier1,58671.72,0.0531,0.4822,0.1277,32.8,0.5319,0,2245.44,56.68,3.94,0.0396,0.069,2.538,0,ESTABLISHED_FAMILY_HIGH_DEBT
CUST_KIR_02070,kirana_msme,46337.87,0.2945,0.1022,0.297,80.6,0.1831,0,559.7,-30.06,16.36,0.0246,0.0577,0.9599,0,MSME_KIRANA_SEASONAL
CUST_GIG_02071,gig_worker,18995.19,0.6434,0.1446,-0.0601,28.4,0.1343,0,-5919.8,31.85,19.14,0.1547,0.0844,1.4066,0,EARLY_CAREER_GIG
CUST_KIR_02072,kirana_msme,53120.78,0.4432,0.255,0.2443,79.2,0.0922,0,14426.28,9.51,14.25,0.0254,0.0554,1.3645,0,MSME_KIRANA_SEASONAL
CUST_SAL_02073,salaried_tier1,95793.2,0.0648,0.5318,0.0412,106.6,0.2632,0,-14252.59,6.9,2.71,0.0369,0.0556,2.1479,1,ESTABLISHED_FAMILY_HIGH_DEBT
CUST_RUR_02074,rural_agri,20331.62,0.7499,0.0487,0.0515,38.1,0.1283,3,-1095.24,14.59,0.69,0.0241,0.0719,0.9368,0,RURAL_AGRI_ALLIED
CUST_RUR_02075,rural_agri,16967.09,0.784,0.2295,-0.062,11.2,0.0947,2,-2523.36,23.37,1.25,0.0255,0.0336,0.7675,0,RURAL_AGRI_ALLIED
CUST_RUR_02076,rural_agri,20048.13,0.6438,0.165,0.0653,22.1,0.0753,0,1675.94,15.17,5.05,0.029,0.0739,1.1422,0,RURAL_AGRI_ALLIED
CUST_SAL_02077,salaried_tier1,100419.27,0.0411,0.4279,0.1139,102.6,0.4681,0,9693.62,13.47,9.18,0.0485,0.0757,1.739,0,ESTABLISHED_FAMILY_HIGH_DEBT
CUST_KIR_02078,kirana_msme,49946.79,0.3987,0.2682,0.1219,27.3,0.0849,0,-8198.63,17.91,13.37,0.0004,0.0602,1.2625,0,MSME_KIRANA_SEASONAL
CUST_RUR_02079,rural_agri,12396.34,0.476,0.2031,-0.0475,53.5,0.0446,0,-1556.79,-10.46,5.7,0.0165,0.0561,0.8344,0,RURAL_AGRI_ALLIED
CUST_GIG_02080,gig_worker,23721.55,0.3239,0.139,0.1394,8.0,0.1678,0,774.5,12.47,10.38,0.1404,0.1196,0.7994,0,EARLY_CAREER_GIG
CUST_SAL_02081,salaried_tier1,58447.85,0.0476,0.2428,0.0069,66.1,0.4838,2,-11431.9,-29.45,10.23,0.0677,0.0589,1.6681,1,EARLY_CAREER_SALARIED
CUST_SAL_02082,salaried_tier1,25000.0,0.0409,0.4038,0.0957,57.2,0.1592,0,608.37,8.81,4.14,0.0602,0.0513,1.6587,0,ESTABLISHED_FAMILY_HIGH_DEBT
CUST_KIR_02083,kirana_msme,34491.8,0.3364,0.235,0.2349,53.8,0.1181,0,1043.95,-9.09,8.04,0.0199,0.1319,0.993,0,MSME_KIRANA_SEASONAL
CUST_RUR_02084,rural_agri,23833.8,0.5108,0.1477,-0.068,14.8,0.0343,0,-4875.9,-19.18,5.31,0.0316,0.0703,1.1922,0,RURAL_AGRI_ALLIED
CUST_KIR_02085,kirana_msme,52281.93,0.2079,0.1544,0.2565,29.0,0.0694,0,1683.03,-20.19,10.03,0.0151,0.1104,1.3519,0,MSME_KIRANA_SEASONAL
CUST_KIR_02086,kirana_msme,44908.21,0.3731,0.2251,0.1726,36.7,0.1266,0,5435.75,-0.37,6.64,0.0005,0.1156,1.2599,0,MSME_KIRANA_SEASONAL
CUST_SAL_02087,salaried_tier1,87120.29,0.0582,0.2225,0.0584,59.0,0.2958,0,2481.22,-8.43,11.13,0.0121,0.064,1.6714,0,EARLY_CAREER_SALARIED
CUST_GIG_02088,gig_worker,28606.51,0.2601,0.145,0.1497,29.9,0.1712,2,2644.81,-12.47,22.99,0.1299,0.0346,1.0988,0,EARLY_CAREER_GIG
CUST_RUR_02089,rural_agri,22009.82,0.5866,0.1223,-0.0232,31.1,0.1069,2,-1096.95,7.82,4.4,0.0371,0.0491,0.5572,0,RURAL_AGRI_ALLIED
CUST_KIR_02090,kirana_msme,18000.0,0.2882,0.0777,0.0957,26.8,0.0864,0,753.66,-11.91,9.22,0.0221,0.2137,1.0451,0,MSME_KIRANA_SEASONAL
CUST_GIG_02091,gig_worker,25843.41,0.3674,0.1427,-0.0466,27.6,0.2984,0,-525.19,23.57,14.41,0.1218,0.0852,1.4375,0,EARLY_CAREER_GIG
CUST_RUR_02092,rural_agri,12244.8,0.4224,0.1699,0.1686,28.2,0.0972,0,740.31,-2.06,2.35,0.0328,0.0789,0.7885,0,RURAL_AGRI_ALLIED
CUST_SAL_02093,salaried_tier1,52582.64,0.0398,0.2189,0.0842,86.3,0.3498,1,-37.65,2.9,5.64,0.0331,0.0436,1.7766,0,EARLY_CAREER_SALARIED
CUST_KIR_02094,kirana_msme,40496.41,0.4067,0.058,0.2911,49.3,0.0871,0,6605.02,-13.43,6.44,0.0248,0.1349,0.9329,0,MSME_KIRANA_SEASONAL
CUST_SAL_02095,salaried_tier1,64241.43,0.0605,0.4562,0.1504,97.2,0.1962,0,-1129.38,10.99,9.72,0.0632,0.0341,1.7065,0,ESTABLISHED_FAMILY_HIGH_DEBT
CUST_GIG_02096,gig_worker,25825.09,0.5529,0.0512,0.0083,16.2,0.1296,3,-6509.32,-4.93,16.91,0.0533,0.1173,1.4213,1,EARLY_CAREER_GIG
CUST_GIG_02097,gig_worker,27350.47,0.289,0.1143,-0.1454,40.5,0.2826,1,-14267.68,3.29,13.1,0.1565,0.1418,1.0199,0,EARLY_CAREER_GIG
CUST_GIG_02098,gig_worker,14985.29,0.4123,0.1904,-0.0724,23.7,0.2893,0,-5061.65,-20.79,9.18,0.192,0.0525,1.3772,0,EARLY_CAREER_GIG
CUST_GIG_02099,gig_worker,11222.38,0.6361,0.0611,0.046,8.8,0.2614,0,-1172.19,16.69,16.47,0.0632,0.0715,1.4815,0,EARLY_CAREER_GIG
CUST_KIR_02100,kirana_msme,55584.84,0.1824,0.0736,0.2292,42.1,0.1488,0,8054.16,12.69,22.78,0.0203,0.1023,1.7861,0,MSME_KIRANA_SEASONAL
CUST_RUR_02101,rural_agri,28546.84,0.5249,0.0258,-0.0002,13.9,0.1238,2,-1481.94,-22.61,3.92,0.0437,0.0588,0.5619,1,RURAL_AGRI_ALLIED
CUST_KIR_02102,kirana_msme,42147.15,0.4066,0.2457,0.2541,89.3,0.1623,0,11316.6,-1.75,5.7,0.0057,0.0623,1.0054,0,MSME_KIRANA_SEASONAL
CUST_SAL_02103,salaried_tier1,88761.07,0.0799,0.5276,0.0407,70.8,0.2774,0,-5958.25,10.23,2.36,0.0263,0.0905,2.2242,1,ESTABLISHED_FAMILY_HIGH_DEBT
CUST_GIG_02104,gig_worker,18194.42,0.2884,0.1906,0.1106,5.8,0.1166,0,-3184.81,31.28,26.69,0.1585,0.0628,0.8092,0,EARLY_CAREER_GIG
CUST_GIG_02105,gig_worker,17469.35,0.5201,0.0901,-0.0794,8.8,0.2077,1,-4056.97,16.22,22.7,0.0611,0.0706,0.8555,0,EARLY_CAREER_GIG
CUST_KIR_02106,kirana_msme,36003.38,0.1627,0.2595,0.0688,28.0,0.0857,0,-2697.5,-13.31,9.95,0.0163,0.0681,1.5898,0,MSME_KIRANA_SEASONAL
CUST_RUR_02107,rural_agri,15056.75,0.6807,0.186,0.0245,11.5,0.0637,1,-3344.24,-9.91,5.83,0.0319,0.0345,1.1086,0,RURAL_AGRI_ALLIED
CUST_RUR_02108,rural_agri,9582.1,0.4335,0.0188,0.026,39.0,0.1247,2,48.88,-3.76,0.98,0.0247,0.0465,1.1947,0,RURAL_AGRI_ALLIED
CUST_SAL_02109,salaried_tier1,63594.2,0.0987,0.5098,0.1081,107.0,0.1631,0,-3018.65,-0.04,4.21,0.0239,0.1062,2.4449,0,ESTABLISHED_FAMILY_HIGH_DEBT
CUST_RUR_02110,rural_agri,24075.68,0.4276,0.0884,-0.0571,47.6,0.0585,0,-4823.87,1.59,2.65,0.0089,0.0194,0.8046,0,RURAL_AGRI_ALLIED
CUST_SAL_02111,salaried_tier1,35531.22,0.0742,0.4311,0.262,102.2,0.2574,0,2026.88,18.25,7.11,0.0529,0.0362,1.6754,0,ESTABLISHED_FAMILY_HIGH_DEBT
CUST_SAL_02112,salaried_tier1,104278.01,0.0339,0.1924,0.0458,48.0,0.3692,1,-2996.84,8.43,7.19,0.0103,0.0233,2.0539,0,EARLY_CAREER_SALARIED
CUST_SAL_02113,salaried_tier1,37337.29,0.0674,0.3678,-0.0145,82.2,0.4569,0,-4555.23,-16.95,4.0,0.063,0.1112,2.3937,0,ESTABLISHED_FAMILY_HIGH_DEBT
CUST_RUR_02114,rural_agri,8792.9,0.3006,0.1626,-0.0872,16.6,0.1167,1,-2267.09,27.23,4.13,0.0465,0.0152,0.5513,0,RURAL_AGRI_ALLIED
CUST_GIG_02115,gig_worker,14482.35,0.3152,0.1568,0.1369,35.2,0.2919,0,1744.42,-2.08,21.81,0.1845,0.0494,1.4362,0,EARLY_CAREER_GIG
CUST_SAL_02116,salaried_tier1,68386.27,0.0455,0.1674,0.3421,85.0,0.5107,3,12685.96,-3.68,4.55,0.0229,0.0715,2.0096,0,EARLY_CAREER_SALARIED
CUST_KIR_02117,kirana_msme,28061.12,0.2826,0.0713,0.2663,23.3,0.1071,0,3373.07,16.77,11.25,0.0034,0.1563,1.575,0,MSME_KIRANA_SEASONAL
CUST_GIG_02118,gig_worker,11269.4,0.5693,0.1862,-0.1487,12.8,0.1767,0,-2806.81,-3.99,25.84,0.1383,0.0609,1.4243,0,EARLY_CAREER_GIG
CUST_SAL_02119,salaried_tier1,49575.24,0.0526,0.404,0.2258,97.5,0.3873,0,7083.06,5.98,10.11,0.0212,0.1027,2.656,0,ESTABLISHED_FAMILY_HIGH_DEBT
CUST_RUR_02120,rural_agri,24222.41,0.4713,0.169,0.0634,56.1,0.1041,0,-5324.55,26.47,2.15,0.0136,0.0374,1.0076,0,RURAL_AGRI_ALLIED
CUST_RUR_02121,rural_agri,25070.34,0.5836,0.106,0.1912,32.2,0.1089,0,-275.17,4.55,5.39,0.0379,0.0476,0.711,0,RURAL_AGRI_ALLIED
CUST_KIR_02122,kirana_msme,18000.0,0.336,0.1298,0.1464,87.6,0.0667,0,3262.04,35.91,11.4,0.0119,0.0689,0.8433,0,MSME_KIRANA_SEASONAL
CUST_RUR_02123,rural_agri,12902.98,0.3443,0.1944,0.0951,13.9,0.0604,2,351.25,10.62,3.72,0.0105,0.054,0.8963,0,RURAL_AGRI_ALLIED
CUST_KIR_02124,kirana_msme,52697.33,0.352,0.1713,0.1067,81.8,0.1299,0,10411.95,13.89,24.7,0.0176,0.0568,1.7901,0,MSME_KIRANA_SEASONAL
CUST_RUR_02125,rural_agri,19937.36,0.5577,0.0638,0.1846,39.1,0.0576,0,-268.8,-4.33,2.14,0.044,0.0216,1.0049,0,RURAL_AGRI_ALLIED
CUST_GIG_02126,gig_worker,20656.9,0.6497,0.0189,-0.0861,14.4,0.2162,1,-5379.31,-27.9,8.17,0.1408,0.1057,1.2767,1,EARLY_CAREER_GIG
CUST_GIG_02127,gig_worker,18603.66,0.342,0.062,-0.0181,12.0,0.2137,2,296.01,22.99,16.93,0.1655,0.1198,1.1359,0,EARLY_CAREER_GIG
CUST_SAL_02128,salaried_tier1,47948.45,0.0493,0.1923,0.3451,24.0,0.2174,0,16486.28,19.14,5.56,0.0638,0.0876,2.6249,0,EARLY_CAREER_SALARIED
CUST_RUR_02129,rural_agri,21286.75,0.4015,0.0798,-0.0054,11.0,0.1175,0,-1597.23,9.92,4.76,0.0452,0.0635,0.5368,0,RURAL_AGRI_ALLIED
CUST_KIR_02130,kirana_msme,44871.41,0.4465,0.0759,0.2523,64.9,0.1371,0,12263.33,17.63,22.26,0.0053,0.0894,1.6403,0,MSME_KIRANA_SEASONAL
CUST_SAL_02131,salaried_tier1,103525.0,0.0589,0.3722,-0.0056,96.5,0.4533,0,-12814.34,-14.49,4.2,0.067,0.0947,1.9272,0,ESTABLISHED_FAMILY_HIGH_DEBT
CUST_SAL_02132,salaried_tier1,70835.8,0.0486,0.328,0.1876,84.2,0.4093,0,-1593.8,-3.04,11.18,0.0321,0.0217,2.5525,0,EARLY_CAREER_SALARIED
CUST_GIG_02133,gig_worker,19279.45,0.5928,0.0236,-0.1208,16.6,0.2198,1,-5096.82,11.64,18.82,0.0969,0.0731,1.3931,1,EARLY_CAREER_GIG
CUST_KIR_02134,kirana_msme,49191.11,0.3395,0.091,0.0633,80.7,0.1303,0,-12916.93,18.33,20.1,0.0044,0.1728,1.3549,0,MSME_KIRANA_SEASONAL
CUST_GIG_02135,gig_worker,28195.49,0.3913,0.1934,0.1125,27.5,0.1578,0,457.61,-0.64,19.61,0.0983,0.1063,1.2955,0,EARLY_CAREER_GIG
CUST_RUR_02136,rural_agri,15145.72,0.3087,0.1208,0.199,24.2,0.1454,0,3540.01,-0.63,4.48,0.0251,0.0636,0.6212,0,RURAL_AGRI_ALLIED
CUST_SAL_02137,salaried_tier1,88664.3,0.0889,0.322,-0.0293,75.3,0.5336,0,5520.7,14.89,5.16,0.0636,0.0523,1.8123,0,EARLY_CAREER_SALARIED
CUST_GIG_02138,gig_worker,10000.0,0.3889,0.0217,-0.0417,36.5,0.171,0,-2752.23,16.86,9.39,0.1796,0.0698,0.7472,0,EARLY_CAREER_GIG
CUST_SAL_02139,salaried_tier1,90038.58,0.0746,0.1923,0.3332,110.5,0.2445,0,29772.33,6.45,8.84,0.0216,0.0739,2.0322,0,EARLY_CAREER_SALARIED
CUST_RUR_02140,rural_agri,16941.1,0.634,0.2193,-0.0504,54.1,0.0768,2,-5773.61,-1.79,5.24,0.0331,0.0456,0.8588,1,RURAL_AGRI_ALLIED
CUST_RUR_02141,rural_agri,22357.79,0.795,0.0697,0.1748,11.9,0.1443,2,137.06,6.28,2.18,0.0322,0.0515,0.7426,0,RURAL_AGRI_ALLIED
CUST_KIR_02142,kirana_msme,56646.8,0.3278,0.2624,0.2602,84.3,0.0601,0,9575.12,-0.61,14.81,0.0138,0.2175,1.2684,0,MSME_KIRANA_SEASONAL
CUST_GIG_02143,gig_worker,18199.15,0.5142,0.0234,-0.0937,25.2,0.0896,0,-5209.61,30.35,24.92,0.0891,0.0718,1.377,1,EARLY_CAREER_GIG
CUST_KIR_02144,kirana_msme,32215.52,0.3514,0.2918,0.2727,66.7,0.1785,0,-2077.68,9.12,5.26,0.0053,0.1761,1.1771,0,MSME_KIRANA_SEASONAL
CUST_KIR_02145,kirana_msme,34139.97,0.3495,0.1636,0.2129,42.8,0.1372,0,5081.9,17.57,7.94,0.0119,0.1249,1.3586,0,MSME_KIRANA_SEASONAL
CUST_RUR_02146,rural_agri,20675.51,0.4573,0.1958,0.0491,15.6,0.1197,0,786.27,15.13,4.67,0.0385,0.0654,0.6247,0,RURAL_AGRI_ALLIED
CUST_KIR_02147,kirana_msme,56698.83,0.3626,0.1949,0.0773,69.8,0.1536,0,2253.72,1.34,16.01,0.0168,0.1235,1.5358,0,MSME_KIRANA_SEASONAL
CUST_KIR_02148,kirana_msme,33527.88,0.1507,0.2993,0.1027,65.9,0.189,0,3708.82,0.94,24.53,0.0258,0.1616,1.599,0,MSME_KIRANA_SEASONAL
CUST_KIR_02149,kirana_msme,47800.76,0.4038,0.1993,0.1692,41.8,0.0505,0,4345.76,3.99,11.59,0.0253,0.0605,1.077,0,MSME_KIRANA_SEASONAL
CUST_RUR_02150,rural_agri,21106.63,0.7479,0.1095,0.1074,58.9,0.0589,2,-1585.01,33.94,2.84,0.0141,0.0412,0.7067,0,RURAL_AGRI_ALLIED
CUST_KIR_02151,kirana_msme,61634.71,0.2379,0.2869,0.148,35.2,0.1332,0,16405.02,14.75,10.53,0.0247,0.1514,0.8122,0,MSME_KIRANA_SEASONAL
CUST_SAL_02152,salaried_tier1,72757.63,0.0474,0.1783,0.0355,80.9,0.1613,0,-11398.94,-27.5,9.95,0.0342,0.0338,2.7439,0,EARLY_CAREER_SALARIED
CUST_GIG_02153,gig_worker,14753.85,0.6142,0.1587,0.0034,18.3,0.1786,2,-1921.06,-16.76,24.14,0.0331,0.1405,0.7662,1,EARLY_CAREER_GIG
CUST_RUR_02154,rural_agri,23762.65,0.4406,0.022,0.0515,36.0,0.0843,0,-4928.64,11.03,3.39,0.0066,0.0238,0.9128,0,RURAL_AGRI_ALLIED
CUST_SAL_02155,salaried_tier1,25000.0,0.0839,0.2803,0.1772,22.8,0.4478,0,5042.86,-13.08,10.84,0.0631,0.1044,2.5431,0,EARLY_CAREER_SALARIED
CUST_SAL_02156,salaried_tier1,25000.0,0.0893,0.2794,0.0115,82.1,0.167,0,85.87,40.15,4.95,0.0752,0.1156,2.55,0,EARLY_CAREER_SALARIED
CUST_SAL_02157,salaried_tier1,67406.96,0.0525,0.3959,0.2131,93.8,0.4173,0,17809.24,12.08,6.8,0.0194,0.0985,2.3769,0,ESTABLISHED_FAMILY_HIGH_DEBT
CUST_KIR_02158,kirana_msme,46421.42,0.1669,0.1898,0.1193,45.9,0.1189,0,3085.98,-6.65,14.49,0.0091,0.158,1.3029,0,MSME_KIRANA_SEASONAL
CUST_KIR_02159,kirana_msme,33865.98,0.1654,0.1359,0.2096,77.0,0.1943,0,8641.79,33.41,10.98,0.0039,0.1755,1.2289,0,MSME_KIRANA_SEASONAL
CUST_GIG_02160,gig_worker,17349.68,0.3668,0.1595,-0.0986,28.6,0.0913,0,-5784.11,19.36,11.52,0.0492,0.0716,0.6575,0,EARLY_CAREER_GIG
CUST_GIG_02161,gig_worker,21924.07,0.4914,0.1375,-0.0616,28.3,0.2507,0,-3792.21,-9.91,10.93,0.034,0.1478,1.0728,0,EARLY_CAREER_GIG
CUST_GIG_02162,gig_worker,35605.89,0.534,0.1527,-0.1298,20.3,0.1449,0,-5110.54,19.79,20.32,0.0603,0.0666,0.9713,0,EARLY_CAREER_GIG
CUST_KIR_02163,kirana_msme,49631.8,0.4397,0.1993,0.2246,80.2,0.176,0,8513.78,2.61,10.46,0.0263,0.2053,1.3003,0,MSME_KIRANA_SEASONAL
CUST_RUR_02164,rural_agri,13960.66,0.7192,0.2232,-0.0145,42.8,0.0393,0,-4572.3,35.19,4.71,0.0446,0.0336,0.8407,0,RURAL_AGRI_ALLIED
CUST_KIR_02165,kirana_msme,39338.71,0.3024,0.1077,0.1786,67.8,0.0628,0,6381.42,-0.54,24.79,0.0008,0.2163,1.3937,0,MSME_KIRANA_SEASONAL
CUST_RUR_02166,rural_agri,24426.91,0.5592,0.1003,0.1716,10.1,0.0868,1,777.52,29.15,1.95,0.0282,0.0596,0.926,0,RURAL_AGRI_ALLIED
CUST_GIG_02167,gig_worker,28301.38,0.4299,0.1974,-0.143,19.0,0.1197,0,-8636.86,-7.98,22.75,0.1799,0.0553,0.8189,0,EARLY_CAREER_GIG
CUST_SAL_02168,salaried_tier1,59572.97,0.0385,0.4164,0.1496,97.7,0.2751,0,-7278.69,-0.57,11.34,0.0465,0.0373,1.8374,0,ESTABLISHED_FAMILY_HIGH_DEBT
CUST_GIG_02169,gig_worker,23194.11,0.3848,0.1928,-0.0986,36.3,0.1495,0,-5918.56,21.99,24.05,0.1372,0.1137,1.4727,0,EARLY_CAREER_GIG
CUST_KIR_02170,kirana_msme,38005.23,0.4335,0.1878,0.2124,22.4,0.1941,0,5620.45,6.74,23.87,0.0279,0.0941,1.3634,0,MSME_KIRANA_SEASONAL
CUST_GIG_02171,gig_worker,35349.14,0.5305,0.042,0.101,38.5,0.2197,3,-7302.76,5.29,12.43,0.1658,0.1444,1.3317,0,EARLY_CAREER_GIG
CUST_SAL_02172,salaried_tier1,83187.93,0.0788,0.3617,0.2104,88.5,0.3478,0,15681.74,-8.8,5.13,0.0466,0.0208,2.6003,0,ESTABLISHED_FAMILY_HIGH_DEBT
CUST_SAL_02173,salaried_tier1,35637.84,0.0219,0.3433,0.1199,59.6,0.2335,2,297.96,9.04,10.92,0.0616,0.0372,1.5046,0,EARLY_CAREER_SALARIED
CUST_RUR_02174,rural_agri,12807.88,0.5288,0.1171,0.1407,55.4,0.0399,0,1045.31,28.11,5.98,0.028,0.0716,0.7089,0,RURAL_AGRI_ALLIED
CUST_SAL_02175,salaried_tier1,78708.99,0.0564,0.4715,0.0523,87.8,0.3121,0,-6135.09,-24.08,7.5,0.0206,0.0384,2.0369,0,ESTABLISHED_FAMILY_HIGH_DEBT
CUST_RUR_02176,rural_agri,8215.33,0.37,0.0453,0.1544,13.9,0.1099,0,-1850.34,-18.52,0.86,0.0415,0.0444,1.1778,0,RURAL_AGRI_ALLIED
CUST_SAL_02177,salaried_tier1,83098.93,0.0489,0.3175,0.2545,98.4,0.1836,0,10575.58,-13.41,3.34,0.0285,0.0245,2.1273,0,EARLY_CAREER_SALARIED
CUST_GIG_02178,gig_worker,32459.38,0.5429,0.1211,0.0535,39.4,0.2722,2,-8718.17,-0.63,13.02,0.1154,0.073,0.7379,0,EARLY_CAREER_GIG
CUST_GIG_02179,gig_worker,22849.39,0.4176,0.0013,0.0658,20.4,0.1027,3,-609.88,-7.54,22.52,0.1928,0.0789,1.2997,0,EARLY_CAREER_GIG
CUST_KIR_02180,kirana_msme,41933.96,0.1536,0.1655,0.1807,63.5,0.0651,0,-1758.71,-19.36,18.16,0.0008,0.1581,1.4133,0,MSME_KIRANA_SEASONAL
CUST_KIR_02181,kirana_msme,54941.3,0.2492,0.1828,0.0583,88.9,0.1737,0,-4285.25,23.81,6.5,0.0163,0.107,0.8608,0,MSME_KIRANA_SEASONAL
CUST_SAL_02182,salaried_tier1,56923.02,0.0662,0.4609,0.1463,102.2,0.2025,0,7963.58,15.65,5.32,0.0356,0.0284,2.7259,0,ESTABLISHED_FAMILY_HIGH_DEBT
CUST_SAL_02183,salaried_tier1,25000.0,0.0901,0.3095,0.2122,79.6,0.2989,0,8734.16,-17.66,6.28,0.0437,0.1023,1.5278,0,EARLY_CAREER_SALARIED
CUST_KIR_02184,kirana_msme,21324.0,0.1774,0.0783,0.1298,20.9,0.083,0,50.92,16.3,7.21,0.0285,0.1745,1.0346,0,MSME_KIRANA_SEASONAL
CUST_GIG_02185,gig_worker,23926.22,0.4261,0.05,-0.1099,19.9,0.2829,0,-2909.32,-2.07,12.16,0.0995,0.0354,1.4919,1,EARLY_CAREER_GIG
CUST_RUR_02186,rural_agri,22585.93,0.4991,0.1844,-0.0925,34.8,0.0437,0,1075.75,9.66,1.28,0.0468,0.0722,1.0538,0,RURAL_AGRI_ALLIED
CUST_RUR_02187,rural_agri,18582.28,0.699,0.1112,0.0692,22.6,0.0491,2,1347.27,17.82,3.69,0.0432,0.0255,0.501,0,RURAL_AGRI_ALLIED
CUST_GIG_02188,gig_worker,27711.85,0.3966,0.1163,-0.0822,4.7,0.1182,0,-6569.97,25.02,19.73,0.0376,0.0409,1.0217,1,EARLY_CAREER_GIG
CUST_GIG_02189,gig_worker,16860.0,0.605,0.1835,-0.0525,28.9,0.1883,3,-2034.99,14.42,27.2,0.0639,0.0715,1.0579,0,EARLY_CAREER_GIG
CUST_GIG_02190,gig_worker,27967.04,0.531,0.1272,-0.0123,22.6,0.1694,0,-1706.3,-18.16,10.95,0.0481,0.1409,0.966,0,EARLY_CAREER_GIG
CUST_SAL_02191,salaried_tier1,47141.68,0.0305,0.4703,0.2536,25.9,0.4171,0,5923.0,-12.66,6.74,0.0289,0.0864,2.4274,0,ESTABLISHED_FAMILY_HIGH_DEBT
CUST_RUR_02192,rural_agri,29112.23,0.5379,0.075,0.1496,53.5,0.082,0,-308.69,-11.51,0.82,0.0346,0.0648,0.9289,0,RURAL_AGRI_ALLIED
CUST_GIG_02193,gig_worker,23572.82,0.3576,0.0928,-0.0341,10.3,0.1918,0,-3902.67,19.01,13.04,0.0665,0.1277,1.1617,0,EARLY_CAREER_GIG
CUST_GIG_02194,gig_worker,20682.79,0.4802,0.1714,0.1176,37.9,0.0895,2,-682.05,6.38,9.13,0.1008,0.0944,1.4092,0,EARLY_CAREER_GIG
CUST_SAL_02195,salaried_tier1,67432.65,0.0528,0.4163,0.1167,19.4,0.438,0,6902.59,13.68,2.21,0.0752,0.0452,1.5638,1,ESTABLISHED_FAMILY_HIGH_DEBT
CUST_KIR_02196,kirana_msme,32736.91,0.3156,0.072,0.0738,79.6,0.0934,0,-1106.2,9.49,9.45,0.0155,0.0638,1.3089,0,MSME_KIRANA_SEASONAL
CUST_KIR_02197,kirana_msme,55347.74,0.1655,0.1712,0.2287,50.1,0.1812,0,-642.66,10.84,10.68,0.0282,0.1714,1.7585,0,MSME_KIRANA_SEASONAL
CUST_RUR_02198,rural_agri,26750.09,0.5708,0.1498,0.0335,13.0,0.0964,4,-1275.71,-1.96,4.61,0.0322,0.0344,1.051,1,RURAL_AGRI_ALLIED
CUST_KIR_02199,kirana_msme,36013.16,0.1776,0.1339,0.123,51.6,0.0896,0,4323.09,19.48,11.7,0.0236,0.1752,1.7076,0,MSME_KIRANA_SEASONAL
CUST_KIR_02200,kirana_msme,45286.07,0.284,0.1514,0.0865,31.0,0.1697,0,-790.24,19.94,10.9,0.028,0.1748,1.36,0,MSME_KIRANA_SEASONAL
CUST_RUR_02201,rural_agri,27719.12,0.6288,0.0381,0.1325,11.2,0.1173,4,-2058.34,7.97,4.9,0.0267,0.0572,1.1706,0,RURAL_AGRI_ALLIED
CUST_SAL_02202,salaried_tier1,30600.44,0.0515,0.4903,0.3209,27.2,0.4612,0,6492.54,-3.82,9.79,0.0256,0.0731,2.2612,0,ESTABLISHED_FAMILY_HIGH_DEBT
CUST_KIR_02203,kirana_msme,32215.03,0.321,0.1971,0.276,63.8,0.1978,0,6629.48,-16.87,5.53,0.0219,0.1272,1.5041,0,MSME_KIRANA_SEASONAL
CUST_SAL_02204,salaried_tier1,78902.97,0.0924,0.2234,0.3183,29.7,0.4443,2,10066.29,15.75,6.35,0.0336,0.0588,1.6916,0,EARLY_CAREER_SALARIED
CUST_GIG_02205,gig_worker,10000.0,0.6175,0.0021,0.1468,23.1,0.2176,0,2673.48,-4.08,19.24,0.1427,0.1079,1.3673,0,EARLY_CAREER_GIG
CUST_RUR_02206,rural_agri,14718.09,0.7245,0.1522,0.0061,37.7,0.1075,2,199.03,-0.2,1.38,0.0472,0.0388,1.0756,0,RURAL_AGRI_ALLIED
CUST_SAL_02207,salaried_tier1,69480.72,0.046,0.5438,-0.0082,20.0,0.168,0,-11122.6,-4.35,7.06,0.0345,0.0289,2.2529,1,ESTABLISHED_FAMILY_HIGH_DEBT
CUST_RUR_02208,rural_agri,24710.42,0.6885,0.2423,0.1653,32.4,0.0798,3,3735.65,-1.52,2.12,0.0282,0.0795,0.9279,0,RURAL_AGRI_ALLIED
CUST_SAL_02209,salaried_tier1,75666.92,0.0907,0.1659,0.2179,47.1,0.4198,1,6768.88,1.62,6.14,0.0745,0.1174,2.1484,0,EARLY_CAREER_SALARIED
CUST_RUR_02210,rural_agri,24279.65,0.6629,0.0098,-0.0601,56.5,0.0398,0,-1804.63,6.05,4.03,0.0176,0.0216,1.085,0,RURAL_AGRI_ALLIED
CUST_GIG_02211,gig_worker,28453.77,0.3884,0.1429,0.0119,25.7,0.2688,0,-4291.03,-44.46,15.27,0.0597,0.0847,1.361,0,EARLY_CAREER_GIG
CUST_RUR_02212,rural_agri,20953.44,0.7442,0.1285,-0.0326,12.1,0.1342,0,566.84,5.18,0.85,0.0212,0.0473,0.5823,0,RURAL_AGRI_ALLIED
CUST_SAL_02213,salaried_tier1,97933.45,0.0864,0.424,0.1394,37.7,0.4888,0,-2349.55,-9.66,11.16,0.0783,0.1098,1.9632,0,ESTABLISHED_FAMILY_HIGH_DEBT
CUST_RUR_02214,rural_agri,18526.43,0.335,0.2383,0.0718,18.5,0.0651,4,-4119.81,7.23,2.81,0.025,0.0169,0.9309,0,RURAL_AGRI_ALLIED
CUST_GIG_02215,gig_worker,10000.0,0.4764,0.0145,0.1332,15.3,0.0958,0,561.05,-1.56,11.57,0.1008,0.1186,0.6859,0,EARLY_CAREER_GIG
CUST_KIR_02216,kirana_msme,42072.24,0.3884,0.0895,0.0946,51.9,0.0851,0,1841.28,1.77,16.95,0.0181,0.0632,0.8508,0,MSME_KIRANA_SEASONAL
CUST_RUR_02217,rural_agri,24591.11,0.4614,0.1211,-0.0218,16.1,0.0301,4,-1386.23,14.19,0.57,0.0004,0.0302,0.8086,1,RURAL_AGRI_ALLIED
CUST_SAL_02218,salaried_tier1,93502.47,0.0223,0.4611,-0.0249,103.0,0.5029,0,-15176.22,3.4,7.61,0.0285,0.0843,2.567,1,ESTABLISHED_FAMILY_HIGH_DEBT
CUST_RUR_02219,rural_agri,34060.79,0.3069,0.1553,0.0958,13.7,0.0817,4,-1492.39,-2.31,2.76,0.0175,0.0187,1.1189,0,RURAL_AGRI_ALLIED
CUST_SAL_02220,salaried_tier1,74280.87,0.0717,0.3198,0.2267,93.4,0.4632,0,-84.72,-1.21,2.25,0.0576,0.0436,2.5291,0,EARLY_CAREER_SALARIED
CUST_GIG_02221,gig_worker,28443.42,0.3152,0.0408,0.0173,17.7,0.2217,0,-2841.01,18.84,16.63,0.1273,0.0685,1.3304,0,EARLY_CAREER_GIG
CUST_KIR_02222,kirana_msme,22079.42,0.3342,0.2858,0.0832,75.9,0.1314,0,-2233.67,16.61,17.12,0.0249,0.1529,1.7617,0,MSME_KIRANA_SEASONAL
CUST_SAL_02223,salaried_tier1,54520.56,0.0614,0.3786,0.0275,39.2,0.4535,0,-10554.63,9.28,11.33,0.0316,0.106,2.591,0,ESTABLISHED_FAMILY_HIGH_DEBT
CUST_SAL_02224,salaried_tier1,47402.27,0.0763,0.5214,0.2798,91.3,0.3049,0,3253.84,0.99,9.53,0.0574,0.0247,2.5414,0,ESTABLISHED_FAMILY_HIGH_DEBT
CUST_SAL_02225,salaried_tier1,70306.76,0.0687,0.5476,-0.0126,44.0,0.4124,0,-4104.81,-1.97,10.93,0.0506,0.0303,1.95,1,ESTABLISHED_FAMILY_HIGH_DEBT
CUST_KIR_02226,kirana_msme,26046.6,0.4071,0.1943,0.0648,41.1,0.1425,0,-237.23,-2.66,23.19,0.0105,0.1172,1.3132,0,MSME_KIRANA_SEASONAL
CUST_KIR_02227,kirana_msme,49355.06,0.1912,0.2187,0.0963,23.5,0.1737,0,-9025.88,4.68,21.68,0.0229,0.1868,0.9085,0,MSME_KIRANA_SEASONAL
CUST_GIG_02228,gig_worker,18603.98,0.4642,0.0029,-0.0169,10.5,0.161,1,-2749.28,42.27,14.83,0.1984,0.1163,0.9159,0,EARLY_CAREER_GIG
CUST_SAL_02229,salaried_tier1,62054.16,0.0264,0.4097,0.0958,20.8,0.269,0,247.35,41.54,4.03,0.0201,0.0826,2.6912,0,ESTABLISHED_FAMILY_HIGH_DEBT
CUST_SAL_02230,salaried_tier1,40058.14,0.0823,0.238,0.1086,115.6,0.226,0,-11566.25,-0.64,2.2,0.0289,0.0246,1.749,0,EARLY_CAREER_SALARIED
CUST_GIG_02231,gig_worker,20008.42,0.6439,0.1358,0.0731,11.1,0.2642,3,2657.73,-7.96,21.73,0.157,0.0666,0.8127,0,EARLY_CAREER_GIG
CUST_SAL_02232,salaried_tier1,112879.64,0.0933,0.3669,0.0542,21.2,0.504,0,8107.51,-24.21,2.15,0.0442,0.0526,2.4585,0,ESTABLISHED_FAMILY_HIGH_DEBT
CUST_RUR_02233,rural_agri,17346.75,0.3017,0.2361,-0.0233,50.7,0.128,0,693.74,-1.27,0.72,0.0177,0.0612,0.8318,0,RURAL_AGRI_ALLIED
CUST_RUR_02234,rural_agri,41106.51,0.6379,0.1898,0.1087,51.5,0.0567,1,3359.72,15.68,5.79,0.022,0.0772,0.7521,0,RURAL_AGRI_ALLIED
CUST_GIG_02235,gig_worker,10000.0,0.4606,0.0587,0.1214,36.4,0.2563,0,-307.14,-1.97,21.66,0.0937,0.1345,0.664,0,EARLY_CAREER_GIG
CUST_GIG_02236,gig_worker,35097.29,0.4773,0.1028,-0.0816,12.9,0.249,0,-2780.23,-8.18,18.54,0.1892,0.1497,1.301,1,EARLY_CAREER_GIG
CUST_RUR_02237,rural_agri,8926.14,0.3496,0.1447,0.1416,19.4,0.0804,1,241.92,6.5,1.26,0.0118,0.0743,1.1355,0,RURAL_AGRI_ALLIED
CUST_SAL_02238,salaried_tier1,39609.29,0.0575,0.492,0.016,39.3,0.3549,0,4003.25,-6.95,11.21,0.0742,0.043,2.2467,0,ESTABLISHED_FAMILY_HIGH_DEBT
CUST_SAL_02239,salaried_tier1,64340.67,0.056,0.4711,0.1552,27.6,0.3251,0,8929.88,13.05,8.45,0.0183,0.0504,2.435,0,ESTABLISHED_FAMILY_HIGH_DEBT
CUST_SAL_02240,salaried_tier1,83285.03,0.0324,0.3693,0.3398,81.2,0.3297,0,40696.4,1.88,6.14,0.0469,0.0705,1.7767,0,ESTABLISHED_FAMILY_HIGH_DEBT
CUST_GIG_02241,gig_worker,18891.25,0.4624,0.1952,0.0106,21.8,0.2084,3,-4593.86,19.95,11.38,0.1666,0.1309,1.3362,0,EARLY_CAREER_GIG
CUST_SAL_02242,salaried_tier1,112123.05,0.079,0.1991,0.0529,35.4,0.4865,0,-16536.92,5.25,10.26,0.0602,0.1114,2.086,0,EARLY_CAREER_SALARIED
CUST_GIG_02243,gig_worker,15925.92,0.3809,0.0838,0.0883,23.7,0.1884,0,1087.72,2.01,26.46,0.084,0.0981,0.8057,0,EARLY_CAREER_GIG
CUST_RUR_02244,rural_agri,11949.75,0.4572,0.0818,0.0934,32.3,0.1222,2,-656.49,16.6,4.81,0.0424,0.0519,0.6759,0,RURAL_AGRI_ALLIED
CUST_RUR_02245,rural_agri,22640.33,0.4781,0.2207,-0.0632,31.0,0.0945,1,2996.74,17.69,3.28,0.0128,0.07,0.9563,0,RURAL_AGRI_ALLIED
CUST_KIR_02246,kirana_msme,57567.85,0.3643,0.1459,0.2531,20.2,0.1392,0,-646.49,-3.13,17.6,0.005,0.187,1.3338,0,MSME_KIRANA_SEASONAL
CUST_SAL_02247,salaried_tier1,60927.31,0.0697,0.4853,0.1434,48.9,0.3452,0,-12407.79,-1.07,6.14,0.0494,0.0494,1.9507,0,ESTABLISHED_FAMILY_HIGH_DEBT
CUST_RUR_02248,rural_agri,15991.77,0.5917,0.044,0.0132,19.8,0.1056,3,-1656.91,1.3,3.48,0.0335,0.0121,0.9433,1,RURAL_AGRI_ALLIED
CUST_GIG_02249,gig_worker,15420.57,0.624,0.1709,0.1415,4.8,0.2673,2,795.41,5.41,18.56,0.1639,0.0362,1.4119,0,EARLY_CAREER_GIG
CUST_SAL_02250,salaried_tier1,47606.26,0.051,0.4437,0.0865,30.5,0.4488,0,-9493.83,5.89,9.9,0.051,0.0689,1.5998,1,ESTABLISHED_FAMILY_HIGH_DEBT
CUST_SAL_02251,salaried_tier1,87666.44,0.0691,0.4138,0.1955,70.8,0.2188,0,12173.97,-27.97,6.25,0.0384,0.0959,2.401,0,ESTABLISHED_FAMILY_HIGH_DEBT
CUST_RUR_02252,rural_agri,11907.15,0.4671,0.0979,0.0312,42.0,0.0844,2,-1524.56,7.03,1.54,0.0139,0.0155,0.9478,0,RURAL_AGRI_ALLIED
CUST_GIG_02253,gig_worker,10841.48,0.3616,0.1472,0.0842,25.2,0.1066,3,-238.29,-8.91,10.81,0.0396,0.0943,1.3603,0,EARLY_CAREER_GIG
CUST_RUR_02254,rural_agri,21577.28,0.4627,0.2178,0.0794,51.7,0.0863,1,1517.99,-10.01,2.63,0.0284,0.0763,0.7037,0,RURAL_AGRI_ALLIED
CUST_RUR_02255,rural_agri,9035.55,0.7004,0.2363,0.1244,14.6,0.077,2,-911.13,8.31,5.99,0.0256,0.0676,1.1348,0,RURAL_AGRI_ALLIED
CUST_GIG_02256,gig_worker,21520.15,0.34,0.146,0.0736,22.8,0.2883,0,566.36,4.52,23.11,0.0926,0.1268,1.4221,0,EARLY_CAREER_GIG
CUST_KIR_02257,kirana_msme,63583.53,0.2179,0.1245,0.0752,51.3,0.1418,0,-19620.16,6.46,19.46,0.0092,0.2277,1.5391,0,MSME_KIRANA_SEASONAL
CUST_KIR_02258,kirana_msme,24528.97,0.4477,0.1228,0.1042,53.9,0.0985,0,2909.32,16.03,13.2,0.0188,0.0662,1.2401,0,MSME_KIRANA_SEASONAL
CUST_KIR_02259,kirana_msme,54042.94,0.3238,0.2238,0.2811,66.6,0.1148,0,9563.59,29.64,24.3,0.0141,0.118,1.5283,0,MSME_KIRANA_SEASONAL
CUST_KIR_02260,kirana_msme,46601.1,0.1867,0.218,0.0845,55.5,0.064,0,4860.21,-6.55,21.62,0.024,0.2497,1.1181,0,MSME_KIRANA_SEASONAL
CUST_GIG_02261,gig_worker,25740.44,0.4869,0.0087,-0.0171,25.3,0.139,2,-6744.21,-0.09,13.08,0.0567,0.044,0.745,1,EARLY_CAREER_GIG
CUST_GIG_02262,gig_worker,18974.1,0.5043,0.1856,0.1034,5.9,0.2659,0,3840.61,-4.83,21.45,0.1915,0.0413,0.9151,0,EARLY_CAREER_GIG
CUST_RUR_02263,rural_agri,25556.77,0.5729,0.0169,0.0524,48.4,0.0935,0,-2137.22,4.14,5.58,0.0329,0.0611,0.8115,0,RURAL_AGRI_ALLIED
CUST_KIR_02264,kirana_msme,18000.0,0.1917,0.1007,0.2453,31.3,0.0969,0,5229.31,9.69,14.24,0.023,0.0544,0.8486,0,MSME_KIRANA_SEASONAL
CUST_GIG_02265,gig_worker,34962.77,0.342,0.1608,-0.006,28.6,0.1003,0,-797.98,35.74,12.48,0.0457,0.1017,1.296,0,EARLY_CAREER_GIG
CUST_GIG_02266,gig_worker,23030.04,0.4475,0.1848,0.0102,28.9,0.1387,2,4566.8,24.12,19.14,0.0953,0.1025,0.6219,0,EARLY_CAREER_GIG
CUST_GIG_02267,gig_worker,22565.59,0.5825,0.05,-0.1342,23.9,0.2948,0,-6083.7,-1.3,19.9,0.0725,0.0792,0.6631,0,EARLY_CAREER_GIG
CUST_GIG_02268,gig_worker,23278.44,0.612,0.1946,-0.0045,27.6,0.2441,0,2637.35,9.69,27.29,0.1035,0.0302,0.8041,0,EARLY_CAREER_GIG
CUST_SAL_02269,salaried_tier1,76774.28,0.0947,0.2744,0.2844,61.4,0.4117,0,12364.46,0.37,4.94,0.0143,0.0339,2.1708,0,EARLY_CAREER_SALARIED
CUST_KIR_02270,kirana_msme,18000.0,0.1635,0.1836,0.0682,76.1,0.1537,0,-2942.98,-3.45,9.66,0.008,0.1128,1.4471,0,MSME_KIRANA_SEASONAL
CUST_SAL_02271,salaried_tier1,37827.75,0.0428,0.2442,0.208,70.3,0.4385,0,5390.32,20.0,8.81,0.018,0.0446,1.5119,0,EARLY_CAREER_SALARIED
CUST_KIR_02272,kirana_msme,27688.3,0.3294,0.227,0.1472,37.2,0.1518,0,2836.54,-3.48,18.33,0.0147,0.2007,0.8779,0,MSME_KIRANA_SEASONAL
CUST_KIR_02273,kirana_msme,27074.72,0.2659,0.2365,0.1912,69.7,0.073,0,11675.1,-22.52,5.68,0.007,0.0552,1.2615,0,MSME_KIRANA_SEASONAL
CUST_GIG_02274,gig_worker,23033.67,0.5728,0.0534,0.0182,19.5,0.1177,0,1735.29,3.51,9.95,0.1521,0.1406,1.1024,0,EARLY_CAREER_GIG
CUST_RUR_02275,rural_agri,12773.21,0.7604,0.2221,-0.0689,6.5,0.1472,4,-629.74,-13.47,0.78,0.0309,0.0305,0.7956,1,RURAL_AGRI_ALLIED
CUST_GIG_02276,gig_worker,15029.66,0.2651,0.1017,-0.0034,35.0,0.2704,0,275.74,17.1,17.41,0.0851,0.1192,1.0045,0,EARLY_CAREER_GIG
CUST_GIG_02277,gig_worker,14270.08,0.3159,0.0745,-0.0459,20.1,0.1204,3,-1042.4,-8.18,21.05,0.0322,0.0788,0.7311,0,EARLY_CAREER_GIG
CUST_KIR_02278,kirana_msme,83005.66,0.3251,0.2077,0.2611,82.1,0.1606,0,12891.86,16.62,23.95,0.0214,0.1535,1.7613,0,MSME_KIRANA_SEASONAL
CUST_GIG_02279,gig_worker,25637.14,0.5016,0.0386,-0.0427,33.4,0.0837,0,-1182.98,0.04,14.69,0.0429,0.1283,1.29,0,EARLY_CAREER_GIG
CUST_SAL_02280,salaried_tier1,87410.01,0.089,0.3622,0.1403,104.1,0.3752,0,9577.62,-11.96,5.73,0.0436,0.0565,2.0642,0,ESTABLISHED_FAMILY_HIGH_DEBT
CUST_SAL_02281,salaried_tier1,91992.5,0.0929,0.4651,0.2869,105.2,0.5182,0,-2178.66,28.33,5.85,0.0367,0.0852,2.0959,0,ESTABLISHED_FAMILY_HIGH_DEBT
CUST_KIR_02282,kirana_msme,22094.39,0.2559,0.2509,0.2003,88.2,0.1749,0,-308.23,9.47,18.48,0.0218,0.1428,1.0424,0,MSME_KIRANA_SEASONAL
CUST_KIR_02283,kirana_msme,23444.42,0.2147,0.2292,0.2269,61.8,0.1421,0,5480.5,-7.26,23.75,0.0144,0.0541,1.1601,0,MSME_KIRANA_SEASONAL
CUST_SAL_02284,salaried_tier1,96052.63,0.0218,0.4981,0.1941,46.0,0.2745,0,-9505.84,-1.04,2.04,0.0119,0.0558,1.8225,0,ESTABLISHED_FAMILY_HIGH_DEBT
CUST_SAL_02285,salaried_tier1,38669.7,0.0237,0.4479,-0.0,17.7,0.3849,0,-3807.38,5.28,4.89,0.0324,0.0204,2.0672,1,ESTABLISHED_FAMILY_HIGH_DEBT
CUST_SAL_02286,salaried_tier1,108620.72,0.0838,0.3932,0.2549,62.1,0.2985,0,27328.22,35.7,3.38,0.048,0.0884,2.6249,0,ESTABLISHED_FAMILY_HIGH_DEBT
CUST_RUR_02287,rural_agri,15066.49,0.3605,0.066,0.0477,50.8,0.094,0,-2175.38,13.87,3.92,0.021,0.0789,0.5312,0,RURAL_AGRI_ALLIED
CUST_KIR_02288,kirana_msme,50473.54,0.2842,0.1929,0.0834,52.0,0.0555,0,-8706.78,20.52,24.03,0.0233,0.1438,1.4577,0,MSME_KIRANA_SEASONAL
CUST_KIR_02289,kirana_msme,57062.02,0.4343,0.1076,0.1637,80.5,0.1328,0,14350.19,5.32,20.06,0.0004,0.2328,1.0089,0,MSME_KIRANA_SEASONAL
CUST_SAL_02290,salaried_tier1,98529.63,0.0579,0.491,0.2137,97.1,0.1962,0,33124.78,-5.33,3.47,0.0567,0.0694,1.5371,0,ESTABLISHED_FAMILY_HIGH_DEBT
CUST_GIG_02291,gig_worker,29296.7,0.6243,0.1843,0.0955,31.9,0.281,1,-1142.82,1.79,8.5,0.1867,0.0967,1.4585,0,EARLY_CAREER_GIG
CUST_SAL_02292,salaried_tier1,68452.32,0.0986,0.197,0.115,49.8,0.3565,0,10749.87,-0.7,2.01,0.0162,0.0235,2.3601,0,EARLY_CAREER_SALARIED
CUST_SAL_02293,salaried_tier1,50729.41,0.0879,0.1557,-0.0026,86.9,0.5356,0,-18003.22,-14.6,7.2,0.0782,0.0728,1.8395,0,EARLY_CAREER_SALARIED
CUST_KIR_02294,kirana_msme,28964.63,0.3178,0.1392,0.1101,82.7,0.1075,0,2886.68,-9.44,8.95,0.0224,0.1805,1.7317,0,MSME_KIRANA_SEASONAL
CUST_SAL_02295,salaried_tier1,83089.26,0.0219,0.4677,0.0507,34.4,0.2429,0,-4162.47,23.62,10.7,0.0465,0.0915,2.7896,0,ESTABLISHED_FAMILY_HIGH_DEBT
CUST_SAL_02296,salaried_tier1,58040.65,0.0568,0.4039,0.3414,86.7,0.5091,0,18077.75,-1.33,10.94,0.0364,0.0579,2.2567,0,ESTABLISHED_FAMILY_HIGH_DEBT
CUST_SAL_02297,salaried_tier1,87324.21,0.0536,0.5263,0.3334,67.8,0.3656,0,3920.23,14.32,3.9,0.0623,0.0938,2.0944,0,ESTABLISHED_FAMILY_HIGH_DEBT
CUST_SAL_02298,salaried_tier1,37907.84,0.0722,0.2434,0.0561,104.0,0.5218,0,1017.22,-3.61,4.39,0.0182,0.0258,2.7065,0,EARLY_CAREER_SALARIED
CUST_SAL_02299,salaried_tier1,67137.18,0.0492,0.4437,0.0708,86.9,0.3228,0,-1434.48,32.22,2.27,0.0305,0.0556,2.4543,0,ESTABLISHED_FAMILY_HIGH_DEBT
CUST_KIR_02300,kirana_msme,79669.55,0.3287,0.1433,0.2835,86.9,0.1373,0,5108.79,-1.64,8.69,0.0145,0.0877,1.2911,0,MSME_KIRANA_SEASONAL
CUST_RUR_02301,rural_agri,23379.84,0.4239,0.2336,0.0166,57.8,0.1466,0,-1273.45,10.57,1.56,0.0113,0.0159,1.0818,0,RURAL_AGRI_ALLIED
CUST_GIG_02302,gig_worker,33722.08,0.3828,0.1937,-0.135,5.6,0.2343,2,-8935.04,-39.85,17.8,0.0758,0.0316,1.316,1,EARLY_CAREER_GIG
CUST_KIR_02303,kirana_msme,58803.23,0.3686,0.2252,0.1158,61.0,0.0723,0,-12024.37,0.06,18.87,0.023,0.0805,1.5859,0,MSME_KIRANA_SEASONAL
CUST_SAL_02304,salaried_tier1,61102.85,0.0345,0.3463,0.3299,49.4,0.3948,1,9793.81,25.11,5.62,0.0794,0.0387,2.3191,0,EARLY_CAREER_SALARIED
CUST_RUR_02305,rural_agri,13736.41,0.4371,0.2417,0.1676,16.8,0.044,0,52.01,-9.73,5.27,0.0483,0.0626,0.9146,0,RURAL_AGRI_ALLIED
CUST_KIR_02306,kirana_msme,47428.06,0.3117,0.2615,0.1307,22.8,0.1136,1,-2632.96,-14.86,5.68,0.0262,0.1443,1.5956,0,MSME_KIRANA_SEASONAL
CUST_SAL_02307,salaried_tier1,85093.19,0.0725,0.3795,0.0076,42.0,0.4864,0,16804.19,4.62,3.83,0.0105,0.0512,2.0829,0,ESTABLISHED_FAMILY_HIGH_DEBT
CUST_GIG_02308,gig_worker,18783.34,0.5891,0.1409,-0.1124,30.1,0.1134,1,-2089.7,-1.4,15.85,0.1263,0.036,0.7284,0,EARLY_CAREER_GIG
CUST_SAL_02309,salaried_tier1,93031.54,0.035,0.289,0.1403,46.1,0.4003,0,2415.05,-21.32,7.05,0.016,0.0827,2.5041,0,EARLY_CAREER_SALARIED
CUST_KIR_02310,kirana_msme,25515.78,0.3232,0.2281,0.264,65.3,0.1534,0,2935.01,-7.91,10.22,0.008,0.0753,1.7855,0,MSME_KIRANA_SEASONAL
CUST_KIR_02311,kirana_msme,43016.51,0.4373,0.291,0.2359,47.2,0.1798,0,-3211.58,3.31,17.8,0.0061,0.0682,1.7102,0,MSME_KIRANA_SEASONAL
CUST_RUR_02312,rural_agri,18099.55,0.6316,0.0603,0.0509,19.2,0.1441,0,1373.14,-3.1,5.41,0.024,0.052,0.6923,0,RURAL_AGRI_ALLIED
CUST_KIR_02313,kirana_msme,33675.4,0.3546,0.1091,0.2333,52.1,0.1785,0,-1336.67,12.74,21.63,0.0098,0.1324,1.0038,0,MSME_KIRANA_SEASONAL
CUST_GIG_02314,gig_worker,11075.52,0.5557,0.0361,0.1285,9.3,0.2571,0,-176.87,12.37,16.05,0.0677,0.0463,0.7674,0,EARLY_CAREER_GIG
CUST_RUR_02315,rural_agri,22080.68,0.3537,0.0882,0.1196,24.0,0.0676,0,-1662.24,19.62,1.13,0.0438,0.0108,0.5465,0,RURAL_AGRI_ALLIED
CUST_SAL_02316,salaried_tier1,104106.56,0.0722,0.3322,0.1031,113.8,0.5388,0,6352.62,7.57,6.48,0.0448,0.0958,1.7565,0,EARLY_CAREER_SALARIED
CUST_SAL_02317,salaried_tier1,52967.72,0.0725,0.1956,-0.0042,18.7,0.5141,0,-1353.72,1.5,9.88,0.0538,0.082,1.9706,0,EARLY_CAREER_SALARIED
CUST_KIR_02318,kirana_msme,37584.75,0.3487,0.1122,0.1625,44.7,0.0715,1,973.02,-2.63,6.69,0.0248,0.1477,1.7334,0,MSME_KIRANA_SEASONAL
CUST_KIR_02319,kirana_msme,43785.24,0.411,0.2169,0.0963,43.0,0.0704,0,4801.78,-4.53,15.93,0.0197,0.1992,1.7853,0,MSME_KIRANA_SEASONAL
CUST_KIR_02320,kirana_msme,70610.72,0.4051,0.1136,0.1677,72.6,0.0631,0,-8628.41,-1.07,15.78,0.023,0.0974,0.9444,0,MSME_KIRANA_SEASONAL
CUST_RUR_02321,rural_agri,17925.45,0.738,0.0172,-0.0017,40.9,0.0729,0,-4767.98,-7.97,5.02,0.0484,0.0128,0.7324,0,RURAL_AGRI_ALLIED
CUST_GIG_02322,gig_worker,21395.26,0.6332,0.197,-0.1016,26.6,0.203,0,-5512.83,-2.47,23.08,0.16,0.0623,1.4322,0,EARLY_CAREER_GIG
CUST_GIG_02323,gig_worker,18747.25,0.3005,0.0361,-0.0889,13.2,0.1362,0,-4174.52,1.42,14.18,0.1842,0.0964,1.0586,0,EARLY_CAREER_GIG
CUST_KIR_02324,kirana_msme,18000.0,0.1527,0.254,0.0779,89.7,0.1659,0,-2320.81,-0.68,15.31,0.0078,0.1005,0.9546,0,MSME_KIRANA_SEASONAL
CUST_RUR_02325,rural_agri,27392.37,0.3439,0.1487,0.0735,28.4,0.1296,3,-1293.08,-10.76,3.01,0.0251,0.0606,0.8257,0,RURAL_AGRI_ALLIED
CUST_RUR_02326,rural_agri,24411.37,0.7142,0.0751,0.0906,10.9,0.1464,0,-4132.66,-20.09,3.45,0.0395,0.0185,0.8067,0,RURAL_AGRI_ALLIED
CUST_RUR_02327,rural_agri,26311.49,0.3027,0.1873,0.1431,54.6,0.1052,0,-1089.25,9.12,5.83,0.0441,0.0424,0.7991,0,RURAL_AGRI_ALLIED
CUST_SAL_02328,salaried_tier1,52763.54,0.0834,0.416,0.3072,57.1,0.2993,0,-1206.1,14.66,9.24,0.0311,0.0663,2.1015,0,ESTABLISHED_FAMILY_HIGH_DEBT
CUST_GIG_02329,gig_worker,24104.19,0.4016,0.0083,0.106,23.5,0.2119,1,-765.64,-13.32,22.62,0.1596,0.1007,1.1896,0,EARLY_CAREER_GIG
CUST_SAL_02330,salaried_tier1,49940.17,0.0378,0.4183,0.0192,96.9,0.5192,2,-5842.66,28.54,11.58,0.0618,0.0284,1.5121,1,ESTABLISHED_FAMILY_HIGH_DEBT
CUST_SAL_02331,salaried_tier1,66237.95,0.0974,0.5386,0.0412,48.5,0.5132,0,-12467.38,12.11,10.93,0.0251,0.096,2.764,1,ESTABLISHED_FAMILY_HIGH_DEBT
CUST_SAL_02332,salaried_tier1,66729.45,0.0904,0.4758,0.3357,79.9,0.2526,0,5790.6,1.24,8.75,0.0748,0.0521,1.7898,0,ESTABLISHED_FAMILY_HIGH_DEBT
CUST_GIG_02333,gig_worker,23676.34,0.4269,0.1828,-0.0095,14.6,0.2654,3,-8147.35,4.5,13.01,0.0706,0.0369,1.1834,1,EARLY_CAREER_GIG
CUST_GIG_02334,gig_worker,29081.36,0.3185,0.0876,-0.0746,13.7,0.1468,0,-3476.18,19.5,16.18,0.0618,0.1461,0.6149,0,EARLY_CAREER_GIG
CUST_SAL_02335,salaried_tier1,79774.63,0.0532,0.2211,0.2545,95.0,0.5484,0,7295.78,6.91,5.23,0.0416,0.0327,1.6888,0,EARLY_CAREER_SALARIED
CUST_KIR_02336,kirana_msme,46849.96,0.3069,0.0679,0.0873,79.5,0.1986,0,2857.3,-26.72,17.55,0.0288,0.0976,1.6101,0,MSME_KIRANA_SEASONAL
CUST_KIR_02337,kirana_msme,19337.88,0.2993,0.2062,0.0703,72.0,0.156,0,142.24,-0.87,6.23,0.0138,0.0775,1.2259,0,MSME_KIRANA_SEASONAL
CUST_KIR_02338,kirana_msme,34351.29,0.151,0.2901,0.299,58.9,0.0858,0,5953.08,2.5,22.09,0.0163,0.0649,1.723,0,MSME_KIRANA_SEASONAL
CUST_SAL_02339,salaried_tier1,93316.31,0.0846,0.4427,0.1962,39.3,0.255,0,-6383.63,21.2,3.16,0.0231,0.088,2.5434,0,ESTABLISHED_FAMILY_HIGH_DEBT
CUST_KIR_02340,kirana_msme,64856.18,0.3917,0.12,0.1853,28.6,0.1763,0,9816.39,8.8,8.21,0.0021,0.165,1.0995,0,MSME_KIRANA_SEASONAL
CUST_GIG_02341,gig_worker,30500.0,0.6006,0.0757,0.1207,4.6,0.1048,0,6350.19,6.2,8.65,0.1265,0.0669,1.1346,0,EARLY_CAREER_GIG
CUST_SAL_02342,salaried_tier1,81379.03,0.0811,0.3253,0.1408,83.0,0.2301,0,4487.7,14.59,9.78,0.028,0.0331,1.9046,0,EARLY_CAREER_SALARIED
CUST_SAL_02343,salaried_tier1,102099.21,0.0458,0.5103,0.1307,68.9,0.5295,3,14626.0,13.27,11.45,0.0479,0.0507,2.36,0,ESTABLISHED_FAMILY_HIGH_DEBT
CUST_KIR_02344,kirana_msme,27198.43,0.4151,0.1567,0.1184,20.6,0.1956,0,7237.03,19.24,21.61,0.0243,0.2364,1.4156,0,MSME_KIRANA_SEASONAL
CUST_RUR_02345,rural_agri,17386.29,0.5177,0.0733,0.0583,7.9,0.149,0,-7151.58,4.48,4.48,0.0145,0.0255,1.1492,0,RURAL_AGRI_ALLIED
CUST_GIG_02346,gig_worker,14885.54,0.3385,0.147,0.0538,23.2,0.2874,1,1243.92,26.16,11.81,0.0804,0.0425,1.4041,0,EARLY_CAREER_GIG
CUST_GIG_02347,gig_worker,22468.04,0.4506,0.1198,-0.0703,11.5,0.1402,0,-3805.15,5.39,22.41,0.1019,0.0724,0.7315,0,EARLY_CAREER_GIG
CUST_KIR_02348,kirana_msme,58699.94,0.2605,0.2648,0.176,34.6,0.1419,0,2395.36,7.04,6.73,0.0073,0.1973,0.9472,0,MSME_KIRANA_SEASONAL
CUST_GIG_02349,gig_worker,29539.73,0.3421,0.1246,0.1162,4.7,0.2967,2,-3936.02,-4.37,21.83,0.1609,0.1494,1.2855,0,EARLY_CAREER_GIG
CUST_SAL_02350,salaried_tier1,33371.27,0.0976,0.5101,0.177,97.0,0.5139,0,6974.53,-5.38,6.82,0.064,0.0579,2.2533,1,ESTABLISHED_FAMILY_HIGH_DEBT
CUST_GIG_02351,gig_worker,38092.46,0.3007,0.1224,0.0293,9.2,0.1689,1,-927.9,35.91,10.94,0.1993,0.118,0.6151,0,EARLY_CAREER_GIG
CUST_RUR_02352,rural_agri,20605.74,0.4624,0.1228,0.0914,9.0,0.1435,0,396.84,-8.47,5.49,0.0059,0.0127,0.7596,0,RURAL_AGRI_ALLIED
CUST_GIG_02353,gig_worker,12834.03,0.5458,0.0454,-0.0126,37.4,0.2814,1,-2362.15,-0.19,19.44,0.1472,0.135,0.9863,0,EARLY_CAREER_GIG
CUST_RUR_02354,rural_agri,24185.8,0.7389,0.2312,0.0527,41.0,0.0311,1,549.68,3.12,5.79,0.0451,0.0658,0.8312,0,RURAL_AGRI_ALLIED
CUST_GIG_02355,gig_worker,26135.8,0.3019,0.0103,0.0242,42.8,0.2636,3,-2875.72,-4.8,16.75,0.1909,0.0812,1.2782,0,EARLY_CAREER_GIG
CUST_SAL_02356,salaried_tier1,55526.02,0.0919,0.1688,0.2635,62.7,0.3006,0,-5160.94,12.32,9.57,0.075,0.0691,2.0443,0,EARLY_CAREER_SALARIED
CUST_RUR_02357,rural_agri,25303.0,0.6334,0.0059,0.0188,59.6,0.1065,0,-7356.77,0.11,1.65,0.0201,0.0235,0.675,0,RURAL_AGRI_ALLIED
CUST_SAL_02358,salaried_tier1,44832.18,0.0235,0.1639,0.057,35.0,0.3657,0,-215.5,4.77,10.34,0.0453,0.0292,1.9222,0,EARLY_CAREER_SALARIED
CUST_KIR_02359,kirana_msme,18000.0,0.3088,0.108,0.0787,59.9,0.1899,0,-1519.14,37.09,13.76,0.0088,0.2206,1.5048,0,MSME_KIRANA_SEASONAL
CUST_SAL_02360,salaried_tier1,50120.72,0.0676,0.3175,-0.0153,77.6,0.1539,0,-6443.47,0.73,2.38,0.0553,0.115,2.5154,0,EARLY_CAREER_SALARIED
CUST_SAL_02361,salaried_tier1,36403.34,0.0696,0.3116,0.0094,24.3,0.4478,0,6254.74,15.25,9.43,0.0135,0.0401,2.6017,0,EARLY_CAREER_SALARIED
CUST_KIR_02362,kirana_msme,34854.81,0.205,0.1863,0.1695,42.2,0.1275,0,-3299.54,-15.48,10.31,0.0162,0.1388,1.1432,0,MSME_KIRANA_SEASONAL
CUST_SAL_02363,salaried_tier1,28581.75,0.063,0.4395,0.1417,21.5,0.157,0,-1673.59,8.08,2.45,0.0329,0.1087,2.0525,0,ESTABLISHED_FAMILY_HIGH_DEBT
CUST_KIR_02364,kirana_msme,40107.82,0.3991,0.113,0.1111,67.3,0.0645,0,-3098.56,21.55,21.95,0.0154,0.1793,1.0954,0,MSME_KIRANA_SEASONAL
CUST_GIG_02365,gig_worker,23087.92,0.453,0.0234,-0.0329,38.8,0.1097,2,-1361.65,-4.92,16.42,0.1229,0.0481,1.2006,0,EARLY_CAREER_GIG
CUST_SAL_02366,salaried_tier1,84316.46,0.0494,0.3595,0.0148,92.3,0.3741,0,-9262.49,22.49,10.91,0.0562,0.1122,2.7313,0,ESTABLISHED_FAMILY_HIGH_DEBT
CUST_SAL_02367,salaried_tier1,50430.49,0.0995,0.2163,0.0506,32.1,0.285,0,-3549.91,17.52,11.96,0.0137,0.0978,2.2814,0,EARLY_CAREER_SALARIED
CUST_GIG_02368,gig_worker,19227.4,0.3175,0.1813,-0.0689,21.7,0.2768,0,-5619.32,17.65,26.53,0.1085,0.0999,1.4396,0,EARLY_CAREER_GIG
CUST_KIR_02369,kirana_msme,28073.16,0.1812,0.19,0.1112,30.4,0.084,0,-3488.36,10.05,12.72,0.0023,0.1572,1.3041,0,MSME_KIRANA_SEASONAL
CUST_GIG_02370,gig_worker,23176.85,0.4586,0.1038,-0.0524,16.6,0.219,0,167.49,4.41,22.49,0.0906,0.0561,1.1299,0,EARLY_CAREER_GIG
CUST_GIG_02371,gig_worker,23102.51,0.4098,0.0649,0.0968,37.8,0.2973,0,-3369.06,5.93,18.76,0.1305,0.1376,1.3994,0,EARLY_CAREER_GIG
CUST_RUR_02372,rural_agri,17966.48,0.6075,0.2072,0.0974,25.1,0.0801,0,-4734.83,23.7,0.98,0.029,0.071,1.147,0,RURAL_AGRI_ALLIED
CUST_GIG_02373,gig_worker,35683.8,0.4189,0.109,0.0283,9.4,0.1706,0,-5887.79,-4.33,18.25,0.1275,0.0475,0.7347,1,EARLY_CAREER_GIG
CUST_KIR_02374,kirana_msme,42120.79,0.1949,0.2395,0.192,47.1,0.1034,0,7505.94,3.22,5.59,0.0151,0.2293,1.1408,0,MSME_KIRANA_SEASONAL
CUST_GIG_02375,gig_worker,27504.89,0.3791,0.0507,-0.1016,23.4,0.1005,1,-7972.92,-35.4,16.94,0.0303,0.1281,1.0236,0,EARLY_CAREER_GIG
CUST_SAL_02376,salaried_tier1,91628.3,0.0568,0.2227,0.0697,46.5,0.5468,0,-23563.9,35.92,10.23,0.0395,0.0644,1.7667,0,EARLY_CAREER_SALARIED
CUST_KIR_02377,kirana_msme,38225.5,0.3957,0.0987,0.1231,32.1,0.1651,0,1285.47,-22.14,18.07,0.0031,0.1103,1.5553,0,MSME_KIRANA_SEASONAL
CUST_GIG_02378,gig_worker,25842.85,0.5491,0.069,0.0795,29.4,0.0808,0,-1460.04,21.84,12.36,0.0728,0.1431,0.8614,0,EARLY_CAREER_GIG
CUST_KIR_02379,kirana_msme,36463.44,0.4166,0.1739,0.2738,24.4,0.1875,0,4151.22,-7.31,18.67,0.0239,0.0595,0.9554,0,MSME_KIRANA_SEASONAL
CUST_GIG_02380,gig_worker,12973.72,0.4477,0.1564,0.048,21.3,0.1062,3,-1474.56,3.18,13.56,0.1397,0.1225,0.8433,0,EARLY_CAREER_GIG
CUST_RUR_02381,rural_agri,21104.2,0.3086,0.0491,-0.0992,14.9,0.087,0,-7208.86,-18.71,5.07,0.0337,0.0756,0.7585,0,RURAL_AGRI_ALLIED
CUST_RUR_02382,rural_agri,21512.16,0.7209,0.0459,0.1636,33.9,0.0473,1,-663.26,-19.26,0.66,0.02,0.0649,0.864,0,RURAL_AGRI_ALLIED
CUST_RUR_02383,rural_agri,13710.81,0.7473,0.1269,0.1047,58.7,0.124,0,-2050.9,-8.79,4.62,0.0116,0.0328,1.0518,0,RURAL_AGRI_ALLIED
CUST_KIR_02384,kirana_msme,55010.9,0.4142,0.0688,0.1615,62.5,0.1514,1,-2936.54,6.54,17.4,0.0297,0.0621,1.4827,0,MSME_KIRANA_SEASONAL
CUST_KIR_02385,kirana_msme,33781.83,0.2419,0.2186,0.2702,26.6,0.131,0,4685.64,-14.35,15.99,0.0278,0.0575,1.4673,0,MSME_KIRANA_SEASONAL
CUST_GIG_02386,gig_worker,31713.78,0.6145,0.0796,0.0935,14.8,0.0814,2,254.9,1.17,8.35,0.0901,0.0755,0.7075,0,EARLY_CAREER_GIG
CUST_KIR_02387,kirana_msme,46270.49,0.38,0.2765,0.2926,49.9,0.1985,0,-706.78,7.86,20.35,0.0054,0.0605,0.807,0,MSME_KIRANA_SEASONAL
CUST_GIG_02388,gig_worker,36732.55,0.5549,0.1377,0.0441,26.0,0.1854,3,-321.51,-7.77,9.77,0.1601,0.0557,0.9038,0,EARLY_CAREER_GIG
CUST_GIG_02389,gig_worker,27196.6,0.5391,0.0429,0.1413,15.9,0.1761,0,1614.94,25.78,9.38,0.1484,0.0734,1.4916,0,EARLY_CAREER_GIG
CUST_GIG_02390,gig_worker,28880.52,0.5814,0.0862,0.0216,43.8,0.2663,0,-4961.91,14.7,23.68,0.0341,0.1006,1.1981,0,EARLY_CAREER_GIG
CUST_KIR_02391,kirana_msme,31581.45,0.2547,0.2398,0.1395,87.0,0.1992,0,-4251.02,-0.42,16.15,0.0174,0.1248,1.3088,0,MSME_KIRANA_SEASONAL
CUST_SAL_02392,salaried_tier1,53204.73,0.0256,0.3986,0.1866,19.4,0.3342,0,5854.2,4.21,9.38,0.0298,0.0633,2.2107,0,ESTABLISHED_FAMILY_HIGH_DEBT
CUST_KIR_02393,kirana_msme,84588.09,0.4106,0.26,0.1279,31.4,0.1068,0,21564.03,2.02,10.32,0.0054,0.2299,1.7508,0,MSME_KIRANA_SEASONAL
CUST_SAL_02394,salaried_tier1,113200.48,0.0462,0.3485,0.0295,75.3,0.3131,0,-25844.84,10.9,6.44,0.0515,0.0323,2.0405,0,EARLY_CAREER_SALARIED
CUST_RUR_02395,rural_agri,25480.58,0.3487,0.2055,0.1965,25.6,0.0907,0,-1014.65,-13.2,0.55,0.0327,0.0557,1.1259,0,RURAL_AGRI_ALLIED
CUST_KIR_02396,kirana_msme,55857.3,0.1698,0.191,0.1267,38.6,0.1259,0,-2711.46,15.63,20.77,0.018,0.1895,1.4181,0,MSME_KIRANA_SEASONAL
CUST_SAL_02397,salaried_tier1,134202.54,0.062,0.2765,0.0425,22.8,0.4373,0,-5902.34,-3.98,11.2,0.0497,0.0297,2.006,1,EARLY_CAREER_SALARIED
CUST_SAL_02398,salaried_tier1,80232.35,0.039,0.1963,0.0345,25.2,0.2603,3,23012.29,-1.8,10.64,0.0484,0.0867,2.0227,0,EARLY_CAREER_SALARIED
CUST_GIG_02399,gig_worker,30806.54,0.2672,0.1014,-0.1347,22.2,0.2184,1,-7124.75,-8.4,11.33,0.1099,0.1498,0.7247,0,EARLY_CAREER_GIG
CUST_GIG_02400,gig_worker,17017.25,0.5597,0.0506,0.0611,23.0,0.2146,0,-924.41,-23.43,12.88,0.1439,0.1258,1.401,0,EARLY_CAREER_GIG
CUST_KIR_02401,kirana_msme,29836.83,0.1507,0.1151,0.0718,89.0,0.1642,0,-1950.42,35.39,18.4,0.012,0.2164,1.0236,0,MSME_KIRANA_SEASONAL
CUST_SAL_02402,salaried_tier1,105517.54,0.0384,0.2993,-0.0297,76.7,0.3337,0,1474.42,11.19,6.37,0.0227,0.0814,1.7683,0,EARLY_CAREER_SALARIED
CUST_KIR_02403,kirana_msme,33754.87,0.2158,0.1619,0.2985,48.9,0.0799,0,10574.07,10.45,18.82,0.0236,0.2186,1.1859,0,MSME_KIRANA_SEASONAL
CUST_KIR_02404,kirana_msme,30447.19,0.3502,0.2592,0.1377,40.8,0.1016,0,7326.28,9.74,20.58,0.0042,0.0766,0.8524,0,MSME_KIRANA_SEASONAL
CUST_GIG_02405,gig_worker,16489.76,0.6227,0.1694,0.1057,27.3,0.2706,1,-2698.9,7.35,9.29,0.0349,0.051,1.4579,0,EARLY_CAREER_GIG
CUST_GIG_02406,gig_worker,26503.14,0.5818,0.1858,0.0689,34.9,0.1505,0,-9459.03,20.01,23.72,0.1463,0.0378,1.3967,0,EARLY_CAREER_GIG
CUST_KIR_02407,kirana_msme,47203.56,0.2382,0.0904,0.2624,52.2,0.148,0,9556.5,20.43,6.14,0.0113,0.1223,0.9075,0,MSME_KIRANA_SEASONAL
CUST_SAL_02408,salaried_tier1,68728.82,0.0739,0.1956,0.35,69.5,0.514,2,-19650.69,16.32,3.03,0.0501,0.0798,2.2561,0,EARLY_CAREER_SALARIED
CUST_RUR_02409,rural_agri,15537.32,0.7798,0.1739,0.0197,20.5,0.0582,1,165.68,13.79,4.65,0.0417,0.0647,1.1271,0,RURAL_AGRI_ALLIED
CUST_KIR_02410,kirana_msme,22985.18,0.2218,0.2146,0.0773,86.7,0.0941,0,-2931.05,19.01,9.92,0.0126,0.1239,0.8461,0,MSME_KIRANA_SEASONAL
CUST_GIG_02411,gig_worker,10000.0,0.3719,0.1109,-0.0593,29.5,0.2977,0,-2207.09,15.9,11.58,0.106,0.035,0.7519,0,EARLY_CAREER_GIG
CUST_SAL_02412,salaried_tier1,54675.18,0.0262,0.4023,-0.046,99.2,0.1767,0,-4982.98,11.26,4.42,0.0172,0.0376,2.4622,1,ESTABLISHED_FAMILY_HIGH_DEBT
CUST_KIR_02413,kirana_msme,54526.93,0.3626,0.2994,0.1479,80.5,0.117,0,-3194.04,16.38,8.51,0.0255,0.2139,0.8916,0,MSME_KIRANA_SEASONAL
CUST_SAL_02414,salaried_tier1,33319.25,0.0315,0.5265,-0.0015,85.8,0.5077,0,-695.28,13.71,7.74,0.0456,0.0721,1.7791,1,ESTABLISHED_FAMILY_HIGH_DEBT
CUST_KIR_02415,kirana_msme,35719.08,0.1768,0.1614,0.2511,26.9,0.0913,0,-220.3,8.21,20.25,0.0236,0.2172,0.9039,0,MSME_KIRANA_SEASONAL
CUST_RUR_02416,rural_agri,24765.94,0.5223,0.2427,0.1905,54.8,0.0732,0,-1506.12,8.99,4.51,0.0352,0.0296,1.0969,0,RURAL_AGRI_ALLIED
CUST_KIR_02417,kirana_msme,61344.31,0.2683,0.2135,0.1665,61.5,0.0561,0,2911.64,1.7,14.85,0.0254,0.1122,1.3565,0,MSME_KIRANA_SEASONAL
CUST_SAL_02418,salaried_tier1,56028.49,0.036,0.4545,-0.0451,116.7,0.2263,1,-6405.89,6.28,7.65,0.0159,0.0565,2.1707,1,ESTABLISHED_FAMILY_HIGH_DEBT
CUST_SAL_02419,salaried_tier1,107210.5,0.0903,0.3373,0.0433,50.0,0.4888,0,-525.91,-1.39,2.13,0.0272,0.0791,2.3154,0,EARLY_CAREER_SALARIED
CUST_KIR_02420,kirana_msme,27264.76,0.2342,0.2211,0.1846,21.0,0.1505,0,4646.03,34.05,19.95,0.0157,0.0909,0.8786,0,MSME_KIRANA_SEASONAL
CUST_SAL_02421,salaried_tier1,71846.88,0.0442,0.1973,0.2913,103.8,0.2201,0,16358.02,-8.46,9.23,0.0224,0.0868,2.4254,0,EARLY_CAREER_SALARIED
CUST_SAL_02422,salaried_tier1,73181.45,0.0844,0.3495,0.0692,107.8,0.172,0,-20047.43,-3.25,4.54,0.0239,0.1075,2.5197,0,EARLY_CAREER_SALARIED
CUST_GIG_02423,gig_worker,20727.22,0.3869,0.1287,0.0484,17.8,0.1115,0,881.3,20.52,25.2,0.1124,0.1075,1.1627,0,EARLY_CAREER_GIG
CUST_KIR_02424,kirana_msme,65940.41,0.4263,0.253,0.2025,66.1,0.0721,0,14227.57,4.33,13.64,0.0199,0.0798,1.101,0,MSME_KIRANA_SEASONAL
CUST_SAL_02425,salaried_tier1,50551.74,0.0945,0.4328,0.081,33.8,0.3974,0,-11713.06,25.37,4.13,0.012,0.0466,2.1287,0,ESTABLISHED_FAMILY_HIGH_DEBT
CUST_RUR_02426,rural_agri,17117.4,0.6981,0.2483,0.115,45.1,0.1391,0,2501.05,-0.65,5.93,0.0245,0.065,0.5078,0,RURAL_AGRI_ALLIED
CUST_SAL_02427,salaried_tier1,112999.68,0.0376,0.1971,0.1674,27.6,0.2884,0,36298.83,-10.22,10.72,0.0505,0.061,2.419,0,EARLY_CAREER_SALARIED
CUST_RUR_02428,rural_agri,10327.54,0.4321,0.0644,0.0517,26.5,0.1067,1,-1318.11,11.28,4.96,0.0236,0.0207,0.6284,0,RURAL_AGRI_ALLIED
CUST_KIR_02429,kirana_msme,45915.24,0.2418,0.1651,0.2091,81.5,0.1334,0,15464.41,31.7,8.51,0.0195,0.0821,0.8427,0,MSME_KIRANA_SEASONAL
CUST_RUR_02430,rural_agri,26582.9,0.5905,0.1097,0.1692,43.1,0.0733,2,-2079.97,23.3,4.85,0.032,0.0366,1.0167,0,RURAL_AGRI_ALLIED
CUST_GIG_02431,gig_worker,24502.15,0.3981,0.1261,-0.0003,24.8,0.2424,0,-3136.53,-2.04,9.48,0.1728,0.1362,0.8253,0,EARLY_CAREER_GIG
CUST_RUR_02432,rural_agri,20903.01,0.4024,0.0416,-0.0454,45.1,0.1366,0,-3379.61,4.67,3.72,0.0105,0.0145,0.5953,0,RURAL_AGRI_ALLIED
CUST_RUR_02433,rural_agri,25924.91,0.3902,0.0608,-0.0233,57.3,0.1176,0,-5546.39,3.72,5.14,0.0401,0.057,0.565,0,RURAL_AGRI_ALLIED
CUST_SAL_02434,salaried_tier1,82728.34,0.0336,0.3562,0.0131,61.6,0.2301,0,-5609.16,6.22,6.17,0.0385,0.1066,1.8312,0,ESTABLISHED_FAMILY_HIGH_DEBT
CUST_RUR_02435,rural_agri,8000.0,0.6963,0.0322,0.1922,6.3,0.0442,0,227.38,7.1,1.69,0.0368,0.035,0.8564,0,RURAL_AGRI_ALLIED
CUST_KIR_02436,kirana_msme,41268.17,0.2306,0.1313,0.2902,55.9,0.0511,0,8845.5,30.79,9.76,0.0136,0.1147,0.8078,0,MSME_KIRANA_SEASONAL
CUST_KIR_02437,kirana_msme,68064.69,0.199,0.0805,0.2599,43.7,0.1148,0,5702.33,-12.68,5.07,0.0281,0.0528,1.2241,0,MSME_KIRANA_SEASONAL
CUST_KIR_02438,kirana_msme,82653.42,0.2725,0.2436,0.2827,26.0,0.17,0,-491.57,-17.56,24.12,0.0147,0.0805,0.8803,0,MSME_KIRANA_SEASONAL
CUST_KIR_02439,kirana_msme,78505.83,0.4108,0.0508,0.1035,26.7,0.0646,0,-5747.3,17.88,19.99,0.0193,0.2196,1.7361,0,MSME_KIRANA_SEASONAL
CUST_SAL_02440,salaried_tier1,77538.52,0.0383,0.4094,0.3051,49.6,0.3977,0,-15430.15,4.59,6.75,0.0338,0.062,2.5305,0,ESTABLISHED_FAMILY_HIGH_DEBT
CUST_GIG_02441,gig_worker,28032.03,0.431,0.0505,-0.1385,40.4,0.2553,2,-10504.4,7.73,23.07,0.1288,0.075,0.9959,1,EARLY_CAREER_GIG
CUST_KIR_02442,kirana_msme,56506.36,0.4061,0.1733,0.0954,73.8,0.1879,0,8310.37,25.17,10.47,0.0283,0.1867,1.583,0,MSME_KIRANA_SEASONAL
CUST_GIG_02443,gig_worker,23535.59,0.6284,0.0615,-0.1474,16.6,0.1642,1,-6056.41,-4.62,12.25,0.182,0.0486,0.6428,1,EARLY_CAREER_GIG
CUST_RUR_02444,rural_agri,15036.97,0.4433,0.1062,0.1572,36.0,0.0354,2,1249.5,6.53,5.64,0.0106,0.0442,0.5382,0,RURAL_AGRI_ALLIED
CUST_KIR_02445,kirana_msme,18000.0,0.1607,0.2697,0.2507,64.3,0.1358,0,2537.16,27.71,23.65,0.0085,0.1813,0.944,0,MSME_KIRANA_SEASONAL
CUST_KIR_02446,kirana_msme,39493.27,0.3747,0.1996,0.069,49.0,0.1757,0,2006.82,5.26,14.77,0.0185,0.2268,1.2823,0,MSME_KIRANA_SEASONAL
CUST_SAL_02447,salaried_tier1,30382.43,0.0936,0.1533,-0.0012,92.0,0.2554,0,-5386.85,-4.01,4.55,0.0234,0.0345,2.5819,0,EARLY_CAREER_SALARIED
CUST_SAL_02448,salaried_tier1,75791.9,0.0201,0.4996,-0.0185,83.8,0.2106,0,-4580.13,6.4,6.67,0.0519,0.0625,2.4877,0,ESTABLISHED_FAMILY_HIGH_DEBT
CUST_SAL_02449,salaried_tier1,88974.32,0.0684,0.3813,0.2272,116.5,0.3062,0,-10756.61,19.23,7.92,0.0371,0.0824,2.4088,0,ESTABLISHED_FAMILY_HIGH_DEBT
CUST_KIR_02450,kirana_msme,45441.99,0.4153,0.2672,0.2377,68.8,0.073,0,-1664.41,10.56,21.35,0.0087,0.2034,0.911,0,MSME_KIRANA_SEASONAL
CUST_SAL_02451,salaried_tier1,31506.44,0.0342,0.2023,0.0228,113.1,0.2158,0,1000.05,22.24,11.75,0.0357,0.0612,1.74,0,EARLY_CAREER_SALARIED
CUST_RUR_02452,rural_agri,22989.58,0.6285,0.0551,-0.0804,47.6,0.0563,3,-5484.89,15.63,3.89,0.0346,0.056,0.5908,0,RURAL_AGRI_ALLIED
CUST_GIG_02453,gig_worker,23445.1,0.4913,0.1133,0.134,40.6,0.1318,0,5211.14,3.01,12.73,0.1921,0.108,1.4833,0,EARLY_CAREER_GIG
CUST_KIR_02454,kirana_msme,64010.93,0.2486,0.1276,0.2801,25.5,0.1327,0,10829.24,38.67,6.76,0.0115,0.0768,0.8573,0,MSME_KIRANA_SEASONAL
CUST_GIG_02455,gig_worker,26415.96,0.4019,0.026,-0.0758,20.6,0.2833,0,1303.76,-7.27,22.65,0.1499,0.1459,0.972,0,EARLY_CAREER_GIG
CUST_SAL_02456,salaried_tier1,88434.29,0.0751,0.2043,-0.0036,110.7,0.345,1,-7960.57,2.49,11.93,0.071,0.0614,2.4571,0,EARLY_CAREER_SALARIED
CUST_KIR_02457,kirana_msme,33635.48,0.2692,0.0779,0.0944,55.0,0.1931,0,-3338.93,0.58,9.85,0.0059,0.1817,1.2085,0,MSME_KIRANA_SEASONAL
CUST_GIG_02458,gig_worker,36463.87,0.2733,0.0702,0.0689,31.8,0.0917,0,791.84,-3.5,13.43,0.1684,0.0335,1.212,0,EARLY_CAREER_GIG
CUST_KIR_02459,kirana_msme,42695.34,0.3968,0.2634,0.15,89.6,0.1777,1,7214.78,-4.24,20.52,0.0283,0.134,1.6665,0,MSME_KIRANA_SEASONAL
CUST_KIR_02460,kirana_msme,57854.78,0.365,0.2625,0.1533,58.1,0.0516,0,7939.43,23.01,16.25,0.0059,0.0987,1.4442,0,MSME_KIRANA_SEASONAL
CUST_RUR_02461,rural_agri,14332.93,0.68,0.0657,0.1015,11.8,0.1498,0,314.2,21.31,3.48,0.0043,0.0119,1.0192,0,RURAL_AGRI_ALLIED
CUST_RUR_02462,rural_agri,10148.55,0.3387,0.2288,-0.0099,11.1,0.1118,0,-94.78,14.26,0.78,0.0496,0.0413,0.8329,0,RURAL_AGRI_ALLIED
CUST_GIG_02463,gig_worker,17439.29,0.2812,0.1911,-0.1245,35.4,0.1985,0,-7805.83,-16.49,26.71,0.1562,0.1124,0.6015,0,EARLY_CAREER_GIG
CUST_GIG_02464,gig_worker,30207.69,0.5405,0.0732,0.1461,5.8,0.0975,2,7177.41,-1.5,14.53,0.1595,0.0843,1.1829,0,EARLY_CAREER_GIG
CUST_GIG_02465,gig_worker,21999.56,0.2699,0.1766,0.018,15.3,0.2311,2,-5862.23,-8.86,12.05,0.0487,0.1332,1.1525,1,EARLY_CAREER_GIG
CUST_SAL_02466,salaried_tier1,92888.58,0.0576,0.4654,0.2086,18.0,0.5295,1,14184.96,0.59,9.31,0.0388,0.0407,2.7394,1,ESTABLISHED_FAMILY_HIGH_DEBT
CUST_KIR_02467,kirana_msme,49024.37,0.3551,0.1285,0.1872,43.9,0.1545,1,-4434.39,13.76,6.18,0.0143,0.2041,1.489,0,MSME_KIRANA_SEASONAL
CUST_SAL_02468,salaried_tier1,65593.72,0.0377,0.457,0.1595,29.5,0.2642,0,2068.58,13.78,5.64,0.021,0.0697,2.795,0,ESTABLISHED_FAMILY_HIGH_DEBT
CUST_KIR_02469,kirana_msme,73876.14,0.4243,0.1001,0.2553,86.4,0.106,0,8474.42,-11.97,19.02,0.0064,0.139,1.6219,0,MSME_KIRANA_SEASONAL
CUST_KIR_02470,kirana_msme,59809.91,0.4161,0.1918,0.1936,63.4,0.0911,0,13617.24,10.02,21.78,0.0231,0.1777,1.4625,0,MSME_KIRANA_SEASONAL
CUST_SAL_02471,salaried_tier1,44462.95,0.0908,0.468,0.2645,24.4,0.5017,0,5732.9,36.45,11.13,0.0566,0.0333,2.1115,0,ESTABLISHED_FAMILY_HIGH_DEBT
CUST_RUR_02472,rural_agri,16928.53,0.6971,0.2,-0.0616,5.9,0.0998,2,-1646.89,17.91,4.97,0.0311,0.0557,0.8881,1,RURAL_AGRI_ALLIED
CUST_RUR_02473,rural_agri,35110.62,0.6072,0.0262,0.1004,31.3,0.1023,1,4549.17,-0.56,2.25,0.0187,0.0374,1.0341,0,RURAL_AGRI_ALLIED
CUST_GIG_02474,gig_worker,15555.39,0.5181,0.1478,0.0001,30.2,0.118,0,-1585.88,5.68,15.74,0.1257,0.0831,0.7456,0,EARLY_CAREER_GIG
CUST_KIR_02475,kirana_msme,32410.67,0.2258,0.1002,0.2269,77.4,0.1581,0,2443.72,57.19,19.22,0.0182,0.0594,1.1079,0,MSME_KIRANA_SEASONAL
CUST_RUR_02476,rural_agri,19746.82,0.6395,0.0221,0.0464,54.4,0.0847,0,536.48,-12.32,2.86,0.0119,0.0375,0.6404,0,RURAL_AGRI_ALLIED
CUST_SAL_02477,salaried_tier1,88975.93,0.0685,0.3086,0.2793,112.7,0.1522,0,31855.69,-11.32,4.36,0.0738,0.0867,2.3775,0,EARLY_CAREER_SALARIED
CUST_GIG_02478,gig_worker,16978.19,0.6034,0.001,0.1437,10.0,0.2433,0,1611.37,4.76,20.61,0.0419,0.0832,0.9883,0,EARLY_CAREER_GIG
CUST_SAL_02479,salaried_tier1,100956.95,0.0299,0.1831,0.1108,108.2,0.4921,0,1377.1,-9.18,10.05,0.0295,0.037,2.6554,0,EARLY_CAREER_SALARIED
CUST_GIG_02480,gig_worker,32384.22,0.4894,0.0379,0.0876,21.2,0.1839,3,6625.55,10.28,15.88,0.145,0.1356,0.854,0,EARLY_CAREER_GIG
CUST_SAL_02481,salaried_tier1,64793.09,0.0429,0.4211,0.0484,55.4,0.5088,0,2809.3,21.69,5.3,0.0539,0.0681,1.6235,1,ESTABLISHED_FAMILY_HIGH_DEBT
CUST_RUR_02482,rural_agri,21240.48,0.7573,0.015,-0.0201,21.5,0.0521,0,-2582.83,4.65,0.78,0.0064,0.0167,0.7974,0,RURAL_AGRI_ALLIED
CUST_RUR_02483,rural_agri,22466.47,0.3514,0.2315,-0.074,39.1,0.0597,2,-4419.54,27.52,5.74,0.0024,0.0269,0.543,0,RURAL_AGRI_ALLIED
CUST_SAL_02484,salaried_tier1,65916.95,0.0806,0.4409,0.1785,87.5,0.1652,0,9867.65,-14.42,6.74,0.0711,0.1034,2.5216,0,ESTABLISHED_FAMILY_HIGH_DEBT
CUST_KIR_02485,kirana_msme,41715.2,0.44,0.2246,0.2267,51.7,0.1717,0,1119.94,-18.21,6.98,0.0264,0.095,1.7616,0,MSME_KIRANA_SEASONAL
CUST_RUR_02486,rural_agri,25528.79,0.3546,0.1957,0.0319,5.1,0.0797,1,3371.26,8.21,1.33,0.0497,0.071,0.5482,0,RURAL_AGRI_ALLIED
CUST_KIR_02487,kirana_msme,56911.39,0.2912,0.062,0.1289,28.8,0.1233,0,-13329.83,-8.03,23.89,0.0296,0.053,1.7955,0,MSME_KIRANA_SEASONAL
CUST_RUR_02488,rural_agri,20756.87,0.5118,0.1183,-0.0205,20.9,0.1477,3,-1772.1,6.58,2.02,0.0054,0.0792,0.6343,0,RURAL_AGRI_ALLIED
CUST_GIG_02489,gig_worker,31071.21,0.3315,0.1869,0.008,6.9,0.1674,0,263.74,7.66,21.98,0.1799,0.1226,0.9175,1,EARLY_CAREER_GIG
CUST_KIR_02490,kirana_msme,40487.52,0.2379,0.2835,0.2768,30.9,0.1734,0,-806.14,-0.19,14.27,0.0217,0.1536,1.7752,0,MSME_KIRANA_SEASONAL
CUST_SAL_02491,salaried_tier1,87376.08,0.0773,0.5386,0.0742,113.5,0.3951,0,-12000.69,8.66,9.03,0.022,0.0952,2.3682,0,ESTABLISHED_FAMILY_HIGH_DEBT
CUST_SAL_02492,salaried_tier1,72377.68,0.0974,0.4808,0.257,26.7,0.4821,0,12183.15,10.72,6.05,0.0342,0.051,2.2329,0,ESTABLISHED_FAMILY_HIGH_DEBT
CUST_GIG_02493,gig_worker,38587.08,0.6438,0.0795,0.0153,25.4,0.2859,0,-1895.23,31.31,14.09,0.0485,0.053,1.4876,0,EARLY_CAREER_GIG
CUST_KIR_02494,kirana_msme,18000.0,0.3186,0.2597,0.2597,70.8,0.1929,0,3560.87,6.59,10.82,0.0098,0.1595,0.8077,0,MSME_KIRANA_SEASONAL
CUST_KIR_02495,kirana_msme,44427.43,0.4464,0.2943,0.1327,20.0,0.138,0,-1188.53,-7.54,23.69,0.01,0.172,1.1243,0,MSME_KIRANA_SEASONAL
CUST_KIR_02496,kirana_msme,38465.27,0.4006,0.0752,0.2079,67.4,0.1337,0,-5755.56,6.72,17.69,0.018,0.1944,1.402,0,MSME_KIRANA_SEASONAL
CUST_GIG_02497,gig_worker,13483.07,0.2663,0.0278,-0.0685,40.0,0.2683,0,-1459.58,17.14,25.79,0.0702,0.1495,0.8603,0,EARLY_CAREER_GIG
CUST_RUR_02498,rural_agri,11614.22,0.4276,0.1688,0.0011,38.2,0.0547,0,-1483.75,-2.23,2.77,0.0099,0.0423,0.8586,0,RURAL_AGRI_ALLIED
CUST_RUR_02499,rural_agri,16422.95,0.3678,0.0627,-0.0401,16.8,0.0577,0,-2693.09,22.26,2.03,0.0344,0.0265,0.5879,0,RURAL_AGRI_ALLIED
CUST_KIR_02500,kirana_msme,45997.09,0.3452,0.1981,0.2694,80.6,0.0586,0,3969.46,18.13,24.05,0.0241,0.0853,1.4708,0,MSME_KIRANA_SEASONAL
CUST_RUR_02501,rural_agri,36794.24,0.6045,0.0258,0.1568,52.5,0.0862,1,-4678.92,1.52,1.54,0.0056,0.0114,0.9619,0,RURAL_AGRI_ALLIED
CUST_GIG_02502,gig_worker,22469.15,0.2803,0.0171,-0.0033,24.4,0.2076,1,-4633.01,-24.16,16.66,0.1394,0.0666,1.2014,0,EARLY_CAREER_GIG
CUST_GIG_02503,gig_worker,14387.29,0.2814,0.1012,0.0112,17.1,0.2947,0,-2573.78,3.94,19.4,0.0623,0.147,1.4001,0,EARLY_CAREER_GIG
CUST_RUR_02504,rural_agri,13570.12,0.703,0.0173,0.0914,40.2,0.0519,2,-1286.75,37.79,2.43,0.0242,0.0683,0.9938,0,RURAL_AGRI_ALLIED
CUST_SAL_02505,salaried_tier1,43641.61,0.0998,0.3626,0.0846,89.9,0.3983,0,-2116.49,18.21,2.71,0.0524,0.0678,2.64,0,ESTABLISHED_FAMILY_HIGH_DEBT
CUST_SAL_02506,salaried_tier1,94682.78,0.0532,0.527,0.0879,70.8,0.5235,0,7152.21,23.44,11.94,0.078,0.0972,1.6415,0,ESTABLISHED_FAMILY_HIGH_DEBT
CUST_RUR_02507,rural_agri,15905.14,0.5157,0.009,0.0359,31.4,0.1099,1,-4064.36,-1.4,2.52,0.0205,0.05,1.1032,0,RURAL_AGRI_ALLIED
CUST_KIR_02508,kirana_msme,32905.84,0.422,0.2038,0.0884,54.1,0.1647,0,6340.41,-12.29,20.0,0.0018,0.0725,1.6853,0,MSME_KIRANA_SEASONAL
CUST_RUR_02509,rural_agri,28422.1,0.5885,0.1039,0.0939,12.9,0.1168,1,1205.99,11.42,2.03,0.0399,0.0457,0.8601,0,RURAL_AGRI_ALLIED
CUST_RUR_02510,rural_agri,22779.42,0.6875,0.1337,0.0959,20.4,0.0535,0,-295.08,-28.0,4.57,0.007,0.0644,0.7052,0,RURAL_AGRI_ALLIED
CUST_SAL_02511,salaried_tier1,70779.07,0.0454,0.3218,0.2456,80.7,0.4492,0,-5917.38,18.4,4.02,0.0797,0.0676,2.5596,0,EARLY_CAREER_SALARIED
CUST_RUR_02512,rural_agri,16271.71,0.3639,0.0455,0.1139,5.3,0.1368,1,-2522.57,-8.49,2.32,0.0063,0.0745,0.8086,0,RURAL_AGRI_ALLIED
CUST_KIR_02513,kirana_msme,41874.44,0.2054,0.2466,0.2299,54.9,0.1829,0,2862.27,-21.96,19.21,0.002,0.1245,1.252,0,MSME_KIRANA_SEASONAL
CUST_KIR_02514,kirana_msme,81320.13,0.2605,0.0765,0.0849,56.9,0.0762,0,-5558.46,10.11,11.98,0.0249,0.1566,1.6342,0,MSME_KIRANA_SEASONAL
CUST_GIG_02515,gig_worker,18679.9,0.3758,0.0011,-0.0551,17.1,0.2186,0,-2339.88,-7.55,14.31,0.1704,0.0779,0.6271,0,EARLY_CAREER_GIG
CUST_RUR_02516,rural_agri,18085.06,0.3456,0.0516,-0.0436,32.9,0.0336,0,977.96,14.16,2.45,0.0354,0.0374,0.925,0,RURAL_AGRI_ALLIED
CUST_SAL_02517,salaried_tier1,93677.01,0.0499,0.2658,0.3335,37.0,0.4534,0,11489.52,-16.79,6.58,0.02,0.1121,1.8945,0,EARLY_CAREER_SALARIED
CUST_KIR_02518,kirana_msme,25590.05,0.319,0.2136,0.0831,29.2,0.0553,0,382.31,27.0,9.51,0.0233,0.0787,1.131,0,MSME_KIRANA_SEASONAL
CUST_GIG_02519,gig_worker,34540.83,0.313,0.0362,0.0248,4.0,0.2712,0,6121.91,35.73,13.17,0.179,0.1071,0.975,0,EARLY_CAREER_GIG
CUST_GIG_02520,gig_worker,18109.68,0.3931,0.0821,-0.0555,6.3,0.0882,0,-7741.45,-9.47,25.81,0.1339,0.145,0.8265,0,EARLY_CAREER_GIG
CUST_GIG_02521,gig_worker,27377.61,0.4612,0.1151,0.0252,35.2,0.227,3,3362.54,-2.29,16.44,0.0361,0.0313,1.4532,0,EARLY_CAREER_GIG
CUST_SAL_02522,salaried_tier1,42084.74,0.0611,0.1912,0.2811,96.9,0.3046,1,10019.65,9.18,10.14,0.0482,0.053,1.7414,0,EARLY_CAREER_SALARIED
CUST_SAL_02523,salaried_tier1,67443.65,0.0286,0.1895,0.3131,63.1,0.2946,2,1397.85,0.54,5.36,0.0291,0.0765,2.0187,0,EARLY_CAREER_SALARIED
CUST_KIR_02524,kirana_msme,62249.06,0.3348,0.2675,0.1191,33.4,0.1546,0,5779.39,-4.71,6.93,0.0231,0.0557,0.8911,0,MSME_KIRANA_SEASONAL
CUST_RUR_02525,rural_agri,19157.44,0.4027,0.1876,0.1251,33.8,0.0631,1,4254.24,25.17,0.78,0.0133,0.0299,1.1535,0,RURAL_AGRI_ALLIED
CUST_SAL_02526,salaried_tier1,54249.19,0.0943,0.4525,0.3237,102.1,0.3108,0,7926.8,11.09,5.52,0.0398,0.0626,2.3184,0,ESTABLISHED_FAMILY_HIGH_DEBT
CUST_SAL_02527,salaried_tier1,56978.77,0.049,0.5175,0.15,91.3,0.2577,0,3279.61,34.84,10.35,0.0793,0.1047,2.2519,0,ESTABLISHED_FAMILY_HIGH_DEBT
CUST_RUR_02528,rural_agri,19304.29,0.776,0.1911,-0.0543,14.1,0.0724,0,-1522.05,4.15,3.82,0.0218,0.0139,0.8075,0,RURAL_AGRI_ALLIED
CUST_SAL_02529,salaried_tier1,57679.34,0.0744,0.4147,0.3139,48.7,0.1936,1,15421.6,-7.03,4.33,0.044,0.0346,1.9311,0,ESTABLISHED_FAMILY_HIGH_DEBT
CUST_RUR_02530,rural_agri,16297.96,0.4923,0.1936,0.1755,10.6,0.1288,3,-2149.82,-11.73,5.98,0.0168,0.0681,0.9806,0,RURAL_AGRI_ALLIED
CUST_GIG_02531,gig_worker,23665.28,0.3256,0.0348,0.064,32.9,0.1968,0,4507.02,-9.04,16.59,0.1781,0.1326,0.762,0,EARLY_CAREER_GIG
CUST_RUR_02532,rural_agri,29631.43,0.3779,0.2201,0.0707,46.2,0.0354,0,-1530.29,-2.93,5.11,0.0437,0.0582,0.9346,0,RURAL_AGRI_ALLIED
CUST_SAL_02533,salaried_tier1,75690.03,0.0537,0.3261,0.3281,105.5,0.496,0,34894.34,6.11,11.98,0.0202,0.0716,1.6391,0,EARLY_CAREER_SALARIED
CUST_SAL_02534,salaried_tier1,81836.18,0.0975,0.314,-0.0219,84.7,0.3007,3,-13013.35,-19.84,3.19,0.059,0.0959,1.6162,0,EARLY_CAREER_SALARIED
CUST_GIG_02535,gig_worker,14897.85,0.3401,0.1701,-0.1305,20.1,0.2445,0,-5700.57,35.38,22.13,0.0425,0.1374,1.3902,0,EARLY_CAREER_GIG
CUST_RUR_02536,rural_agri,8861.08,0.4287,0.1915,0.1788,9.0,0.0318,2,162.71,8.04,2.02,0.0094,0.0343,0.7706,0,RURAL_AGRI_ALLIED
CUST_GIG_02537,gig_worker,28922.79,0.3348,0.1653,-0.0439,11.2,0.2857,0,-5708.9,-17.66,10.17,0.0317,0.1345,1.4927,1,EARLY_CAREER_GIG
CUST_SAL_02538,salaried_tier1,71134.99,0.0515,0.3434,0.2022,82.2,0.5342,0,477.17,19.85,5.3,0.0434,0.0459,1.9412,0,EARLY_CAREER_SALARIED
CUST_GIG_02539,gig_worker,25607.72,0.4831,0.0854,0.0408,36.9,0.2423,0,1491.13,9.1,22.4,0.0468,0.048,1.258,0,EARLY_CAREER_GIG
CUST_GIG_02540,gig_worker,19605.05,0.2622,0.0324,-0.0142,25.0,0.2687,1,-1153.01,-18.92,9.57,0.0521,0.0401,1.4914,0,EARLY_CAREER_GIG
CUST_GIG_02541,gig_worker,17047.21,0.2913,0.092,-0.0372,37.8,0.2643,0,-1527.66,-1.93,19.28,0.1156,0.0414,1.3311,0,EARLY_CAREER_GIG
CUST_GIG_02542,gig_worker,39170.64,0.6063,0.1468,0.1383,35.0,0.1456,0,3648.53,7.53,19.32,0.1273,0.1143,1.0121,0,EARLY_CAREER_GIG
CUST_RUR_02543,rural_agri,37236.12,0.3174,0.1288,0.0604,7.9,0.1154,0,1225.43,13.12,2.21,0.0239,0.0724,1.0561,0,RURAL_AGRI_ALLIED
CUST_GIG_02544,gig_worker,12032.51,0.6136,0.0699,-0.0268,25.1,0.2552,0,974.24,6.6,18.8,0.173,0.0931,1.4476,0,EARLY_CAREER_GIG
CUST_SAL_02545,salaried_tier1,46439.37,0.0793,0.2025,0.0269,28.3,0.1526,0,-4104.76,-27.22,3.49,0.0324,0.0699,1.8521,0,EARLY_CAREER_SALARIED
CUST_KIR_02546,kirana_msme,18000.0,0.3968,0.0574,0.267,37.1,0.1583,0,2588.95,-4.77,17.31,0.0231,0.14,1.0943,0,MSME_KIRANA_SEASONAL
CUST_SAL_02547,salaried_tier1,98890.81,0.0451,0.4422,0.1567,63.4,0.1726,2,-810.39,21.11,9.93,0.0313,0.049,2.5886,0,ESTABLISHED_FAMILY_HIGH_DEBT
CUST_KIR_02548,kirana_msme,43238.16,0.3322,0.231,0.1066,48.5,0.0781,0,1431.58,17.21,22.55,0.0201,0.1194,1.6638,0,MSME_KIRANA_SEASONAL
CUST_KIR_02549,kirana_msme,26424.04,0.4259,0.2588,0.2706,83.2,0.1091,0,10181.73,-0.4,5.76,0.0191,0.1441,1.3703,0,MSME_KIRANA_SEASONAL
CUST_SAL_02550,salaried_tier1,102945.15,0.0372,0.5444,0.2496,97.9,0.1926,0,8371.22,4.67,4.7,0.0202,0.0685,2.7293,0,ESTABLISHED_FAMILY_HIGH_DEBT
CUST_KIR_02551,kirana_msme,70766.7,0.4311,0.0623,0.0883,29.3,0.0628,0,-10062.53,-15.14,15.97,0.0098,0.131,1.0293,0,MSME_KIRANA_SEASONAL
CUST_SAL_02552,salaried_tier1,104759.42,0.0854,0.3561,0.292,97.4,0.2128,0,24480.04,1.07,11.75,0.0363,0.043,2.3732,0,ESTABLISHED_FAMILY_HIGH_DEBT
CUST_RUR_02553,rural_agri,18742.69,0.6283,0.0356,0.1292,12.1,0.094,0,-274.46,2.25,4.92,0.0033,0.0235,1.0266,0,RURAL_AGRI_ALLIED
CUST_RUR_02554,rural_agri,10089.29,0.7974,0.2308,-0.0994,35.3,0.1347,0,-2119.73,29.46,2.59,0.0014,0.0653,0.8058,0,RURAL_AGRI_ALLIED
CUST_SAL_02555,salaried_tier1,85917.33,0.0835,0.3712,0.3119,27.2,0.4647,0,10981.26,13.36,3.32,0.0311,0.1056,1.8003,0,ESTABLISHED_FAMILY_HIGH_DEBT
CUST_RUR_02556,rural_agri,25078.36,0.7016,0.0332,0.0957,6.8,0.0422,2,-4860.45,6.63,2.94,0.0124,0.0395,0.6086,0,RURAL_AGRI_ALLIED
CUST_KIR_02557,kirana_msme,31263.07,0.4099,0.0965,0.1161,29.6,0.1072,1,7202.14,5.05,21.62,0.0196,0.0532,0.961,0,MSME_KIRANA_SEASONAL
CUST_SAL_02558,salaried_tier1,56603.42,0.0691,0.3015,0.2333,98.5,0.2338,0,-1505.12,-10.84,4.5,0.0343,0.0236,2.7451,0,EARLY_CAREER_SALARIED
CUST_SAL_02559,salaried_tier1,29933.12,0.0214,0.494,0.1838,33.0,0.4961,0,4868.65,-3.61,10.95,0.0226,0.1079,1.7957,0,ESTABLISHED_FAMILY_HIGH_DEBT
CUST_KIR_02560,kirana_msme,38653.89,0.317,0.102,0.1088,31.3,0.1643,0,-63.41,4.46,6.74,0.0166,0.1192,1.239,0,MSME_KIRANA_SEASONAL
CUST_GIG_02561,gig_worker,11388.27,0.5562,0.0742,0.0748,27.3,0.2712,0,304.89,7.62,24.45,0.1631,0.1467,0.7671,0,EARLY_CAREER_GIG
CUST_GIG_02562,gig_worker,38515.85,0.6421,0.1065,0.0557,17.6,0.1458,0,-2171.61,26.87,13.69,0.0594,0.0849,0.6347,0,EARLY_CAREER_GIG
CUST_SAL_02563,salaried_tier1,25000.0,0.0385,0.491,-0.0136,118.1,0.3404,0,-2240.15,-9.89,2.15,0.0217,0.0535,1.9606,1,ESTABLISHED_FAMILY_HIGH_DEBT
CUST_SAL_02564,salaried_tier1,87866.48,0.0658,0.2688,-0.0014,16.6,0.4427,0,-4046.94,12.73,3.02,0.0245,0.1015,2.1192,0,EARLY_CAREER_SALARIED
CUST_KIR_02565,kirana_msme,32303.18,0.2261,0.2967,0.1338,69.5,0.1939,0,-1857.88,-2.27,8.38,0.0052,0.1485,1.3976,0,MSME_KIRANA_SEASONAL
CUST_SAL_02566,salaried_tier1,53883.31,0.0295,0.2977,0.3319,114.9,0.3738,0,28821.23,21.68,9.42,0.0137,0.0421,1.7885,0,EARLY_CAREER_SALARIED
CUST_SAL_02567,salaried_tier1,71235.97,0.0789,0.3489,-0.0146,92.8,0.2378,0,-22833.82,-5.56,2.75,0.0541,0.084,2.1215,0,EARLY_CAREER_SALARIED
CUST_SAL_02568,salaried_tier1,84745.11,0.0321,0.4147,0.2951,49.0,0.1821,0,22973.77,9.29,2.04,0.0329,0.0499,1.643,0,ESTABLISHED_FAMILY_HIGH_DEBT
CUST_RUR_02569,rural_agri,24767.26,0.7684,0.2266,0.1654,48.3,0.0652,0,-622.68,-8.46,0.8,0.0499,0.0351,0.8415,0,RURAL_AGRI_ALLIED
CUST_RUR_02570,rural_agri,24239.44,0.715,0.2449,-0.0604,13.6,0.0351,0,-7193.33,19.63,1.59,0.0274,0.0412,1.0747,0,RURAL_AGRI_ALLIED
CUST_KIR_02571,kirana_msme,18000.0,0.3567,0.12,0.2108,87.0,0.1593,0,2058.3,22.99,21.18,0.0098,0.191,1.5476,0,MSME_KIRANA_SEASONAL
CUST_RUR_02572,rural_agri,21343.11,0.5874,0.0883,0.0258,24.1,0.0475,0,-1984.14,-10.41,3.02,0.0181,0.011,0.7252,0,RURAL_AGRI_ALLIED
CUST_KIR_02573,kirana_msme,39800.23,0.3061,0.0738,0.1141,51.6,0.0752,0,-700.84,40.3,22.21,0.0238,0.2486,1.1427,0,MSME_KIRANA_SEASONAL
CUST_KIR_02574,kirana_msme,43045.96,0.3167,0.1448,0.1865,25.7,0.1676,1,6715.28,2.46,21.02,0.0073,0.0895,0.8657,0,MSME_KIRANA_SEASONAL
CUST_SAL_02575,salaried_tier1,67407.85,0.0644,0.3348,0.3162,90.6,0.2004,0,14557.05,25.68,9.25,0.0516,0.0759,2.7111,0,EARLY_CAREER_SALARIED
CUST_GIG_02576,gig_worker,19546.86,0.6379,0.0479,-0.0157,4.0,0.2011,0,-1473.43,-9.21,27.71,0.1028,0.0797,0.8248,0,EARLY_CAREER_GIG
CUST_RUR_02577,rural_agri,8000.0,0.5326,0.2142,-0.0422,38.4,0.0345,0,-2155.29,-0.59,0.91,0.0272,0.0317,0.8309,0,RURAL_AGRI_ALLIED
CUST_GIG_02578,gig_worker,29388.24,0.3127,0.0804,-0.0437,30.1,0.1202,3,-2700.35,17.85,27.1,0.0772,0.1005,1.2557,0,EARLY_CAREER_GIG
CUST_KIR_02579,kirana_msme,18000.0,0.4137,0.2244,0.1059,22.4,0.0938,0,1076.39,-10.51,17.72,0.0224,0.1436,0.9413,0,MSME_KIRANA_SEASONAL
CUST_GIG_02580,gig_worker,31634.4,0.396,0.0698,-0.0918,28.0,0.2581,0,-9828.57,6.76,24.77,0.0421,0.0866,0.704,0,EARLY_CAREER_GIG
CUST_SAL_02581,salaried_tier1,77958.47,0.0734,0.3631,0.009,89.5,0.3471,0,8056.05,-5.26,3.42,0.0513,0.0659,1.5588,0,ESTABLISHED_FAMILY_HIGH_DEBT
CUST_RUR_02582,rural_agri,15139.71,0.5171,0.1308,-0.0076,50.1,0.0368,3,-1329.3,4.32,2.95,0.0462,0.0592,1.0063,0,RURAL_AGRI_ALLIED
CUST_KIR_02583,kirana_msme,69270.16,0.1696,0.2771,0.2169,63.2,0.189,1,-12474.07,-7.67,19.98,0.0174,0.1422,0.9634,0,MSME_KIRANA_SEASONAL
CUST_KIR_02584,kirana_msme,50857.67,0.2248,0.1626,0.1031,55.0,0.158,0,12640.81,15.89,5.4,0.0155,0.1647,1.5654,0,MSME_KIRANA_SEASONAL
CUST_GIG_02585,gig_worker,17798.08,0.5274,0.1022,-0.0501,12.9,0.1063,0,-2953.17,4.88,17.55,0.1291,0.0735,1.0126,0,EARLY_CAREER_GIG
CUST_GIG_02586,gig_worker,18631.15,0.4896,0.1206,0.025,40.3,0.2478,2,-1617.43,25.82,14.36,0.0842,0.1088,0.6535,0,EARLY_CAREER_GIG
CUST_SAL_02587,salaried_tier1,39090.82,0.0433,0.223,0.0292,37.8,0.1564,0,-5328.22,9.56,2.23,0.0359,0.1105,2.0195,0,EARLY_CAREER_SALARIED
CUST_GIG_02588,gig_worker,27054.36,0.3307,0.058,0.06,44.4,0.2616,0,-930.88,-4.34,15.29,0.0447,0.0674,0.6766,0,EARLY_CAREER_GIG
CUST_SAL_02589,salaried_tier1,62623.02,0.0445,0.2544,0.0685,52.9,0.2477,2,-203.53,-4.85,3.14,0.0427,0.0384,2.0461,0,EARLY_CAREER_SALARIED
CUST_GIG_02590,gig_worker,25829.07,0.5668,0.0789,0.0567,19.3,0.1161,0,-3102.52,5.89,8.82,0.1413,0.1191,1.1013,0,EARLY_CAREER_GIG
CUST_RUR_02591,rural_agri,8000.0,0.7214,0.2074,0.0177,23.1,0.1186,0,-419.32,-13.34,2.95,0.0221,0.0568,1.102,0,RURAL_AGRI_ALLIED
CUST_RUR_02592,rural_agri,37300.59,0.5772,0.1214,0.1836,18.5,0.043,3,8071.44,32.08,4.62,0.0102,0.0772,0.6491,0,RURAL_AGRI_ALLIED
CUST_GIG_02593,gig_worker,18341.84,0.6158,0.0442,0.1099,24.5,0.1934,0,1780.03,-6.18,14.94,0.1025,0.0875,0.6932,0,EARLY_CAREER_GIG
CUST_KIR_02594,kirana_msme,57480.82,0.3758,0.0557,0.253,89.3,0.191,0,7475.75,-8.56,10.56,0.0196,0.1891,1.4292,0,MSME_KIRANA_SEASONAL
CUST_SAL_02595,salaried_tier1,104430.05,0.0434,0.3723,0.3097,46.0,0.5364,0,6744.35,11.75,2.55,0.0337,0.0459,1.6312,0,ESTABLISHED_FAMILY_HIGH_DEBT
CUST_GIG_02596,gig_worker,24648.6,0.4242,0.0541,0.0249,29.0,0.1664,3,950.93,-7.12,24.75,0.1355,0.068,1.176,0,EARLY_CAREER_GIG
CUST_SAL_02597,salaried_tier1,32448.6,0.032,0.3153,0.0741,26.8,0.4795,0,5386.29,-12.22,7.05,0.0628,0.0218,1.9503,0,EARLY_CAREER_SALARIED
CUST_KIR_02598,kirana_msme,47030.83,0.1912,0.1472,0.2053,23.2,0.1827,0,10316.78,-3.63,5.04,0.0205,0.1412,0.8306,0,MSME_KIRANA_SEASONAL
CUST_SAL_02599,salaried_tier1,85793.66,0.0235,0.3591,0.1802,55.2,0.2787,1,16474.21,-3.68,8.25,0.0376,0.0866,1.5299,0,ESTABLISHED_FAMILY_HIGH_DEBT
CUST_SAL_02600,salaried_tier1,74823.55,0.098,0.2496,-0.0091,77.0,0.318,0,-7656.25,3.16,7.11,0.0553,0.0326,2.1864,0,EARLY_CAREER_SALARIED
CUST_GIG_02601,gig_worker,20895.1,0.3703,0.19,0.0159,42.0,0.2316,3,-1133.25,22.43,9.81,0.1664,0.1265,0.886,1,EARLY_CAREER_GIG
CUST_SAL_02602,salaried_tier1,56536.48,0.0313,0.3249,0.2785,92.0,0.5396,0,11005.84,-1.61,3.59,0.0126,0.0464,1.9958,0,EARLY_CAREER_SALARIED
CUST_GIG_02603,gig_worker,22727.17,0.618,0.1496,0.1027,36.8,0.1657,1,-3063.07,12.86,12.11,0.1762,0.0849,1.2788,0,EARLY_CAREER_GIG
CUST_KIR_02604,kirana_msme,43630.07,0.27,0.2937,0.2562,73.3,0.0772,0,-945.69,17.06,14.85,0.0009,0.1686,1.1797,0,MSME_KIRANA_SEASONAL
CUST_SAL_02605,salaried_tier1,68139.6,0.0831,0.4296,0.292,15.8,0.2545,0,25969.03,-35.61,8.8,0.042,0.033,2.7233,0,ESTABLISHED_FAMILY_HIGH_DEBT
CUST_KIR_02606,kirana_msme,38454.36,0.2457,0.0724,0.0616,50.7,0.102,0,4994.99,23.22,5.8,0.0149,0.2224,1.5119,0,MSME_KIRANA_SEASONAL
CUST_SAL_02607,salaried_tier1,25000.0,0.0288,0.2005,0.0216,98.2,0.2601,2,-2835.04,14.32,8.85,0.0604,0.0248,2.5532,0,EARLY_CAREER_SALARIED
CUST_SAL_02608,salaried_tier1,70103.26,0.0293,0.3417,0.238,32.3,0.4521,0,4500.94,1.99,4.8,0.0657,0.105,1.6945,0,EARLY_CAREER_SALARIED
CUST_GIG_02609,gig_worker,26119.61,0.3131,0.1115,0.1117,5.9,0.0984,0,3342.95,-8.87,11.56,0.1688,0.1201,1.187,0,EARLY_CAREER_GIG
CUST_SAL_02610,salaried_tier1,67861.94,0.0562,0.5482,0.2955,62.9,0.3175,0,15773.54,-5.64,10.44,0.0317,0.0953,2.7045,0,ESTABLISHED_FAMILY_HIGH_DEBT
CUST_RUR_02611,rural_agri,9032.6,0.6949,0.0385,0.1007,22.9,0.0343,0,722.13,4.0,1.82,0.0316,0.039,0.9584,0,RURAL_AGRI_ALLIED
CUST_SAL_02612,salaried_tier1,49984.48,0.0473,0.404,0.2462,31.8,0.4157,0,4652.12,15.8,7.31,0.0302,0.0862,1.7884,0,ESTABLISHED_FAMILY_HIGH_DEBT
CUST_SAL_02613,salaried_tier1,57989.73,0.0299,0.4068,0.2177,84.7,0.3669,0,-869.33,-0.18,11.58,0.0255,0.0322,1.5466,0,ESTABLISHED_FAMILY_HIGH_DEBT
CUST_GIG_02614,gig_worker,26274.55,0.5428,0.1956,-0.0917,24.2,0.2457,0,-1152.93,-0.47,10.23,0.1324,0.0642,0.6492,0,EARLY_CAREER_GIG
CUST_KIR_02615,kirana_msme,50934.17,0.2125,0.2695,0.1688,32.1,0.1144,0,13043.39,2.4,14.93,0.0108,0.1814,1.176,0,MSME_KIRANA_SEASONAL
CUST_SAL_02616,salaried_tier1,96788.09,0.0624,0.3215,0.2755,108.6,0.3862,0,7788.05,-31.18,7.04,0.0403,0.0462,2.1062,0,EARLY_CAREER_SALARIED
CUST_KIR_02617,kirana_msme,46843.18,0.4156,0.2399,0.1502,45.9,0.1575,0,1855.86,1.52,7.48,0.0185,0.2304,1.4006,0,MSME_KIRANA_SEASONAL
CUST_SAL_02618,salaried_tier1,111675.92,0.0272,0.4991,-0.0338,105.1,0.1611,0,-13650.89,-6.37,10.6,0.0788,0.0316,2.5404,1,ESTABLISHED_FAMILY_HIGH_DEBT
CUST_RUR_02619,rural_agri,16744.3,0.3317,0.2232,-0.0621,39.6,0.1051,0,-3397.6,-2.44,2.41,0.0453,0.0764,1.1989,0,RURAL_AGRI_ALLIED
CUST_KIR_02620,kirana_msme,18000.0,0.3993,0.2362,0.1191,21.2,0.0856,0,2424.37,28.22,18.17,0.0202,0.0839,0.879,0,MSME_KIRANA_SEASONAL
CUST_GIG_02621,gig_worker,27666.09,0.2933,0.0813,0.1149,19.2,0.1734,1,311.21,17.66,8.46,0.1075,0.07,1.199,0,EARLY_CAREER_GIG
CUST_RUR_02622,rural_agri,28170.29,0.4274,0.0616,0.0111,18.3,0.1119,1,1840.05,7.84,5.36,0.023,0.0189,0.6515,0,RURAL_AGRI_ALLIED
CUST_KIR_02623,kirana_msme,58822.09,0.2984,0.2788,0.0755,66.8,0.1829,0,-4435.95,24.22,14.13,0.0288,0.1767,0.9357,0,MSME_KIRANA_SEASONAL
CUST_RUR_02624,rural_agri,18547.55,0.3388,0.079,0.1465,41.1,0.1495,0,-356.12,-22.05,4.95,0.0108,0.0208,0.7779,0,RURAL_AGRI_ALLIED
CUST_KIR_02625,kirana_msme,44481.7,0.4083,0.272,0.0895,70.1,0.0916,0,1555.99,0.82,10.85,0.0104,0.1148,1.6747,0,MSME_KIRANA_SEASONAL
CUST_RUR_02626,rural_agri,8000.0,0.7581,0.0849,-0.0909,14.8,0.1166,1,-2960.83,34.13,4.32,0.0097,0.0184,1.1662,0,RURAL_AGRI_ALLIED
CUST_SAL_02627,salaried_tier1,75662.03,0.0892,0.441,0.2157,97.9,0.1916,0,-1644.69,22.75,3.45,0.0739,0.0422,1.5495,0,ESTABLISHED_FAMILY_HIGH_DEBT
CUST_GIG_02628,gig_worker,28646.83,0.4445,0.084,0.1251,3.4,0.0918,0,7693.82,0.64,16.16,0.1996,0.123,0.8975,0,EARLY_CAREER_GIG
CUST_KIR_02629,kirana_msme,56609.05,0.3923,0.1875,0.274,87.7,0.1207,0,4739.86,-9.08,24.79,0.0088,0.1735,1.3171,0,MSME_KIRANA_SEASONAL
CUST_KIR_02630,kirana_msme,19466.64,0.4063,0.2287,0.2566,34.0,0.0552,0,4944.11,8.05,8.59,0.0028,0.1533,1.1868,0,MSME_KIRANA_SEASONAL
CUST_GIG_02631,gig_worker,25014.88,0.6115,0.0311,-0.0018,9.9,0.2727,3,2681.8,15.39,14.11,0.0775,0.1332,0.96,1,EARLY_CAREER_GIG
CUST_GIG_02632,gig_worker,22516.11,0.5205,0.1794,-0.0354,16.1,0.2809,0,-5829.96,-6.64,17.17,0.0548,0.0774,1.0316,1,EARLY_CAREER_GIG
CUST_SAL_02633,salaried_tier1,90633.89,0.0991,0.4617,0.2885,113.6,0.4707,3,9532.61,20.38,8.62,0.0585,0.11,2.4715,1,ESTABLISHED_FAMILY_HIGH_DEBT
CUST_SAL_02634,salaried_tier1,41311.93,0.084,0.2926,0.0236,41.9,0.164,0,-4090.88,-2.26,10.66,0.0414,0.0826,2.2704,0,EARLY_CAREER_SALARIED
CUST_GIG_02635,gig_worker,13406.75,0.5071,0.0435,0.1434,6.2,0.1912,0,2704.34,12.5,16.57,0.0821,0.06,1.1408,0,EARLY_CAREER_GIG
CUST_GIG_02636,gig_worker,28249.65,0.444,0.0144,-0.1004,40.5,0.2126,0,-8070.19,-1.46,24.47,0.0862,0.0968,1.2334,0,EARLY_CAREER_GIG
CUST_RUR_02637,rural_agri,29181.17,0.5293,0.1013,0.0098,30.2,0.0682,1,-4667.67,26.1,4.94,0.0087,0.0543,0.5445,0,RURAL_AGRI_ALLIED
CUST_GIG_02638,gig_worker,19406.66,0.5209,0.038,-0.1128,42.1,0.1162,0,-2899.55,-27.32,17.41,0.1863,0.0617,0.7173,0,EARLY_CAREER_GIG
CUST_RUR_02639,rural_agri,24711.85,0.5794,0.0898,0.1552,7.9,0.0402,4,-4136.28,-5.57,4.92,0.0301,0.0394,1.0234,0,RURAL_AGRI_ALLIED
CUST_GIG_02640,gig_worker,24888.34,0.6327,0.1275,-0.1045,23.1,0.0927,1,-332.02,-14.77,15.39,0.1947,0.1429,1.0516,0,EARLY_CAREER_GIG
CUST_SAL_02641,salaried_tier1,71272.5,0.0763,0.2674,0.0263,80.5,0.3431,0,-4190.14,-16.12,3.36,0.0354,0.0459,1.6452,0,EARLY_CAREER_SALARIED
CUST_SAL_02642,salaried_tier1,91769.86,0.035,0.5179,0.2649,80.8,0.5136,0,23272.97,-3.68,2.86,0.0419,0.0706,2.0482,0,ESTABLISHED_FAMILY_HIGH_DEBT
CUST_GIG_02643,gig_worker,22418.63,0.3257,0.1518,0.0506,16.7,0.0901,0,-2324.06,4.04,27.8,0.0855,0.1262,1.2225,0,EARLY_CAREER_GIG
CUST_GIG_02644,gig_worker,23330.26,0.3441,0.1949,-0.077,40.1,0.1181,1,-2645.27,6.84,27.44,0.0614,0.0791,0.9702,0,EARLY_CAREER_GIG
CUST_SAL_02645,salaried_tier1,49528.0,0.0569,0.2511,0.2769,24.7,0.4319,0,-727.21,-4.56,6.93,0.0681,0.0645,1.8145,0,EARLY_CAREER_SALARIED
CUST_KIR_02646,kirana_msme,47635.87,0.2809,0.1911,0.1643,83.4,0.1187,0,6759.96,-23.01,17.46,0.023,0.2367,1.3971,0,MSME_KIRANA_SEASONAL
CUST_RUR_02647,rural_agri,25600.26,0.79,0.2428,-0.0311,32.3,0.0611,0,-3422.77,-7.99,1.38,0.0199,0.0355,0.5222,0,RURAL_AGRI_ALLIED
CUST_KIR_02648,kirana_msme,32368.05,0.362,0.1422,0.2505,31.7,0.0736,0,8834.85,0.41,7.86,0.0022,0.2369,1.7149,0,MSME_KIRANA_SEASONAL
CUST_KIR_02649,kirana_msme,50586.61,0.3204,0.0681,0.2258,57.6,0.1359,1,5579.98,20.01,18.14,0.0138,0.1044,0.9525,0,MSME_KIRANA_SEASONAL
CUST_KIR_02650,kirana_msme,18000.0,0.3089,0.1398,0.1193,58.6,0.1487,0,1786.83,-10.42,10.97,0.0112,0.1835,1.7544,0,MSME_KIRANA_SEASONAL
CUST_SAL_02651,salaried_tier1,68815.81,0.0427,0.1908,0.0321,33.5,0.245,0,-4389.71,-2.84,5.2,0.0492,0.0544,2.1238,0,EARLY_CAREER_SALARIED
CUST_KIR_02652,kirana_msme,39401.86,0.2534,0.2113,0.1797,37.0,0.1651,0,1987.17,6.04,18.52,0.0059,0.1858,1.0282,0,MSME_KIRANA_SEASONAL
CUST_KIR_02653,kirana_msme,46982.16,0.4393,0.0818,0.2772,33.5,0.0979,0,8206.72,23.23,22.06,0.0099,0.2133,1.0868,0,MSME_KIRANA_SEASONAL
CUST_SAL_02654,salaried_tier1,100400.42,0.0322,0.4053,0.2595,94.9,0.5354,0,18111.37,11.29,6.77,0.0317,0.051,1.9495,0,ESTABLISHED_FAMILY_HIGH_DEBT
CUST_GIG_02655,gig_worker,19657.93,0.4536,0.1582,-0.1286,29.7,0.1129,3,-5828.98,9.81,26.99,0.048,0.0886,1.4089,0,EARLY_CAREER_GIG
CUST_KIR_02656,kirana_msme,56163.3,0.3432,0.1929,0.2563,55.0,0.0905,0,3825.42,7.31,17.02,0.0189,0.237,1.7571,0,MSME_KIRANA_SEASONAL
CUST_RUR_02657,rural_agri,19932.23,0.4065,0.1133,-0.0488,17.2,0.0553,0,-5893.35,0.83,4.95,0.011,0.0392,0.5942,1,RURAL_AGRI_ALLIED
CUST_RUR_02658,rural_agri,27125.64,0.7501,0.0722,-0.0037,10.5,0.1229,0,-1596.9,29.24,5.61,0.0376,0.0137,0.8367,0,RURAL_AGRI_ALLIED
CUST_SAL_02659,salaried_tier1,75837.01,0.0473,0.2603,0.0107,112.7,0.2207,0,-4505.7,6.79,9.71,0.0723,0.1011,1.7505,0,EARLY_CAREER_SALARIED
CUST_GIG_02660,gig_worker,12471.2,0.301,0.0067,-0.055,10.3,0.1863,0,-5317.19,20.26,25.54,0.1866,0.1457,0.7241,1,EARLY_CAREER_GIG
CUST_KIR_02661,kirana_msme,51995.0,0.2491,0.0891,0.1093,78.8,0.1544,0,6632.25,-20.53,10.32,0.0219,0.1525,0.8294,0,MSME_KIRANA_SEASONAL
CUST_RUR_02662,rural_agri,21861.72,0.7506,0.0076,0.0443,23.1,0.0913,1,-972.1,20.66,4.8,0.0238,0.0794,0.64,0,RURAL_AGRI_ALLIED
CUST_SAL_02663,salaried_tier1,76965.36,0.0532,0.3168,0.3142,71.5,0.2915,0,17140.68,-1.91,5.06,0.0309,0.0596,2.3056,0,EARLY_CAREER_SALARIED
CUST_GIG_02664,gig_worker,32901.28,0.5447,0.075,0.112,25.8,0.1765,2,3812.43,18.44,25.2,0.1216,0.138,0.8192,0,EARLY_CAREER_GIG
CUST_GIG_02665,gig_worker,27104.24,0.4276,0.0997,0.0844,15.0,0.1441,1,-725.47,14.92,24.46,0.1363,0.0947,0.7157,0,EARLY_CAREER_GIG
CUST_SAL_02666,salaried_tier1,66274.77,0.0511,0.2485,0.2517,82.1,0.2327,0,21202.96,9.91,2.59,0.0641,0.1053,2.6469,0,EARLY_CAREER_SALARIED
CUST_SAL_02667,salaried_tier1,69165.87,0.0605,0.3926,0.0823,112.2,0.258,0,-8755.22,33.76,4.67,0.0232,0.1157,2.1447,0,ESTABLISHED_FAMILY_HIGH_DEBT
CUST_GIG_02668,gig_worker,16936.65,0.5462,0.0283,0.0997,31.6,0.1649,0,1044.63,-10.54,26.08,0.0501,0.0866,0.7341,0,EARLY_CAREER_GIG
CUST_GIG_02669,gig_worker,16129.73,0.3673,0.0184,-0.0815,26.3,0.2458,2,1441.88,40.0,10.51,0.1615,0.0998,1.3143,0,EARLY_CAREER_GIG
CUST_KIR_02670,kirana_msme,25539.79,0.3137,0.1386,0.2769,86.5,0.197,0,4831.69,0.75,19.12,0.0288,0.1784,1.7859,0,MSME_KIRANA_SEASONAL
CUST_GIG_02671,gig_worker,26541.8,0.466,0.0374,0.0081,32.7,0.2494,0,-1803.0,-2.42,26.53,0.1615,0.0625,0.7956,0,EARLY_CAREER_GIG
CUST_KIR_02672,kirana_msme,56970.72,0.412,0.1496,0.0522,33.1,0.1864,0,-5539.99,6.89,11.08,0.0091,0.2294,1.2533,0,MSME_KIRANA_SEASONAL
CUST_GIG_02673,gig_worker,16591.41,0.3515,0.0716,0.0463,37.3,0.2003,0,461.26,15.39,10.55,0.045,0.1008,1.0016,0,EARLY_CAREER_GIG
CUST_SAL_02674,salaried_tier1,73798.44,0.0702,0.2959,-0.0096,63.4,0.5199,0,-4423.82,12.02,8.49,0.0426,0.1131,1.7399,0,EARLY_CAREER_SALARIED
CUST_RUR_02675,rural_agri,26321.38,0.3124,0.0307,0.0038,39.1,0.0839,0,-1955.48,7.17,3.62,0.0262,0.0163,0.9124,0,RURAL_AGRI_ALLIED
CUST_SAL_02676,salaried_tier1,87469.18,0.0454,0.3523,0.0865,107.4,0.5476,0,-12882.03,-0.18,4.19,0.0513,0.0374,1.5307,0,ESTABLISHED_FAMILY_HIGH_DEBT
CUST_KIR_02677,kirana_msme,31611.27,0.421,0.0588,0.2323,65.7,0.1474,0,12615.43,-11.98,18.78,0.0249,0.067,0.8157,0,MSME_KIRANA_SEASONAL
CUST_SAL_02678,salaried_tier1,96702.45,0.0733,0.2772,0.0059,98.4,0.2796,0,-3219.67,-17.19,4.47,0.0689,0.0343,2.2428,0,EARLY_CAREER_SALARIED
CUST_SAL_02679,salaried_tier1,78566.7,0.0833,0.3334,-0.0481,37.6,0.5497,0,6057.42,-9.17,11.05,0.0114,0.086,2.3063,0,EARLY_CAREER_SALARIED
CUST_KIR_02680,kirana_msme,54263.11,0.2619,0.0668,0.0742,30.4,0.1848,0,-4827.61,11.16,21.35,0.0251,0.1074,1.716,0,MSME_KIRANA_SEASONAL
CUST_SAL_02681,salaried_tier1,74479.17,0.0243,0.5386,-0.0267,33.8,0.4213,0,-33282.02,4.85,3.54,0.0143,0.0451,1.6389,1,ESTABLISHED_FAMILY_HIGH_DEBT
CUST_RUR_02682,rural_agri,11165.87,0.608,0.0577,-0.0596,53.3,0.1061,0,-5277.64,19.32,4.31,0.0076,0.0778,1.1727,0,RURAL_AGRI_ALLIED
CUST_SAL_02683,salaried_tier1,88034.7,0.0453,0.4132,0.0773,38.4,0.1824,0,-28171.17,8.58,9.36,0.0244,0.0499,1.8978,0,ESTABLISHED_FAMILY_HIGH_DEBT
CUST_KIR_02684,kirana_msme,70564.87,0.364,0.2698,0.2043,49.8,0.0668,0,27677.6,23.79,19.53,0.0158,0.1272,0.9283,0,MSME_KIRANA_SEASONAL
CUST_KIR_02685,kirana_msme,44893.81,0.4341,0.2902,0.2534,81.7,0.1539,0,6958.55,14.23,19.94,0.0283,0.1641,1.3751,0,MSME_KIRANA_SEASONAL
CUST_SAL_02686,salaried_tier1,51347.95,0.0801,0.2435,0.0479,82.6,0.4656,0,-5637.32,7.13,4.11,0.0277,0.0837,2.6505,1,EARLY_CAREER_SALARIED
CUST_SAL_02687,salaried_tier1,54949.41,0.0243,0.3572,-0.0331,58.7,0.1571,0,-1826.63,5.96,3.12,0.018,0.1027,2.0055,0,ESTABLISHED_FAMILY_HIGH_DEBT
CUST_KIR_02688,kirana_msme,41019.4,0.2086,0.2104,0.1289,53.3,0.1754,0,2298.36,12.67,23.85,0.0017,0.062,1.4197,0,MSME_KIRANA_SEASONAL
CUST_KIR_02689,kirana_msme,34867.22,0.1796,0.1406,0.0611,47.2,0.1333,1,-6026.07,12.02,21.44,0.0068,0.0674,1.6184,0,MSME_KIRANA_SEASONAL
CUST_KIR_02690,kirana_msme,30163.03,0.2982,0.0876,0.1555,24.4,0.1785,0,1826.03,7.17,22.26,0.0226,0.2465,1.7393,0,MSME_KIRANA_SEASONAL
CUST_KIR_02691,kirana_msme,18243.62,0.2807,0.2781,0.1847,26.5,0.1906,0,4665.39,17.07,24.42,0.0263,0.1854,1.6926,0,MSME_KIRANA_SEASONAL
CUST_GIG_02692,gig_worker,10000.0,0.364,0.1462,0.0378,27.6,0.2236,1,-987.46,-4.95,10.11,0.0917,0.0617,1.2735,0,EARLY_CAREER_GIG
CUST_SAL_02693,salaried_tier1,59372.1,0.0417,0.4631,-0.0294,84.3,0.5198,0,-5817.52,-10.14,9.92,0.0256,0.0781,2.4265,1,ESTABLISHED_FAMILY_HIGH_DEBT
CUST_KIR_02694,kirana_msme,50379.3,0.3884,0.269,0.1571,46.1,0.1531,0,-4925.79,5.57,10.95,0.016,0.1389,1.0533,0,MSME_KIRANA_SEASONAL
CUST_RUR_02695,rural_agri,17658.3,0.325,0.1829,0.1052,38.0,0.0903,4,690.69,24.35,3.31,0.0282,0.0116,0.5839,0,RURAL_AGRI_ALLIED
CUST_KIR_02696,kirana_msme,60939.82,0.3434,0.2415,0.2511,68.3,0.1624,0,8610.76,10.13,16.33,0.0057,0.2155,1.3505,0,MSME_KIRANA_SEASONAL
CUST_GIG_02697,gig_worker,29217.4,0.6401,0.1604,0.0357,26.8,0.1877,0,-5594.41,15.56,16.13,0.1906,0.0811,0.9132,0,EARLY_CAREER_GIG
CUST_KIR_02698,kirana_msme,20036.52,0.2643,0.1439,0.2287,40.7,0.1595,0,2874.94,35.76,7.71,0.0192,0.1222,1.1361,0,MSME_KIRANA_SEASONAL
CUST_GIG_02699,gig_worker,28488.16,0.4098,0.0615,0.1157,8.7,0.1073,3,-96.08,-6.9,10.97,0.121,0.0356,0.7881,1,EARLY_CAREER_GIG
CUST_GIG_02700,gig_worker,12759.69,0.6122,0.0541,0.0413,42.7,0.1682,0,609.23,-9.32,27.26,0.1598,0.1403,0.6615,0,EARLY_CAREER_GIG
CUST_KIR_02701,kirana_msme,18000.0,0.3233,0.0766,0.1273,64.7,0.065,0,-48.85,10.34,17.47,0.0056,0.0566,1.3106,0,MSME_KIRANA_SEASONAL
CUST_RUR_02702,rural_agri,18674.03,0.6867,0.2273,-0.0432,31.9,0.107,0,-496.34,22.25,4.38,0.0211,0.0162,1.0178,0,RURAL_AGRI_ALLIED
CUST_SAL_02703,salaried_tier1,92857.41,0.0911,0.485,0.1438,23.8,0.2987,0,-2469.35,32.52,7.65,0.0549,0.0982,2.7483,0,ESTABLISHED_FAMILY_HIGH_DEBT
CUST_SAL_02704,salaried_tier1,84237.73,0.053,0.3696,0.0729,62.3,0.2336,0,2455.39,-1.84,7.47,0.0126,0.0822,2.1395,0,ESTABLISHED_FAMILY_HIGH_DEBT
CUST_GIG_02705,gig_worker,13398.88,0.341,0.17,-0.0216,28.7,0.2151,0,-5134.24,-6.08,24.45,0.1681,0.0801,1.1034,0,EARLY_CAREER_GIG
CUST_RUR_02706,rural_agri,18693.76,0.7501,0.1625,0.1008,13.7,0.0844,0,-1985.37,12.93,1.26,0.027,0.0738,1.0481,0,RURAL_AGRI_ALLIED
CUST_SAL_02707,salaried_tier1,76904.46,0.0946,0.5248,0.046,28.4,0.4263,0,-903.24,-10.76,8.84,0.0143,0.0247,1.9257,1,ESTABLISHED_FAMILY_HIGH_DEBT
CUST_SAL_02708,salaried_tier1,70176.27,0.0729,0.4119,-0.0474,68.8,0.4768,0,-9934.93,-3.57,10.48,0.0775,0.0479,1.7961,1,ESTABLISHED_FAMILY_HIGH_DEBT
CUST_SAL_02709,salaried_tier1,72256.71,0.0811,0.4175,0.1009,81.4,0.4845,0,5471.0,-25.7,6.63,0.0378,0.0952,1.6054,0,ESTABLISHED_FAMILY_HIGH_DEBT
CUST_SAL_02710,salaried_tier1,62767.0,0.0405,0.5062,-0.0048,16.9,0.2076,0,7415.47,4.67,8.25,0.0414,0.0404,2.1995,1,ESTABLISHED_FAMILY_HIGH_DEBT
CUST_GIG_02711,gig_worker,10000.0,0.3382,0.0161,-0.1421,7.4,0.2433,0,-1706.59,9.11,18.16,0.1211,0.0814,0.6247,0,EARLY_CAREER_GIG
CUST_KIR_02712,kirana_msme,31645.63,0.2642,0.089,0.2384,62.0,0.0629,0,10451.86,6.61,14.05,0.0097,0.1788,1.7036,0,MSME_KIRANA_SEASONAL
CUST_KIR_02713,kirana_msme,58263.26,0.3578,0.1461,0.242,82.9,0.1217,0,11223.61,22.21,8.31,0.0038,0.1115,1.6809,0,MSME_KIRANA_SEASONAL
CUST_KIR_02714,kirana_msme,37103.88,0.3408,0.2178,0.2536,47.9,0.0629,0,5121.82,34.16,5.34,0.0234,0.1307,0.921,0,MSME_KIRANA_SEASONAL
CUST_SAL_02715,salaried_tier1,55536.18,0.0402,0.2277,0.341,92.6,0.3306,0,12549.37,1.9,10.13,0.0762,0.0231,1.6506,0,EARLY_CAREER_SALARIED
CUST_SAL_02716,salaried_tier1,62957.4,0.0817,0.3376,0.283,38.7,0.4214,0,10272.61,-0.38,3.33,0.0666,0.0856,1.6167,0,EARLY_CAREER_SALARIED
CUST_GIG_02717,gig_worker,17120.11,0.6185,0.1829,0.0159,29.5,0.2237,0,541.26,5.92,10.72,0.1872,0.1169,0.9288,0,EARLY_CAREER_GIG
CUST_RUR_02718,rural_agri,26419.71,0.4719,0.161,-0.0503,35.7,0.0653,0,-5642.88,17.24,4.01,0.0492,0.0568,0.9335,0,RURAL_AGRI_ALLIED
CUST_RUR_02719,rural_agri,20316.41,0.5557,0.2355,0.0851,44.3,0.0404,2,2785.7,-15.22,1.14,0.0425,0.0584,0.6853,0,RURAL_AGRI_ALLIED
CUST_SAL_02720,salaried_tier1,47067.22,0.0537,0.4835,-0.0041,24.6,0.5108,0,-7202.2,-4.31,2.8,0.0579,0.057,1.569,1,ESTABLISHED_FAMILY_HIGH_DEBT
CUST_RUR_02721,rural_agri,18116.77,0.5818,0.0355,-0.0992,9.4,0.0929,1,-4343.39,4.12,4.16,0.0309,0.0758,0.565,0,RURAL_AGRI_ALLIED
CUST_GIG_02722,gig_worker,10000.0,0.4534,0.0301,0.0514,4.0,0.1318,0,-606.34,-13.67,10.9,0.1814,0.0449,1.4441,0,EARLY_CAREER_GIG
CUST_GIG_02723,gig_worker,17916.9,0.4857,0.1482,0.1448,32.5,0.2036,0,-540.32,4.31,20.02,0.067,0.1105,1.1356,0,EARLY_CAREER_GIG
CUST_KIR_02724,kirana_msme,32009.76,0.3342,0.0661,0.053,29.1,0.0753,0,-5771.29,9.71,13.94,0.0141,0.1789,1.5739,0,MSME_KIRANA_SEASONAL
CUST_KIR_02725,kirana_msme,56514.77,0.3458,0.1615,0.1596,52.6,0.0967,0,139.91,-4.91,14.68,0.014,0.2372,1.3679,0,MSME_KIRANA_SEASONAL
CUST_KIR_02726,kirana_msme,19007.21,0.4461,0.1538,0.067,48.8,0.0982,0,-1805.01,19.17,5.72,0.0029,0.1066,1.0261,0,MSME_KIRANA_SEASONAL
CUST_SAL_02727,salaried_tier1,77628.6,0.0594,0.264,0.2589,15.9,0.5196,1,15434.24,-5.22,4.78,0.0123,0.12,2.2083,0,EARLY_CAREER_SALARIED
CUST_SAL_02728,salaried_tier1,64023.1,0.0287,0.5149,0.0822,92.0,0.1839,0,-7057.97,22.38,10.43,0.0241,0.0618,2.3833,0,ESTABLISHED_FAMILY_HIGH_DEBT
CUST_SAL_02729,salaried_tier1,51017.14,0.0634,0.5038,0.2972,76.4,0.5483,0,11558.55,-13.72,9.75,0.0199,0.1173,2.1222,0,ESTABLISHED_FAMILY_HIGH_DEBT
CUST_KIR_02730,kirana_msme,34635.11,0.3233,0.1573,0.0983,76.6,0.0593,0,-3942.95,12.14,14.92,0.0114,0.1641,1.0749,0,MSME_KIRANA_SEASONAL
CUST_GIG_02731,gig_worker,19894.94,0.4408,0.0492,0.0766,38.5,0.2923,0,2500.73,7.65,16.92,0.1336,0.0718,1.2036,0,EARLY_CAREER_GIG
CUST_KIR_02732,kirana_msme,56918.19,0.2585,0.077,0.2833,85.7,0.1163,0,14226.62,10.48,19.17,0.0002,0.0715,1.6924,0,MSME_KIRANA_SEASONAL
CUST_SAL_02733,salaried_tier1,55632.17,0.0482,0.2578,0.2713,67.5,0.2614,0,5111.07,22.13,2.49,0.0603,0.0313,1.5518,0,EARLY_CAREER_SALARIED
CUST_RUR_02734,rural_agri,8878.85,0.7365,0.2162,0.164,36.5,0.1443,2,-745.19,-7.58,3.96,0.0061,0.0486,0.7909,0,RURAL_AGRI_ALLIED
CUST_RUR_02735,rural_agri,16660.17,0.5407,0.1501,-0.0085,48.6,0.0925,1,-3572.15,-0.31,4.98,0.0312,0.0704,0.6947,0,RURAL_AGRI_ALLIED
CUST_GIG_02736,gig_worker,21218.42,0.4078,0.1789,0.0171,16.9,0.2443,0,-2581.54,-3.83,20.02,0.1292,0.1029,0.9331,0,EARLY_CAREER_GIG
CUST_RUR_02737,rural_agri,26370.84,0.4206,0.0921,0.1377,32.6,0.132,1,-3340.06,-12.17,0.69,0.0375,0.0785,0.9402,0,RURAL_AGRI_ALLIED
CUST_KIR_02738,kirana_msme,33810.45,0.1833,0.1041,0.1871,59.0,0.1409,0,2295.19,2.05,21.04,0.028,0.104,1.2952,0,MSME_KIRANA_SEASONAL
CUST_RUR_02739,rural_agri,21076.24,0.3575,0.1383,-0.0883,47.3,0.1447,0,-7929.65,-2.8,2.96,0.031,0.0232,0.6808,0,RURAL_AGRI_ALLIED
CUST_SAL_02740,salaried_tier1,68213.43,0.0292,0.4293,0.017,100.8,0.3381,0,-7281.91,-1.0,3.47,0.0542,0.0455,1.7426,0,ESTABLISHED_FAMILY_HIGH_DEBT
CUST_KIR_02741,kirana_msme,55426.93,0.4318,0.158,0.2794,81.8,0.0749,0,5711.57,30.05,15.52,0.0102,0.1126,1.2774,0,MSME_KIRANA_SEASONAL
CUST_SAL_02742,salaried_tier1,73284.6,0.0941,0.4554,0.0267,24.2,0.3462,2,-9543.02,9.37,7.63,0.02,0.0914,2.5648,1,ESTABLISHED_FAMILY_HIGH_DEBT
CUST_SAL_02743,salaried_tier1,80429.35,0.0703,0.253,0.2045,107.4,0.3768,0,9867.85,13.85,8.61,0.014,0.0925,2.4534,0,EARLY_CAREER_SALARIED
CUST_SAL_02744,salaried_tier1,66890.45,0.0975,0.2743,0.2231,22.9,0.208,1,11949.47,0.65,7.33,0.0338,0.0651,2.6619,0,EARLY_CAREER_SALARIED
CUST_GIG_02745,gig_worker,30230.81,0.6241,0.0186,0.0911,30.1,0.1308,1,-2781.52,2.69,10.84,0.1154,0.121,1.2551,0,EARLY_CAREER_GIG
CUST_GIG_02746,gig_worker,20267.85,0.3372,0.101,-0.1076,19.1,0.1405,1,-5947.88,-1.35,9.9,0.1921,0.1194,1.2297,1,EARLY_CAREER_GIG
CUST_GIG_02747,gig_worker,29978.86,0.4023,0.1037,0.0727,5.0,0.092,0,-756.47,3.98,8.13,0.1359,0.1255,0.7318,0,EARLY_CAREER_GIG
CUST_SAL_02748,salaried_tier1,83132.68,0.0876,0.3999,0.0593,110.4,0.2214,0,-7540.56,13.21,7.64,0.0273,0.0871,2.5356,0,ESTABLISHED_FAMILY_HIGH_DEBT
CUST_RUR_02749,rural_agri,27148.79,0.4039,0.1053,-0.0231,5.7,0.1378,0,-3234.38,23.14,2.41,0.0139,0.0759,1.0367,0,RURAL_AGRI_ALLIED
CUST_GIG_02750,gig_worker,17481.91,0.4755,0.054,0.1004,28.2,0.1335,2,2525.82,6.16,17.9,0.0359,0.1392,1.1228,0,EARLY_CAREER_GIG
CUST_KIR_02751,kirana_msme,18000.0,0.2304,0.1936,0.082,84.3,0.0764,0,-2110.66,-7.75,9.52,0.0167,0.203,1.1069,0,MSME_KIRANA_SEASONAL
CUST_GIG_02752,gig_worker,29223.04,0.5393,0.1425,-0.0693,36.3,0.1589,0,-6285.45,29.26,10.43,0.1015,0.032,0.8588,0,EARLY_CAREER_GIG
CUST_SAL_02753,salaried_tier1,66926.97,0.0336,0.1967,0.1309,76.0,0.4781,3,-12527.64,15.08,4.21,0.0624,0.0737,2.5066,0,EARLY_CAREER_SALARIED
CUST_KIR_02754,kirana_msme,60661.26,0.1535,0.2663,0.2483,40.9,0.0938,0,17451.16,-1.08,18.37,0.0056,0.2347,0.8509,0,MSME_KIRANA_SEASONAL
CUST_RUR_02755,rural_agri,8297.43,0.3462,0.0079,0.0356,56.9,0.1401,2,-1591.08,12.48,5.21,0.0258,0.0226,0.94,0,RURAL_AGRI_ALLIED
CUST_SAL_02756,salaried_tier1,57697.97,0.038,0.3036,0.3259,105.3,0.5284,0,11139.25,-15.48,3.1,0.074,0.0357,1.5365,0,EARLY_CAREER_SALARIED
CUST_KIR_02757,kirana_msme,31928.12,0.2187,0.1443,0.2143,52.9,0.1917,0,5855.05,-13.35,15.72,0.0135,0.2074,0.9991,0,MSME_KIRANA_SEASONAL
CUST_RUR_02758,rural_agri,17556.29,0.6851,0.2474,0.0732,31.4,0.114,0,1109.04,25.99,2.22,0.0082,0.0527,0.8418,0,RURAL_AGRI_ALLIED
CUST_GIG_02759,gig_worker,20617.7,0.5619,0.0735,0.0386,38.7,0.1364,0,-216.84,19.14,23.81,0.1485,0.1224,1.0323,0,EARLY_CAREER_GIG
CUST_SAL_02760,salaried_tier1,47749.01,0.0503,0.2826,-0.0461,32.8,0.1736,0,5904.77,17.63,10.46,0.0673,0.0421,2.6181,0,EARLY_CAREER_SALARIED
CUST_SAL_02761,salaried_tier1,62093.22,0.0425,0.3243,0.3072,83.7,0.295,0,12697.33,-1.24,5.0,0.0531,0.0462,2.5626,0,EARLY_CAREER_SALARIED
CUST_SAL_02762,salaried_tier1,52910.21,0.07,0.438,-0.0178,19.6,0.4696,0,-13443.93,23.04,8.77,0.0626,0.0579,2.581,1,ESTABLISHED_FAMILY_HIGH_DEBT
CUST_GIG_02763,gig_worker,20840.04,0.5462,0.1065,0.0545,15.3,0.0871,0,-4008.09,-11.46,26.89,0.0659,0.0477,1.4485,0,EARLY_CAREER_GIG
CUST_KIR_02764,kirana_msme,54701.73,0.1743,0.2243,0.1801,29.3,0.1609,0,9445.98,22.13,7.98,0.0282,0.1896,0.9772,0,MSME_KIRANA_SEASONAL
CUST_SAL_02765,salaried_tier1,80000.88,0.0836,0.4079,0.3048,102.1,0.2291,0,33702.64,19.99,4.2,0.034,0.0229,1.5846,0,ESTABLISHED_FAMILY_HIGH_DEBT
CUST_RUR_02766,rural_agri,18379.6,0.7915,0.2218,0.167,12.1,0.087,4,3602.72,7.89,3.66,0.0172,0.0372,0.6043,0,RURAL_AGRI_ALLIED
CUST_KIR_02767,kirana_msme,56483.8,0.3087,0.2479,0.2927,87.7,0.1684,0,18635.05,0.26,5.89,0.0069,0.1181,0.9632,0,MSME_KIRANA_SEASONAL
CUST_SAL_02768,salaried_tier1,69063.19,0.0301,0.4471,0.0831,85.6,0.503,0,-8214.54,8.23,8.45,0.0137,0.0514,2.7857,1,ESTABLISHED_FAMILY_HIGH_DEBT
CUST_KIR_02769,kirana_msme,48993.16,0.3862,0.2339,0.2721,73.9,0.093,0,7676.04,10.25,8.62,0.0049,0.0818,1.6423,0,MSME_KIRANA_SEASONAL
CUST_GIG_02770,gig_worker,26502.95,0.5008,0.0552,-0.0818,13.5,0.2407,0,-7337.51,14.65,8.45,0.1844,0.1203,0.8502,0,EARLY_CAREER_GIG
CUST_SAL_02771,salaried_tier1,90279.15,0.0444,0.2758,0.2879,97.6,0.2676,0,3996.41,20.34,9.6,0.017,0.0872,1.9649,0,EARLY_CAREER_SALARIED
CUST_SAL_02772,salaried_tier1,37223.73,0.094,0.158,0.172,54.1,0.3344,0,1516.21,4.74,4.04,0.0576,0.0219,2.1952,0,EARLY_CAREER_SALARIED
CUST_RUR_02773,rural_agri,8000.0,0.5758,0.129,0.0048,40.8,0.145,0,-451.36,16.23,1.86,0.0381,0.0554,1.0502,0,RURAL_AGRI_ALLIED
CUST_KIR_02774,kirana_msme,35431.02,0.1749,0.2315,0.261,48.4,0.1035,0,205.41,-15.45,10.88,0.011,0.1537,0.8756,0,MSME_KIRANA_SEASONAL
CUST_KIR_02775,kirana_msme,56791.73,0.1581,0.2201,0.2062,84.7,0.1468,0,6543.1,-6.17,10.36,0.0179,0.1539,1.5698,0,MSME_KIRANA_SEASONAL
CUST_KIR_02776,kirana_msme,29515.9,0.3673,0.2802,0.1077,25.2,0.2,0,-3218.87,1.7,7.88,0.024,0.2127,1.6865,0,MSME_KIRANA_SEASONAL
CUST_SAL_02777,salaried_tier1,46642.43,0.098,0.2952,0.2545,99.5,0.3044,0,3282.88,22.88,5.97,0.0777,0.0369,1.6401,0,EARLY_CAREER_SALARIED
CUST_SAL_02778,salaried_tier1,93410.6,0.0883,0.1616,0.2585,107.7,0.1565,0,31087.06,7.86,2.51,0.0392,0.0844,1.9532,0,EARLY_CAREER_SALARIED
CUST_KIR_02779,kirana_msme,40734.36,0.3363,0.1407,0.1671,80.3,0.1604,0,4769.16,13.97,10.79,0.0234,0.148,1.116,0,MSME_KIRANA_SEASONAL
CUST_SAL_02780,salaried_tier1,30993.85,0.0491,0.5389,0.1436,90.6,0.3408,0,1505.28,-22.99,10.48,0.015,0.0479,2.5353,0,ESTABLISHED_FAMILY_HIGH_DEBT
CUST_SAL_02781,salaried_tier1,60550.3,0.0838,0.3972,0.0657,51.2,0.2232,0,-262.97,4.96,5.76,0.0581,0.0714,2.4324,0,ESTABLISHED_FAMILY_HIGH_DEBT
CUST_RUR_02782,rural_agri,13342.78,0.624,0.0498,-0.0593,24.8,0.0767,2,-485.09,19.85,0.95,0.0317,0.0428,0.8221,0,RURAL_AGRI_ALLIED
CUST_RUR_02783,rural_agri,15672.64,0.7646,0.1903,-0.0777,36.8,0.0672,1,-6583.18,4.71,3.23,0.0036,0.0471,1.0201,0,RURAL_AGRI_ALLIED
CUST_GIG_02784,gig_worker,39438.75,0.4525,0.0304,0.1297,30.3,0.1497,3,-405.26,-3.34,10.87,0.1414,0.0972,1.3943,0,EARLY_CAREER_GIG
CUST_RUR_02785,rural_agri,8000.0,0.7174,0.0244,0.1742,51.2,0.1186,0,1228.86,17.65,2.91,0.0317,0.0319,1.0005,0,RURAL_AGRI_ALLIED
CUST_SAL_02786,salaried_tier1,43420.2,0.0428,0.356,0.0818,15.5,0.1663,0,1976.39,25.74,11.28,0.041,0.0958,1.6088,0,ESTABLISHED_FAMILY_HIGH_DEBT
CUST_RUR_02787,rural_agri,25876.28,0.687,0.2271,-0.0552,12.5,0.0447,0,-6684.81,-11.63,3.04,0.0129,0.0535,0.8426,0,RURAL_AGRI_ALLIED
CUST_SAL_02788,salaried_tier1,72595.54,0.0724,0.4532,0.3116,95.4,0.2443,0,7578.6,14.83,9.9,0.0648,0.092,2.6896,0,ESTABLISHED_FAMILY_HIGH_DEBT
CUST_RUR_02789,rural_agri,16260.75,0.4732,0.14,0.039,30.3,0.0964,0,-2809.49,12.0,4.15,0.0395,0.0435,0.675,0,RURAL_AGRI_ALLIED
CUST_RUR_02790,rural_agri,18200.14,0.3049,0.1655,0.0524,12.0,0.0951,3,-2296.32,-0.01,5.9,0.048,0.065,0.7383,0,RURAL_AGRI_ALLIED
CUST_GIG_02791,gig_worker,26966.69,0.3965,0.0194,-0.1042,32.8,0.1643,0,-5873.4,1.11,17.77,0.1265,0.0485,1.3324,0,EARLY_CAREER_GIG
CUST_RUR_02792,rural_agri,29775.56,0.6661,0.0653,0.1555,10.8,0.0437,2,1941.68,-11.7,4.39,0.0005,0.0166,0.6711,0,RURAL_AGRI_ALLIED
CUST_GIG_02793,gig_worker,22752.73,0.3822,0.1605,0.0956,28.8,0.1445,0,-1383.85,29.12,9.39,0.0865,0.1287,1.232,0,EARLY_CAREER_GIG
CUST_SAL_02794,salaried_tier1,71611.16,0.028,0.4946,-0.0074,108.5,0.2955,0,-9743.35,26.41,2.1,0.0286,0.1108,2.6005,1,ESTABLISHED_FAMILY_HIGH_DEBT
CUST_KIR_02795,kirana_msme,51229.77,0.1719,0.2293,0.131,52.6,0.0749,0,-3567.22,11.32,12.67,0.0196,0.0858,1.1376,0,MSME_KIRANA_SEASONAL
CUST_GIG_02796,gig_worker,15297.64,0.5248,0.0036,0.0913,15.8,0.1058,0,261.48,10.96,23.48,0.0704,0.1456,1.4668,0,EARLY_CAREER_GIG
CUST_SAL_02797,salaried_tier1,90892.66,0.0505,0.3107,0.1998,56.8,0.1665,0,14607.19,17.32,6.24,0.0312,0.0521,2.3332,0,EARLY_CAREER_SALARIED
CUST_GIG_02798,gig_worker,27168.69,0.5532,0.0504,-0.1195,35.0,0.1017,3,-3759.68,17.48,18.67,0.0899,0.0932,1.3876,0,EARLY_CAREER_GIG
CUST_RUR_02799,rural_agri,16346.55,0.4566,0.1277,-0.0435,13.5,0.0317,3,-2116.14,17.74,2.51,0.0103,0.0619,0.5393,1,RURAL_AGRI_ALLIED
CUST_SAL_02800,salaried_tier1,97929.2,0.0526,0.4045,-0.0039,86.9,0.1916,1,10198.16,-31.9,7.3,0.0509,0.0976,2.1574,0,ESTABLISHED_FAMILY_HIGH_DEBT
CUST_GIG_02801,gig_worker,17858.13,0.3261,0.0001,0.1108,35.1,0.1281,0,-642.71,13.29,16.25,0.1619,0.0783,1.0429,0,EARLY_CAREER_GIG
CUST_RUR_02802,rural_agri,20565.77,0.4394,0.2175,0.1811,51.7,0.0778,4,-2494.65,-3.46,2.46,0.0047,0.0567,1.0145,0,RURAL_AGRI_ALLIED
CUST_RUR_02803,rural_agri,21017.2,0.4631,0.0755,0.171,11.5,0.142,2,1566.24,3.4,0.96,0.001,0.0363,0.7736,0,RURAL_AGRI_ALLIED
CUST_RUR_02804,rural_agri,24944.75,0.5865,0.2419,0.1185,55.3,0.0591,2,4018.63,-13.29,5.58,0.0255,0.0296,0.9185,0,RURAL_AGRI_ALLIED
CUST_KIR_02805,kirana_msme,42612.14,0.4178,0.098,0.122,79.7,0.1009,1,-6770.42,3.44,13.84,0.0029,0.2484,1.0689,0,MSME_KIRANA_SEASONAL
CUST_RUR_02806,rural_agri,12463.98,0.7339,0.1191,0.1961,35.3,0.0335,0,871.94,10.51,0.64,0.0207,0.0209,1.0026,0,RURAL_AGRI_ALLIED
CUST_GIG_02807,gig_worker,34096.38,0.4086,0.1126,0.0132,34.9,0.2685,1,908.99,25.26,24.57,0.0512,0.0909,1.4818,0,EARLY_CAREER_GIG
CUST_SAL_02808,salaried_tier1,46314.22,0.0908,0.5228,0.1519,16.9,0.4764,0,1101.54,-5.09,3.89,0.0206,0.0886,1.5975,1,ESTABLISHED_FAMILY_HIGH_DEBT
CUST_KIR_02809,kirana_msme,39236.98,0.3276,0.0876,0.0896,43.6,0.1924,1,-2829.83,36.02,18.91,0.0216,0.1439,1.6418,0,MSME_KIRANA_SEASONAL
CUST_GIG_02810,gig_worker,19483.92,0.34,0.1926,-0.0495,14.3,0.1728,0,-2283.18,-5.49,12.16,0.1388,0.0568,0.6821,0,EARLY_CAREER_GIG
CUST_SAL_02811,salaried_tier1,84453.94,0.0225,0.2457,0.2749,30.2,0.4751,0,26644.11,19.45,8.45,0.0392,0.0492,2.4625,0,EARLY_CAREER_SALARIED
CUST_GIG_02812,gig_worker,22062.16,0.3903,0.1119,-0.1158,42.2,0.2007,3,-6016.54,-0.4,11.83,0.0525,0.1334,1.3352,1,EARLY_CAREER_GIG
CUST_GIG_02813,gig_worker,22653.16,0.3704,0.1033,0.0969,7.6,0.159,0,1953.13,23.33,23.57,0.098,0.1097,1.3557,0,EARLY_CAREER_GIG
CUST_SAL_02814,salaried_tier1,68390.68,0.0991,0.4489,-0.0017,98.6,0.2145,0,-4943.73,0.41,10.92,0.0247,0.1076,2.2972,1,ESTABLISHED_FAMILY_HIGH_DEBT
CUST_GIG_02815,gig_worker,34924.8,0.4711,0.0426,0.0509,4.9,0.1247,3,-7556.54,-6.06,17.65,0.0587,0.0806,1.4582,0,EARLY_CAREER_GIG
CUST_GIG_02816,gig_worker,13587.72,0.6076,0.1691,-0.1431,27.4,0.1338,0,-3363.17,-7.33,14.32,0.1323,0.0947,0.8513,0,EARLY_CAREER_GIG
CUST_KIR_02817,kirana_msme,34598.56,0.3565,0.0737,0.1074,65.3,0.0924,0,1173.73,1.79,9.05,0.022,0.057,0.9245,0,MSME_KIRANA_SEASONAL
CUST_SAL_02818,salaried_tier1,57111.6,0.0893,0.1764,0.2944,101.4,0.1903,0,9280.61,-13.04,7.9,0.0569,0.0821,1.565,0,EARLY_CAREER_SALARIED
CUST_SAL_02819,salaried_tier1,57700.88,0.0989,0.3039,0.0552,108.9,0.377,0,3824.05,14.96,10.87,0.0742,0.0637,2.0309,0,EARLY_CAREER_SALARIED
CUST_KIR_02820,kirana_msme,46914.49,0.4363,0.136,0.2788,27.9,0.1038,0,11054.48,1.58,10.88,0.0277,0.2307,1.4531,0,MSME_KIRANA_SEASONAL
CUST_RUR_02821,rural_agri,18974.4,0.6827,0.0308,0.0924,34.0,0.1171,0,-2022.76,4.92,1.38,0.0107,0.0732,0.9853,0,RURAL_AGRI_ALLIED
CUST_SAL_02822,salaried_tier1,87885.9,0.0912,0.4155,0.2959,21.6,0.4062,0,8328.93,-6.0,9.78,0.0761,0.1098,1.7474,0,ESTABLISHED_FAMILY_HIGH_DEBT
CUST_GIG_02823,gig_worker,13743.01,0.6316,0.0323,0.0784,17.3,0.2062,0,-298.79,16.35,16.89,0.1451,0.1233,0.7845,0,EARLY_CAREER_GIG
CUST_SAL_02824,salaried_tier1,51291.33,0.027,0.2101,-0.0468,76.9,0.5116,0,-12084.21,10.4,7.74,0.0758,0.0998,2.4769,1,EARLY_CAREER_SALARIED
CUST_KIR_02825,kirana_msme,37111.92,0.2127,0.2781,0.2336,26.3,0.18,0,9846.76,0.03,17.47,0.0171,0.1577,1.0983,0,MSME_KIRANA_SEASONAL
CUST_RUR_02826,rural_agri,27676.01,0.6517,0.1249,0.0091,19.6,0.0611,1,-2292.8,18.46,1.46,0.0005,0.0529,0.6168,0,RURAL_AGRI_ALLIED
CUST_GIG_02827,gig_worker,10375.8,0.3975,0.0163,0.0401,10.3,0.2478,0,-1484.11,24.44,27.15,0.0479,0.0899,0.8053,0,EARLY_CAREER_GIG
CUST_SAL_02828,salaried_tier1,74387.6,0.0762,0.2702,0.0494,94.2,0.4434,0,-5902.66,-5.08,4.17,0.0306,0.0488,1.9539,1,EARLY_CAREER_SALARIED
CUST_KIR_02829,kirana_msme,18681.8,0.2079,0.0624,0.269,62.0,0.0661,0,4128.46,17.72,10.79,0.0057,0.2128,1.5558,0,MSME_KIRANA_SEASONAL
CUST_SAL_02830,salaried_tier1,67979.28,0.0344,0.4188,0.3489,58.3,0.1901,0,11987.97,-10.46,9.66,0.0263,0.1154,2.659,0,ESTABLISHED_FAMILY_HIGH_DEBT
CUST_KIR_02831,kirana_msme,22849.15,0.3959,0.136,0.2687,76.8,0.1512,0,9865.84,-7.42,15.97,0.0272,0.0931,1.7703,0,MSME_KIRANA_SEASONAL
CUST_GIG_02832,gig_worker,19850.83,0.6307,0.1334,-0.0556,43.1,0.2427,2,-4769.73,21.56,23.02,0.0713,0.1496,1.4345,0,EARLY_CAREER_GIG
CUST_SAL_02833,salaried_tier1,60990.88,0.0687,0.3001,0.0477,16.2,0.4988,0,-713.8,-26.26,8.01,0.0535,0.1029,2.6416,1,EARLY_CAREER_SALARIED
CUST_SAL_02834,salaried_tier1,72661.51,0.0643,0.2676,0.19,61.1,0.4722,0,-2935.62,-23.54,7.18,0.0721,0.0721,2.7138,0,EARLY_CAREER_SALARIED
CUST_KIR_02835,kirana_msme,55031.46,0.217,0.0804,0.2576,60.4,0.0927,0,7652.37,18.07,16.84,0.0246,0.1289,1.3249,0,MSME_KIRANA_SEASONAL
CUST_RUR_02836,rural_agri,15660.64,0.4751,0.1487,0.1657,48.5,0.1001,4,2283.48,4.96,5.13,0.0409,0.0736,0.8073,0,RURAL_AGRI_ALLIED
CUST_RUR_02837,rural_agri,17753.51,0.7269,0.209,0.0008,7.6,0.0912,0,-4714.08,-4.46,4.87,0.0142,0.0552,0.56,1,RURAL_AGRI_ALLIED
CUST_SAL_02838,salaried_tier1,42593.29,0.0988,0.4684,0.2656,31.1,0.1571,0,9497.92,-9.67,9.8,0.0391,0.0539,1.6874,0,ESTABLISHED_FAMILY_HIGH_DEBT
CUST_GIG_02839,gig_worker,25770.5,0.5385,0.1912,0.1124,34.7,0.2333,2,-215.97,5.11,11.77,0.1402,0.0918,1.2157,0,EARLY_CAREER_GIG
CUST_KIR_02840,kirana_msme,43577.62,0.1571,0.1699,0.2999,80.9,0.19,0,8967.64,15.0,11.39,0.0008,0.2337,1.6591,0,MSME_KIRANA_SEASONAL
CUST_KIR_02841,kirana_msme,30544.65,0.2087,0.1323,0.2392,22.7,0.1111,0,5895.46,8.24,7.39,0.0117,0.1073,0.9715,0,MSME_KIRANA_SEASONAL
CUST_GIG_02842,gig_worker,37154.1,0.5904,0.1147,-0.1208,8.9,0.2536,0,-11629.74,16.62,16.56,0.0816,0.1244,1.1121,1,EARLY_CAREER_GIG
CUST_RUR_02843,rural_agri,9979.32,0.5579,0.2043,0.0727,58.4,0.0319,4,-990.81,13.96,5.08,0.0167,0.0456,0.984,0,RURAL_AGRI_ALLIED
CUST_RUR_02844,rural_agri,10323.23,0.6314,0.2334,0.0316,24.4,0.1374,1,-2157.1,7.44,0.82,0.0361,0.0347,0.7718,0,RURAL_AGRI_ALLIED
CUST_GIG_02845,gig_worker,14327.74,0.4417,0.1435,-0.0671,6.4,0.1734,0,-4572.37,-2.74,27.18,0.142,0.063,1.2275,0,EARLY_CAREER_GIG
CUST_KIR_02846,kirana_msme,34442.61,0.1792,0.2739,0.2713,63.1,0.0593,0,1549.35,-9.38,7.13,0.0098,0.1363,0.8618,0,MSME_KIRANA_SEASONAL
CUST_GIG_02847,gig_worker,13764.24,0.4448,0.0074,0.0301,13.4,0.2116,0,-1951.27,7.48,12.6,0.1088,0.1454,1.3283,0,EARLY_CAREER_GIG
CUST_SAL_02848,salaried_tier1,87434.27,0.0758,0.3856,0.2291,79.4,0.3578,0,2774.38,-10.76,10.66,0.0706,0.0794,1.5581,0,ESTABLISHED_FAMILY_HIGH_DEBT
CUST_GIG_02849,gig_worker,29754.03,0.6337,0.0414,-0.0103,44.6,0.285,0,-7065.6,22.23,12.84,0.0564,0.0852,0.8877,0,EARLY_CAREER_GIG
CUST_KIR_02850,kirana_msme,56794.94,0.2364,0.1982,0.2096,67.0,0.0763,0,258.25,1.44,16.52,0.0023,0.1537,1.0461,0,MSME_KIRANA_SEASONAL
CUST_GIG_02851,gig_worker,17012.24,0.3621,0.1232,0.0721,13.7,0.1459,0,3005.31,-22.18,12.28,0.1412,0.1388,1.4687,0,EARLY_CAREER_GIG
CUST_SAL_02852,salaried_tier1,65004.41,0.0488,0.2532,0.0398,33.9,0.4448,2,-3531.84,17.19,2.49,0.0603,0.0738,2.0002,1,EARLY_CAREER_SALARIED
CUST_SAL_02853,salaried_tier1,57423.37,0.0593,0.5203,0.3128,106.5,0.239,0,5301.03,11.87,11.31,0.025,0.0341,1.9985,0,ESTABLISHED_FAMILY_HIGH_DEBT
CUST_RUR_02854,rural_agri,16435.1,0.7424,0.1694,0.0955,37.0,0.1218,0,604.57,15.13,3.47,0.0374,0.0208,0.593,0,RURAL_AGRI_ALLIED
CUST_SAL_02855,salaried_tier1,51194.55,0.0912,0.2144,0.0877,60.0,0.3405,0,-3906.89,-2.39,8.59,0.0352,0.0558,2.6863,0,EARLY_CAREER_SALARIED
CUST_KIR_02856,kirana_msme,60131.72,0.3982,0.0914,0.1842,25.9,0.1707,0,10240.43,-16.9,19.37,0.0099,0.0729,0.9585,0,MSME_KIRANA_SEASONAL
CUST_SAL_02857,salaried_tier1,64839.5,0.0658,0.5293,0.1075,52.6,0.215,1,4115.47,38.04,4.21,0.0333,0.1115,2.541,0,ESTABLISHED_FAMILY_HIGH_DEBT
CUST_SAL_02858,salaried_tier1,95278.23,0.0951,0.4709,0.3238,101.2,0.1686,0,29336.04,-20.27,2.28,0.0656,0.105,2.6504,0,ESTABLISHED_FAMILY_HIGH_DEBT
CUST_SAL_02859,salaried_tier1,63112.99,0.0956,0.2687,0.2677,21.3,0.3645,0,11552.35,17.98,8.56,0.076,0.0211,1.539,0,EARLY_CAREER_SALARIED
CUST_SAL_02860,salaried_tier1,62788.31,0.0257,0.1535,0.0361,22.5,0.2938,0,-1870.29,-4.23,3.42,0.0425,0.0209,2.1239,0,EARLY_CAREER_SALARIED
CUST_RUR_02861,rural_agri,19959.06,0.4006,0.1887,0.0422,31.4,0.1074,0,-1553.11,10.14,2.3,0.0208,0.0401,0.5551,0,RURAL_AGRI_ALLIED
CUST_SAL_02862,salaried_tier1,60002.6,0.0615,0.1919,-0.0205,18.3,0.2527,1,-18333.23,23.02,9.64,0.0233,0.0265,2.0068,1,EARLY_CAREER_SALARIED
CUST_RUR_02863,rural_agri,19756.93,0.447,0.0274,0.1003,20.4,0.1313,1,2217.71,-0.57,3.62,0.0386,0.0306,1.1012,0,RURAL_AGRI_ALLIED
CUST_GIG_02864,gig_worker,28462.67,0.5521,0.1458,0.0383,5.4,0.2787,0,6194.22,-13.22,17.59,0.1691,0.0858,1.3229,0,EARLY_CAREER_GIG
CUST_KIR_02865,kirana_msme,32078.99,0.3658,0.0983,0.2305,40.6,0.0918,0,7474.66,-7.93,18.83,0.0277,0.0812,1.6137,0,MSME_KIRANA_SEASONAL
CUST_GIG_02866,gig_worker,14965.21,0.5288,0.0542,-0.0642,27.0,0.1225,0,-4635.98,-16.62,27.05,0.0839,0.132,0.6521,0,EARLY_CAREER_GIG
CUST_KIR_02867,kirana_msme,54097.38,0.4395,0.0958,0.0789,47.1,0.1091,0,-7334.98,22.02,6.25,0.0276,0.1246,1.2689,0,MSME_KIRANA_SEASONAL
CUST_GIG_02868,gig_worker,20135.69,0.4959,0.1224,-0.1498,21.0,0.2366,0,-4293.31,22.41,21.21,0.0312,0.1326,1.3658,0,EARLY_CAREER_GIG
CUST_SAL_02869,salaried_tier1,52805.08,0.0485,0.3538,0.1831,45.7,0.547,0,10138.03,-9.31,8.4,0.0405,0.106,1.8564,0,ESTABLISHED_FAMILY_HIGH_DEBT
CUST_KIR_02870,kirana_msme,26658.85,0.2975,0.1229,0.1082,63.1,0.0612,0,-1751.07,2.06,15.65,0.0096,0.1641,1.1874,0,MSME_KIRANA_SEASONAL
CUST_RUR_02871,rural_agri,16475.08,0.4992,0.1578,0.0886,27.7,0.0518,1,-3210.99,-18.63,1.52,0.0035,0.0285,1.1766,0,RURAL_AGRI_ALLIED
CUST_RUR_02872,rural_agri,18815.34,0.4231,0.2375,-0.0625,11.8,0.0594,0,-197.77,6.57,2.22,0.0365,0.0634,1.0262,0,RURAL_AGRI_ALLIED
CUST_RUR_02873,rural_agri,26606.69,0.3128,0.0792,0.1647,18.0,0.0464,1,1905.74,-20.14,3.07,0.041,0.0464,0.7141,0,RURAL_AGRI_ALLIED
CUST_KIR_02874,kirana_msme,55027.18,0.2202,0.13,0.2472,45.0,0.1105,0,13488.26,-11.85,11.82,0.0241,0.1482,0.9616,0,MSME_KIRANA_SEASONAL
CUST_GIG_02875,gig_worker,22938.12,0.4137,0.0551,0.147,19.7,0.2535,0,157.44,-0.42,19.37,0.0307,0.0321,0.8223,0,EARLY_CAREER_GIG
CUST_KIR_02876,kirana_msme,74320.43,0.2436,0.1098,0.2557,31.4,0.1517,0,14178.88,3.19,6.74,0.0294,0.1042,1.0322,0,MSME_KIRANA_SEASONAL
CUST_KIR_02877,kirana_msme,44080.63,0.3145,0.1667,0.1801,89.1,0.1815,0,478.73,-8.33,5.01,0.0123,0.0828,1.3515,0,MSME_KIRANA_SEASONAL
CUST_SAL_02878,salaried_tier1,49811.69,0.0941,0.3282,0.2858,81.0,0.541,0,15838.45,-2.64,4.65,0.0453,0.049,2.446,0,EARLY_CAREER_SALARIED
CUST_GIG_02879,gig_worker,16298.58,0.2768,0.0676,-0.1255,25.7,0.0843,3,-4927.96,7.55,14.09,0.0742,0.0425,1.4698,0,EARLY_CAREER_GIG
CUST_SAL_02880,salaried_tier1,86780.59,0.0929,0.4813,0.2594,107.1,0.5004,0,16303.88,-9.58,9.09,0.0359,0.0642,2.7654,0,ESTABLISHED_FAMILY_HIGH_DEBT
CUST_KIR_02881,kirana_msme,40568.5,0.4223,0.1253,0.0882,80.1,0.0859,0,854.93,3.5,23.68,0.0066,0.0639,1.0963,0,MSME_KIRANA_SEASONAL
CUST_RUR_02882,rural_agri,17488.31,0.4758,0.1499,0.1928,14.3,0.0695,1,486.52,-15.05,4.41,0.0202,0.0765,0.62,0,RURAL_AGRI_ALLIED
CUST_SAL_02883,salaried_tier1,85086.22,0.084,0.2551,0.1168,62.5,0.3054,0,6566.48,-0.47,2.12,0.0305,0.0342,2.4786,0,EARLY_CAREER_SALARIED
CUST_SAL_02884,salaried_tier1,25000.0,0.0863,0.1768,-0.0127,51.3,0.3294,0,-2241.95,16.1,7.31,0.0447,0.0413,2.7028,0,EARLY_CAREER_SALARIED
CUST_SAL_02885,salaried_tier1,39326.46,0.047,0.3558,0.1894,60.4,0.4534,0,1240.24,25.3,10.63,0.0706,0.0404,2.3646,0,ESTABLISHED_FAMILY_HIGH_DEBT
CUST_RUR_02886,rural_agri,20167.67,0.3902,0.1998,-0.0516,45.8,0.0478,0,-3473.72,28.69,1.99,0.0492,0.0175,0.6005,0,RURAL_AGRI_ALLIED
CUST_KIR_02887,kirana_msme,50772.53,0.4228,0.2565,0.2958,60.5,0.1942,0,4170.35,-8.37,12.92,0.0014,0.2159,1.2215,0,MSME_KIRANA_SEASONAL
CUST_KIR_02888,kirana_msme,46261.28,0.3131,0.0818,0.1478,22.5,0.1643,0,3556.83,-4.46,18.99,0.011,0.1765,1.3944,0,MSME_KIRANA_SEASONAL
CUST_RUR_02889,rural_agri,29558.06,0.4785,0.0406,-0.0142,56.3,0.0729,0,-1067.41,18.78,1.49,0.0064,0.0447,0.5579,0,RURAL_AGRI_ALLIED
CUST_RUR_02890,rural_agri,18491.97,0.7443,0.1126,0.0926,13.9,0.0363,0,2159.77,7.93,4.63,0.0087,0.0191,0.6763,0,RURAL_AGRI_ALLIED
CUST_KIR_02891,kirana_msme,31331.91,0.4055,0.0771,0.2028,66.7,0.11,0,2993.92,5.52,21.36,0.0166,0.1722,0.8507,0,MSME_KIRANA_SEASONAL
CUST_GIG_02892,gig_worker,19558.63,0.5737,0.1522,0.1404,42.3,0.1271,0,1714.07,23.78,20.82,0.1088,0.0431,1.4203,0,EARLY_CAREER_GIG
CUST_GIG_02893,gig_worker,20871.99,0.2723,0.1266,0.1265,23.8,0.2843,0,4277.35,14.26,23.73,0.1935,0.1249,1.3977,0,EARLY_CAREER_GIG
CUST_GIG_02894,gig_worker,15916.17,0.2684,0.0732,0.0861,29.0,0.196,0,684.18,-0.07,11.15,0.1073,0.149,0.992,0,EARLY_CAREER_GIG
CUST_SAL_02895,salaried_tier1,69276.17,0.0304,0.5459,0.1201,68.1,0.409,0,22911.46,7.71,3.93,0.0369,0.04,1.7889,0,ESTABLISHED_FAMILY_HIGH_DEBT
CUST_RUR_02896,rural_agri,11860.73,0.6077,0.0466,-0.0603,39.8,0.105,0,-754.44,14.62,0.86,0.0358,0.0791,0.7467,0,RURAL_AGRI_ALLIED
CUST_KIR_02897,kirana_msme,31260.83,0.368,0.1141,0.1471,69.2,0.1857,0,1270.56,6.66,15.4,0.0037,0.1537,1.7616,0,MSME_KIRANA_SEASONAL
CUST_SAL_02898,salaried_tier1,74914.43,0.0637,0.2639,0.0305,44.3,0.3263,0,9390.16,31.66,3.63,0.0487,0.0616,2.5777,0,EARLY_CAREER_SALARIED
CUST_KIR_02899,kirana_msme,51179.85,0.4306,0.0763,0.2258,22.3,0.057,1,5105.99,9.67,11.49,0.0201,0.2192,1.4949,0,MSME_KIRANA_SEASONAL
CUST_SAL_02900,salaried_tier1,56429.39,0.0289,0.2458,0.1462,105.8,0.4713,0,19543.43,-9.08,9.66,0.0505,0.042,2.5213,0,EARLY_CAREER_SALARIED
CUST_SAL_02901,salaried_tier1,71864.11,0.0836,0.4502,0.0599,82.4,0.3495,0,-3195.2,1.29,7.31,0.0792,0.0529,2.0666,0,ESTABLISHED_FAMILY_HIGH_DEBT
CUST_GIG_02902,gig_worker,16539.76,0.5724,0.0844,-0.026,30.7,0.2501,3,-1984.4,21.18,14.91,0.0586,0.1357,0.7562,0,EARLY_CAREER_GIG
CUST_SAL_02903,salaried_tier1,68711.29,0.0295,0.2945,-0.0355,104.2,0.1572,0,-6735.65,7.61,2.08,0.0279,0.0752,1.638,0,EARLY_CAREER_SALARIED
CUST_KIR_02904,kirana_msme,47269.57,0.388,0.1409,0.1964,48.2,0.1006,0,9692.1,-0.65,12.61,0.011,0.2241,1.0967,0,MSME_KIRANA_SEASONAL
CUST_KIR_02905,kirana_msme,72179.61,0.4473,0.1887,0.0742,79.8,0.0701,0,-10286.07,-5.88,10.12,0.0224,0.1395,1.6735,0,MSME_KIRANA_SEASONAL
CUST_SAL_02906,salaried_tier1,29359.23,0.0399,0.2758,0.0792,115.3,0.3633,0,-3347.95,0.83,11.96,0.0558,0.0903,2.1543,0,EARLY_CAREER_SALARIED
CUST_RUR_02907,rural_agri,22950.7,0.4722,0.1871,-0.0361,27.2,0.0865,0,-5774.24,5.14,2.24,0.0272,0.0557,0.5487,0,RURAL_AGRI_ALLIED
CUST_SAL_02908,salaried_tier1,86166.9,0.0272,0.312,0.0317,71.0,0.4532,0,25081.2,-16.17,4.08,0.0126,0.0626,1.7884,0,EARLY_CAREER_SALARIED
CUST_KIR_02909,kirana_msme,36194.86,0.3508,0.21,0.2012,83.6,0.0524,0,9597.85,9.87,12.07,0.0296,0.0933,1.5221,0,MSME_KIRANA_SEASONAL
CUST_KIR_02910,kirana_msme,31291.98,0.4263,0.0566,0.1828,43.4,0.1019,0,-2153.97,5.54,5.69,0.0296,0.1821,0.9349,0,MSME_KIRANA_SEASONAL
CUST_SAL_02911,salaried_tier1,52304.28,0.051,0.3038,0.0111,94.2,0.2361,0,4883.85,6.67,2.0,0.0636,0.1099,2.3726,0,EARLY_CAREER_SALARIED
CUST_SAL_02912,salaried_tier1,51477.35,0.0746,0.3949,0.2071,100.4,0.2648,0,4503.9,18.71,3.69,0.077,0.054,2.4663,0,ESTABLISHED_FAMILY_HIGH_DEBT
CUST_GIG_02913,gig_worker,14817.77,0.3603,0.0468,0.0056,14.0,0.2003,0,-1377.85,5.73,15.27,0.1332,0.1228,0.6009,1,EARLY_CAREER_GIG
CUST_RUR_02914,rural_agri,21292.12,0.7832,0.2217,0.1071,33.2,0.0683,0,-2053.44,-22.3,5.57,0.0106,0.0365,0.7423,0,RURAL_AGRI_ALLIED
CUST_SAL_02915,salaried_tier1,103528.36,0.0656,0.3039,0.2161,84.9,0.2492,0,11904.88,14.74,7.3,0.0224,0.0462,2.5441,0,EARLY_CAREER_SALARIED
CUST_GIG_02916,gig_worker,22604.07,0.2709,0.1401,-0.0735,16.6,0.1233,0,-2103.85,16.98,19.53,0.0486,0.1004,1.3465,0,EARLY_CAREER_GIG
CUST_GIG_02917,gig_worker,26711.2,0.5244,0.1374,0.1266,19.5,0.0807,0,-953.21,3.86,27.53,0.0919,0.1287,1.3813,0,EARLY_CAREER_GIG
CUST_RUR_02918,rural_agri,11315.26,0.5233,0.2198,0.1368,36.4,0.127,0,1016.56,12.77,1.65,0.0388,0.0724,0.6364,0,RURAL_AGRI_ALLIED
CUST_KIR_02919,kirana_msme,51977.14,0.3335,0.2624,0.0725,31.8,0.0899,0,8961.25,22.74,12.12,0.0277,0.1594,1.7449,0,MSME_KIRANA_SEASONAL
CUST_KIR_02920,kirana_msme,18000.0,0.1548,0.0532,0.2069,25.1,0.1605,0,6318.01,21.66,19.2,0.0298,0.0993,1.2577,0,MSME_KIRANA_SEASONAL
CUST_KIR_02921,kirana_msme,86148.06,0.1759,0.1519,0.1799,49.6,0.1551,0,18263.35,4.22,13.51,0.0212,0.1611,1.2603,0,MSME_KIRANA_SEASONAL
CUST_GIG_02922,gig_worker,15241.95,0.5844,0.0845,0.0657,21.0,0.0802,0,-143.67,10.19,15.97,0.0846,0.0543,0.7328,0,EARLY_CAREER_GIG
CUST_RUR_02923,rural_agri,13256.66,0.5476,0.116,0.0066,20.3,0.0523,3,176.99,14.97,2.79,0.0361,0.0449,1.0833,0,RURAL_AGRI_ALLIED
CUST_SAL_02924,salaried_tier1,110550.02,0.0577,0.431,-0.0369,19.3,0.5085,0,-11442.19,16.41,6.57,0.0422,0.0734,2.577,1,ESTABLISHED_FAMILY_HIGH_DEBT
CUST_KIR_02925,kirana_msme,18000.0,0.3993,0.2382,0.2668,65.9,0.1825,0,4119.49,5.61,6.78,0.0225,0.1757,1.4796,0,MSME_KIRANA_SEASONAL
CUST_RUR_02926,rural_agri,18613.33,0.3578,0.0314,-0.0231,5.0,0.0631,1,-4958.23,-16.71,5.83,0.006,0.0706,0.9211,0,RURAL_AGRI_ALLIED
CUST_RUR_02927,rural_agri,13024.16,0.5393,0.1968,0.1626,58.0,0.1242,1,278.15,-4.6,5.31,0.037,0.0213,0.8483,0,RURAL_AGRI_ALLIED
CUST_RUR_02928,rural_agri,25074.59,0.6263,0.2347,0.1599,12.1,0.0314,0,2130.2,-4.7,1.77,0.0346,0.0433,1.1057,0,RURAL_AGRI_ALLIED
CUST_GIG_02929,gig_worker,17129.55,0.4694,0.0579,0.0935,17.6,0.2254,3,-1741.44,-4.27,12.84,0.1712,0.0315,1.1462,0,EARLY_CAREER_GIG
CUST_KIR_02930,kirana_msme,51457.7,0.3174,0.1516,0.1236,50.4,0.0937,0,-6555.72,-1.3,17.05,0.0195,0.1095,1.1513,0,MSME_KIRANA_SEASONAL
CUST_GIG_02931,gig_worker,19318.06,0.4776,0.0368,-0.0199,35.2,0.2488,0,2367.19,19.06,8.08,0.0453,0.0452,0.9173,0,EARLY_CAREER_GIG
CUST_GIG_02932,gig_worker,33966.47,0.552,0.1174,-0.0,42.1,0.2052,0,-3189.3,12.14,9.43,0.1415,0.0436,1.3822,0,EARLY_CAREER_GIG
CUST_SAL_02933,salaried_tier1,114816.37,0.0818,0.3433,0.3124,60.9,0.5068,0,25040.49,-20.82,2.04,0.0307,0.1068,2.0541,0,EARLY_CAREER_SALARIED
CUST_KIR_02934,kirana_msme,18000.0,0.2975,0.1439,0.2774,59.5,0.1751,0,2995.51,8.19,22.35,0.0026,0.1397,1.0126,0,MSME_KIRANA_SEASONAL
CUST_GIG_02935,gig_worker,30995.27,0.6248,0.1418,-0.0434,28.2,0.2755,0,-8002.92,-3.32,10.62,0.1141,0.1179,0.7064,0,EARLY_CAREER_GIG
CUST_SAL_02936,salaried_tier1,85656.33,0.0703,0.231,0.075,51.2,0.4733,0,11980.7,-0.17,2.55,0.0637,0.061,1.8285,0,EARLY_CAREER_SALARIED
CUST_GIG_02937,gig_worker,22729.71,0.3859,0.1393,0.143,11.7,0.1335,0,314.73,16.89,21.95,0.0898,0.0425,1.0193,0,EARLY_CAREER_GIG
CUST_GIG_02938,gig_worker,18686.16,0.4611,0.0417,-0.0378,35.6,0.1283,2,-3470.04,-0.79,12.39,0.1195,0.1037,1.2066,0,EARLY_CAREER_GIG
CUST_RUR_02939,rural_agri,32364.3,0.5325,0.0175,0.1776,43.2,0.1045,1,3702.52,18.72,5.91,0.0066,0.0617,0.779,0,RURAL_AGRI_ALLIED
CUST_SAL_02940,salaried_tier1,78799.83,0.095,0.515,-0.0291,35.2,0.4204,1,6030.08,-24.88,2.38,0.055,0.0395,2.0594,1,ESTABLISHED_FAMILY_HIGH_DEBT
CUST_SAL_02941,salaried_tier1,84097.04,0.0589,0.1638,0.1824,49.2,0.4613,0,7917.65,10.61,11.09,0.0354,0.1189,2.4638,0,EARLY_CAREER_SALARIED
CUST_GIG_02942,gig_worker,19617.55,0.2907,0.0582,0.0227,3.7,0.1861,0,-1203.63,32.29,9.35,0.1338,0.1027,0.9623,0,EARLY_CAREER_GIG
CUST_SAL_02943,salaried_tier1,82115.03,0.0329,0.3071,-0.023,101.0,0.3653,3,-20444.69,16.91,11.99,0.0171,0.0807,2.725,0,EARLY_CAREER_SALARIED
CUST_GIG_02944,gig_worker,21109.79,0.5331,0.1932,0.0097,16.8,0.2864,0,-2176.06,18.62,25.11,0.1199,0.1112,1.4231,0,EARLY_CAREER_GIG
CUST_GIG_02945,gig_worker,26690.2,0.2513,0.142,0.0165,13.9,0.2568,0,-5003.19,-8.2,8.55,0.0982,0.0501,1.0372,0,EARLY_CAREER_GIG
CUST_SAL_02946,salaried_tier1,66838.09,0.0618,0.3784,0.1349,106.3,0.1651,0,-2535.99,-3.45,2.41,0.0447,0.0789,2.626,0,ESTABLISHED_FAMILY_HIGH_DEBT
CUST_KIR_02947,kirana_msme,50030.25,0.2447,0.2412,0.2367,44.2,0.1233,0,15369.37,10.77,17.58,0.0075,0.1084,1.1432,0,MSME_KIRANA_SEASONAL
CUST_KIR_02948,kirana_msme,48571.39,0.3192,0.064,0.2124,43.0,0.1418,0,12564.01,15.59,17.14,0.0169,0.0914,0.8455,0,MSME_KIRANA_SEASONAL
CUST_KIR_02949,kirana_msme,39096.76,0.2831,0.2995,0.2223,67.9,0.0977,0,6049.91,-2.35,7.11,0.0298,0.0752,1.7495,0,MSME_KIRANA_SEASONAL
CUST_RUR_02950,rural_agri,29301.69,0.7855,0.0897,-0.0939,38.9,0.1153,0,-5460.38,-6.5,2.18,0.0328,0.0446,0.6284,0,RURAL_AGRI_ALLIED
CUST_RUR_02951,rural_agri,17275.68,0.465,0.1478,0.1211,19.6,0.1438,2,871.31,8.34,4.49,0.0348,0.0627,0.6524,0,RURAL_AGRI_ALLIED
CUST_GIG_02952,gig_worker,31737.3,0.5283,0.1149,-0.0439,41.7,0.1928,0,-6827.04,9.53,23.62,0.088,0.1273,0.9738,0,EARLY_CAREER_GIG
CUST_GIG_02953,gig_worker,37258.67,0.4626,0.0269,-0.0069,43.5,0.2461,0,-4971.73,-7.28,23.58,0.092,0.1024,1.4497,0,EARLY_CAREER_GIG
CUST_KIR_02954,kirana_msme,37036.11,0.2874,0.2257,0.2831,24.4,0.109,0,9117.11,11.38,23.42,0.0,0.1756,1.5793,0,MSME_KIRANA_SEASONAL
CUST_RUR_02955,rural_agri,22341.73,0.6042,0.0517,-0.0104,10.9,0.0306,0,-7176.34,17.62,4.42,0.0397,0.0149,0.8612,0,RURAL_AGRI_ALLIED
CUST_GIG_02956,gig_worker,12940.97,0.4069,0.054,-0.1348,35.1,0.1442,3,-3163.97,-25.5,22.33,0.0855,0.0636,1.3993,0,EARLY_CAREER_GIG
CUST_GIG_02957,gig_worker,28525.67,0.5725,0.1085,0.0389,43.4,0.1002,0,3360.76,22.12,17.45,0.064,0.0399,0.9542,0,EARLY_CAREER_GIG
CUST_RUR_02958,rural_agri,28718.08,0.5443,0.153,0.0111,9.5,0.1437,2,-5826.81,-6.26,5.77,0.015,0.041,0.7183,1,RURAL_AGRI_ALLIED
CUST_SAL_02959,salaried_tier1,48646.1,0.0575,0.1994,-0.043,111.5,0.2913,0,-16979.3,11.87,4.95,0.0227,0.1163,2.4869,1,EARLY_CAREER_SALARIED
CUST_RUR_02960,rural_agri,16327.95,0.6032,0.2055,0.1066,14.9,0.0648,1,-450.53,-2.9,0.9,0.0307,0.0615,0.9375,0,RURAL_AGRI_ALLIED
CUST_SAL_02961,salaried_tier1,85550.13,0.0779,0.2986,-0.0078,83.7,0.4169,0,-34129.11,10.24,8.65,0.0592,0.0226,1.5458,0,EARLY_CAREER_SALARIED
CUST_KIR_02962,kirana_msme,46318.59,0.359,0.1075,0.2379,80.8,0.1722,0,-973.4,2.88,13.27,0.008,0.0836,1.6042,0,MSME_KIRANA_SEASONAL
CUST_KIR_02963,kirana_msme,44473.83,0.3801,0.0775,0.0544,89.7,0.061,0,-1827.29,-6.75,21.39,0.0141,0.1722,1.6784,0,MSME_KIRANA_SEASONAL
CUST_RUR_02964,rural_agri,12050.15,0.4891,0.0685,-0.0246,24.5,0.0755,0,-3052.5,10.2,4.84,0.043,0.0274,0.6215,0,RURAL_AGRI_ALLIED
CUST_RUR_02965,rural_agri,22162.54,0.6503,0.0577,0.1066,22.7,0.0567,0,4264.8,-4.94,4.72,0.0291,0.0145,0.9675,0,RURAL_AGRI_ALLIED
CUST_GIG_02966,gig_worker,24419.64,0.5346,0.0693,0.0189,7.2,0.1713,2,-3024.86,31.2,10.08,0.1741,0.1117,1.1946,1,EARLY_CAREER_GIG
CUST_GIG_02967,gig_worker,24468.91,0.4972,0.1855,-0.1299,18.7,0.2861,0,-9353.03,0.12,8.03,0.0344,0.0693,1.3319,1,EARLY_CAREER_GIG
CUST_GIG_02968,gig_worker,15753.72,0.3394,0.1006,-0.0543,11.9,0.1666,1,-3010.74,14.38,17.59,0.0767,0.0754,0.7075,0,EARLY_CAREER_GIG
CUST_RUR_02969,rural_agri,25349.08,0.7495,0.117,0.1948,58.4,0.0908,1,3825.69,-2.08,2.56,0.0331,0.046,0.9674,0,RURAL_AGRI_ALLIED
CUST_KIR_02970,kirana_msme,44997.65,0.3154,0.1738,0.2633,67.8,0.1119,0,21695.67,7.12,6.61,0.0116,0.2241,1.765,0,MSME_KIRANA_SEASONAL
CUST_KIR_02971,kirana_msme,53586.16,0.3292,0.063,0.1848,48.5,0.1291,0,7952.43,14.6,10.85,0.018,0.0666,1.396,0,MSME_KIRANA_SEASONAL
CUST_SAL_02972,salaried_tier1,91778.82,0.0301,0.5356,0.3187,77.9,0.1735,0,21684.56,-2.77,8.28,0.0233,0.0682,1.7331,0,ESTABLISHED_FAMILY_HIGH_DEBT
CUST_GIG_02973,gig_worker,15618.38,0.5292,0.1307,-0.1302,16.1,0.2047,2,-1532.2,4.92,18.1,0.1575,0.1264,0.9612,1,EARLY_CAREER_GIG
CUST_GIG_02974,gig_worker,27512.76,0.3002,0.0837,0.0385,32.1,0.2413,0,-3993.16,6.74,11.57,0.0463,0.1097,1.4835,0,EARLY_CAREER_GIG
CUST_KIR_02975,kirana_msme,59098.79,0.1628,0.2203,0.1395,85.5,0.078,0,18875.43,9.09,14.55,0.012,0.1129,1.3049,0,MSME_KIRANA_SEASONAL
CUST_SAL_02976,salaried_tier1,115284.54,0.0637,0.3802,0.2319,81.1,0.2596,0,-5668.85,-7.75,7.89,0.0402,0.0239,1.8179,0,ESTABLISHED_FAMILY_HIGH_DEBT
CUST_RUR_02977,rural_agri,17503.7,0.7983,0.1157,-0.0921,9.2,0.0399,0,-2502.34,24.51,2.29,0.0056,0.0407,0.6875,0,RURAL_AGRI_ALLIED
CUST_SAL_02978,salaried_tier1,119414.05,0.0232,0.3736,0.0972,112.0,0.5043,0,3998.35,12.53,8.45,0.0112,0.0903,2.4982,0,ESTABLISHED_FAMILY_HIGH_DEBT
CUST_GIG_02979,gig_worker,10000.0,0.5276,0.1045,0.1379,18.0,0.2388,2,632.24,-25.44,23.08,0.0969,0.0454,0.8283,0,EARLY_CAREER_GIG
CUST_RUR_02980,rural_agri,14382.92,0.3663,0.101,0.0561,50.3,0.1003,3,-74.96,4.74,3.78,0.0328,0.0608,0.6524,0,RURAL_AGRI_ALLIED
CUST_KIR_02981,kirana_msme,60039.09,0.203,0.0593,0.1609,37.3,0.1095,1,976.07,11.0,19.16,0.0075,0.1107,1.1485,0,MSME_KIRANA_SEASONAL
CUST_SAL_02982,salaried_tier1,84362.64,0.0744,0.3185,-0.0398,17.4,0.3631,0,-21235.37,17.77,6.36,0.0717,0.0397,2.2785,0,EARLY_CAREER_SALARIED
CUST_GIG_02983,gig_worker,18199.72,0.3204,0.1065,0.015,44.3,0.212,1,-1695.34,-14.2,10.14,0.1323,0.1338,0.7924,0,EARLY_CAREER_GIG
CUST_RUR_02984,rural_agri,12070.92,0.3709,0.1853,0.0599,27.0,0.0972,0,3106.91,20.86,3.92,0.0113,0.0624,0.7996,0,RURAL_AGRI_ALLIED
CUST_KIR_02985,kirana_msme,44714.05,0.2086,0.2342,0.1547,61.6,0.0661,0,8922.43,19.83,11.68,0.0294,0.1365,1.1736,0,MSME_KIRANA_SEASONAL
CUST_RUR_02986,rural_agri,20943.81,0.4616,0.1997,0.0823,22.4,0.0728,2,-1484.73,19.24,4.18,0.0079,0.0651,0.885,0,RURAL_AGRI_ALLIED
CUST_SAL_02987,salaried_tier1,60524.61,0.0719,0.2597,0.3021,84.4,0.4981,0,6908.6,21.3,7.76,0.0337,0.0648,1.5442,0,EARLY_CAREER_SALARIED
CUST_KIR_02988,kirana_msme,88910.53,0.2394,0.1552,0.2276,74.4,0.1081,0,7774.29,-16.78,21.64,0.0183,0.205,1.058,0,MSME_KIRANA_SEASONAL
CUST_GIG_02989,gig_worker,10000.0,0.3831,0.0424,0.0778,6.6,0.2753,0,-1618.44,9.65,27.77,0.0977,0.1485,1.4819,0,EARLY_CAREER_GIG
CUST_RUR_02990,rural_agri,19512.25,0.7502,0.028,0.1829,24.3,0.1334,1,4975.68,12.1,5.26,0.0444,0.0542,1.1722,0,RURAL_AGRI_ALLIED
CUST_SAL_02991,salaried_tier1,77726.81,0.0319,0.4978,-0.0236,118.6,0.3103,0,-18999.14,9.33,2.45,0.0429,0.097,2.7164,0,ESTABLISHED_FAMILY_HIGH_DEBT
CUST_RUR_02992,rural_agri,20356.19,0.3514,0.0393,0.0527,28.0,0.0793,0,-753.79,-0.85,5.36,0.008,0.0251,0.8925,0,RURAL_AGRI_ALLIED
CUST_GIG_02993,gig_worker,13995.18,0.3931,0.0811,-0.0451,38.3,0.2881,0,-142.66,-2.15,9.41,0.1512,0.1001,1.1237,0,EARLY_CAREER_GIG
CUST_KIR_02994,kirana_msme,53449.9,0.3789,0.1693,0.151,47.1,0.1402,0,4064.54,-25.93,17.06,0.0117,0.0528,1.0261,0,MSME_KIRANA_SEASONAL
CUST_SAL_02995,salaried_tier1,42093.99,0.0653,0.2103,0.3436,116.9,0.4124,0,13823.9,1.84,11.62,0.0397,0.0439,2.0536,0,EARLY_CAREER_SALARIED
CUST_RUR_02996,rural_agri,8265.34,0.6271,0.0955,0.1661,35.7,0.1047,1,976.91,-0.19,0.85,0.0034,0.0591,1.1199,0,RURAL_AGRI_ALLIED
CUST_SAL_02997,salaried_tier1,38954.82,0.0388,0.5148,0.0681,83.0,0.4648,0,-5349.24,3.72,5.33,0.0587,0.0461,1.544,0,ESTABLISHED_FAMILY_HIGH_DEBT
CUST_KIR_02998,kirana_msme,32629.45,0.3619,0.114,0.2153,61.9,0.1847,0,2313.1,7.81,22.3,0.0247,0.0884,1.0146,0,MSME_KIRANA_SEASONAL
CUST_SAL_02999,salaried_tier1,62234.27,0.0831,0.313,-0.0218,89.8,0.2103,1,1163.85,16.9,2.82,0.026,0.1063,2.0431,0,EARLY_CAREER_SALARIED
CUST_RUR_03000,rural_agri,18126.51,0.7391,0.0121,-0.0087,55.0,0.1016,2,-4769.45,-7.07,3.38,0.0423,0.0547,1.0895,0,RURAL_AGRI_ALLIED
CUST_GIG_03001,gig_worker,26770.41,0.4006,0.1321,0.1481,4.9,0.2896,0,-3674.1,-2.24,17.64,0.0757,0.098,1.0147,0,EARLY_CAREER_GIG
CUST_GIG_03002,gig_worker,24440.4,0.5507,0.1909,-0.1021,40.9,0.1861,0,-6769.65,30.01,12.77,0.1547,0.1242,1.4665,0,EARLY_CAREER_GIG
CUST_SAL_03003,salaried_tier1,39025.26,0.0808,0.5212,0.1455,119.4,0.3212,0,3225.41,8.98,3.86,0.0731,0.1001,2.3761,0,ESTABLISHED_FAMILY_HIGH_DEBT
CUST_GIG_03004,gig_worker,25588.86,0.4546,0.1864,-0.0181,24.0,0.1173,3,-761.58,18.13,12.03,0.0472,0.0844,0.7989,0,EARLY_CAREER_GIG
CUST_GIG_03005,gig_worker,31268.24,0.3284,0.046,0.0919,18.6,0.1046,3,-3861.2,8.03,11.0,0.0909,0.0415,0.7597,0,EARLY_CAREER_GIG
CUST_RUR_03006,rural_agri,17947.96,0.3786,0.1454,-0.0875,28.5,0.1008,4,-1177.83,4.41,4.71,0.0066,0.0404,0.7285,0,RURAL_AGRI_ALLIED
CUST_RUR_03007,rural_agri,21250.39,0.7587,0.1456,-0.047,35.6,0.125,0,-3266.23,27.7,0.73,0.0122,0.0164,0.8038,0,RURAL_AGRI_ALLIED
CUST_SAL_03008,salaried_tier1,76409.71,0.0205,0.3135,0.172,69.0,0.3123,0,-12914.79,0.89,8.36,0.0229,0.1062,2.1521,0,EARLY_CAREER_SALARIED
CUST_GIG_03009,gig_worker,28906.21,0.6103,0.0449,0.0758,7.3,0.0866,2,-1729.33,2.85,11.1,0.1331,0.128,0.7181,0,EARLY_CAREER_GIG
CUST_SAL_03010,salaried_tier1,72413.06,0.0937,0.4011,-0.0369,77.6,0.5112,0,-17144.5,17.07,4.49,0.0454,0.0438,1.9077,1,ESTABLISHED_FAMILY_HIGH_DEBT
CUST_KIR_03011,kirana_msme,68229.99,0.1795,0.2374,0.2007,64.1,0.0597,0,1219.28,-20.93,14.72,0.0097,0.0515,1.2941,0,MSME_KIRANA_SEASONAL
CUST_SAL_03012,salaried_tier1,109334.65,0.044,0.2578,0.1491,77.2,0.3769,1,-11621.45,10.62,2.52,0.0494,0.0618,2.4999,0,EARLY_CAREER_SALARIED
CUST_KIR_03013,kirana_msme,71401.91,0.4401,0.0878,0.0637,42.0,0.0567,0,-5564.48,8.9,24.2,0.0207,0.2006,1.7917,0,MSME_KIRANA_SEASONAL
CUST_KIR_03014,kirana_msme,39446.5,0.2536,0.2035,0.0699,27.2,0.1415,0,-6166.55,-4.97,7.94,0.0266,0.0606,1.1399,0,MSME_KIRANA_SEASONAL
CUST_GIG_03015,gig_worker,33593.36,0.5717,0.079,-0.1435,37.1,0.1777,2,-3399.2,19.82,17.97,0.1999,0.0854,1.2984,0,EARLY_CAREER_GIG
CUST_KIR_03016,kirana_msme,83780.76,0.3896,0.1929,0.1625,66.3,0.0553,0,10741.46,-8.28,13.52,0.0262,0.1787,0.9254,0,MSME_KIRANA_SEASONAL
CUST_GIG_03017,gig_worker,19600.05,0.3862,0.1577,0.0374,14.1,0.1171,0,-2485.24,3.16,25.36,0.1869,0.1462,0.7348,0,EARLY_CAREER_GIG
CUST_KIR_03018,kirana_msme,57494.86,0.3325,0.1937,0.2267,68.9,0.0631,0,-4778.64,-2.55,16.8,0.0099,0.2201,1.6899,0,MSME_KIRANA_SEASONAL
CUST_SAL_03019,salaried_tier1,82232.24,0.0783,0.3341,0.3229,112.4,0.4346,1,14484.93,1.75,8.28,0.0395,0.0473,2.4352,0,EARLY_CAREER_SALARIED
CUST_GIG_03020,gig_worker,21010.84,0.376,0.1659,0.1435,42.5,0.2169,3,-2997.88,10.7,18.45,0.0737,0.1378,0.9607,0,EARLY_CAREER_GIG
CUST_SAL_03021,salaried_tier1,77100.83,0.0263,0.3946,0.2568,34.7,0.4448,1,24105.82,15.6,6.1,0.0118,0.0619,2.7824,0,ESTABLISHED_FAMILY_HIGH_DEBT
CUST_KIR_03022,kirana_msme,64358.12,0.1507,0.1409,0.2767,68.3,0.1202,0,19998.51,11.01,16.1,0.0269,0.0692,1.0463,0,MSME_KIRANA_SEASONAL
CUST_GIG_03023,gig_worker,16628.12,0.3214,0.0985,0.0251,41.0,0.1966,1,-2301.58,-10.31,22.27,0.1403,0.0559,0.7626,0,EARLY_CAREER_GIG
CUST_KIR_03024,kirana_msme,70597.87,0.358,0.2773,0.287,76.7,0.1818,0,21211.24,5.5,5.79,0.0067,0.1263,1.1627,0,MSME_KIRANA_SEASONAL
CUST_SAL_03025,salaried_tier1,39646.43,0.0682,0.4762,0.0705,112.9,0.2353,1,5483.74,31.34,7.43,0.079,0.081,1.5368,0,ESTABLISHED_FAMILY_HIGH_DEBT
CUST_KIR_03026,kirana_msme,41858.95,0.2253,0.0941,0.2809,79.7,0.0977,0,7075.15,7.0,8.99,0.023,0.1154,1.0118,0,MSME_KIRANA_SEASONAL
CUST_RUR_03027,rural_agri,19204.97,0.4318,0.0932,0.0946,43.6,0.1364,3,396.96,-10.68,4.07,0.0225,0.0576,1.1029,0,RURAL_AGRI_ALLIED
CUST_GIG_03028,gig_worker,11998.81,0.6096,0.0646,0.0916,18.8,0.248,0,-45.78,23.51,11.59,0.1134,0.0436,1.2874,0,EARLY_CAREER_GIG
CUST_GIG_03029,gig_worker,31873.08,0.51,0.0118,-0.0523,26.4,0.118,1,-4955.09,-13.98,12.05,0.1236,0.1274,1.1714,0,EARLY_CAREER_GIG
CUST_GIG_03030,gig_worker,19863.0,0.5831,0.1887,0.1394,21.2,0.2171,2,1250.73,51.14,8.55,0.0954,0.1361,0.8011,0,EARLY_CAREER_GIG
CUST_SAL_03031,salaried_tier1,83049.07,0.0244,0.3743,0.2092,82.4,0.4413,0,26584.44,11.4,6.64,0.0463,0.098,2.6701,0,ESTABLISHED_FAMILY_HIGH_DEBT
CUST_KIR_03032,kirana_msme,39507.23,0.156,0.1239,0.1926,76.4,0.1378,0,-202.95,28.17,16.56,0.0213,0.2233,1.0591,0,MSME_KIRANA_SEASONAL
CUST_GIG_03033,gig_worker,33328.38,0.626,0.1988,0.1311,33.1,0.1772,0,859.6,11.93,25.95,0.1926,0.1177,1.3348,0,EARLY_CAREER_GIG
CUST_SAL_03034,salaried_tier1,67372.23,0.0719,0.4737,0.1232,102.1,0.1946,0,6278.62,0.84,8.85,0.0181,0.0303,2.1274,0,ESTABLISHED_FAMILY_HIGH_DEBT
CUST_SAL_03035,salaried_tier1,92355.75,0.0532,0.4832,0.1106,94.9,0.3601,1,-6692.31,-5.4,5.63,0.0779,0.0938,1.9256,0,ESTABLISHED_FAMILY_HIGH_DEBT
CUST_SAL_03036,salaried_tier1,25250.59,0.0408,0.3641,0.3451,37.5,0.247,0,7200.91,-6.61,7.1,0.0369,0.1044,2.5292,0,ESTABLISHED_FAMILY_HIGH_DEBT
CUST_KIR_03037,kirana_msme,39320.87,0.3072,0.0502,0.0975,32.3,0.088,0,-4339.9,12.44,24.68,0.0178,0.2025,0.9951,0,MSME_KIRANA_SEASONAL
CUST_RUR_03038,rural_agri,25464.66,0.6247,0.2321,-0.0443,20.1,0.0412,2,679.73,35.07,5.49,0.0206,0.041,0.8141,0,RURAL_AGRI_ALLIED
CUST_SAL_03039,salaried_tier1,52902.75,0.0704,0.2316,0.1716,72.4,0.5055,1,11585.08,-0.55,2.25,0.0691,0.0201,2.1334,0,EARLY_CAREER_SALARIED
CUST_KIR_03040,kirana_msme,64474.07,0.2614,0.2817,0.2102,65.3,0.1062,0,-3721.87,28.05,19.32,0.0159,0.1333,1.5382,0,MSME_KIRANA_SEASONAL
CUST_SAL_03041,salaried_tier1,88903.88,0.0923,0.394,-0.0442,79.9,0.395,0,822.77,25.65,8.51,0.0593,0.1093,2.056,0,ESTABLISHED_FAMILY_HIGH_DEBT
CUST_RUR_03042,rural_agri,12530.06,0.3998,0.0444,0.1419,13.2,0.0617,0,-338.65,-6.79,1.37,0.0012,0.0362,0.999,0,RURAL_AGRI_ALLIED
CUST_SAL_03043,salaried_tier1,103893.74,0.0615,0.3764,0.1823,83.1,0.1743,0,4951.72,8.71,5.11,0.0785,0.0344,2.432,0,ESTABLISHED_FAMILY_HIGH_DEBT
CUST_KIR_03044,kirana_msme,57219.35,0.3995,0.1364,0.2263,23.5,0.1196,0,9673.47,22.57,6.0,0.0175,0.121,1.0741,0,MSME_KIRANA_SEASONAL
CUST_GIG_03045,gig_worker,15175.32,0.453,0.1987,0.1371,32.7,0.1155,0,4249.24,29.72,16.47,0.1924,0.0886,1.3948,0,EARLY_CAREER_GIG
CUST_GIG_03046,gig_worker,25271.56,0.3193,0.1772,0.0224,7.5,0.182,1,1085.95,5.91,25.42,0.102,0.1,1.0059,0,EARLY_CAREER_GIG
CUST_KIR_03047,kirana_msme,34486.85,0.234,0.061,0.0908,49.7,0.0697,0,-3241.45,40.57,13.54,0.0121,0.1035,1.7679,0,MSME_KIRANA_SEASONAL
CUST_KIR_03048,kirana_msme,18000.0,0.3601,0.2874,0.2695,28.3,0.1478,0,25.19,17.22,14.29,0.0147,0.1676,1.4331,0,MSME_KIRANA_SEASONAL
CUST_KIR_03049,kirana_msme,60838.1,0.2979,0.2237,0.1756,88.5,0.1904,0,-74.91,12.67,13.63,0.0031,0.1308,1.1859,0,MSME_KIRANA_SEASONAL
CUST_SAL_03050,salaried_tier1,68296.56,0.0365,0.3495,0.2877,60.6,0.5462,0,24961.93,13.06,4.95,0.0108,0.0811,2.1367,0,EARLY_CAREER_SALARIED
CUST_SAL_03051,salaried_tier1,94581.67,0.0453,0.3701,0.222,37.0,0.5199,0,13042.15,5.48,10.65,0.0751,0.0994,1.5693,0,ESTABLISHED_FAMILY_HIGH_DEBT
CUST_KIR_03052,kirana_msme,46543.96,0.2011,0.1598,0.2819,75.6,0.1673,0,2566.05,-9.12,12.37,0.0012,0.1776,1.7343,0,MSME_KIRANA_SEASONAL
CUST_SAL_03053,salaried_tier1,72029.93,0.0952,0.3832,-0.0245,18.1,0.5102,0,-3949.84,12.03,4.98,0.0581,0.0485,2.2997,0,ESTABLISHED_FAMILY_HIGH_DEBT
CUST_SAL_03054,salaried_tier1,84213.18,0.0479,0.4491,0.3203,79.0,0.4314,1,28605.88,18.91,5.52,0.0794,0.0229,2.5967,0,ESTABLISHED_FAMILY_HIGH_DEBT
CUST_GIG_03055,gig_worker,17123.34,0.5072,0.1411,-0.1478,21.9,0.1876,0,-5738.15,8.34,11.09,0.085,0.1156,1.0915,0,EARLY_CAREER_GIG
CUST_RUR_03056,rural_agri,20542.07,0.7488,0.1261,0.0481,59.5,0.1064,2,-2357.62,-26.76,1.72,0.0142,0.0566,0.9525,0,RURAL_AGRI_ALLIED
CUST_GIG_03057,gig_worker,22231.25,0.5303,0.0356,0.0011,21.4,0.2245,0,496.16,-21.58,13.91,0.0382,0.14,1.0486,0,EARLY_CAREER_GIG
CUST_SAL_03058,salaried_tier1,30574.59,0.0404,0.1852,0.005,66.1,0.4884,0,5537.33,20.89,9.92,0.0294,0.0868,2.3804,0,EARLY_CAREER_SALARIED
CUST_SAL_03059,salaried_tier1,62887.35,0.0395,0.3675,-0.025,50.1,0.5033,0,-1105.44,-6.52,4.66,0.0275,0.0437,2.0677,0,ESTABLISHED_FAMILY_HIGH_DEBT
CUST_RUR_03060,rural_agri,22662.23,0.7656,0.1572,0.0521,39.1,0.0316,1,-139.07,-6.82,4.47,0.0282,0.059,0.9968,0,RURAL_AGRI_ALLIED
CUST_SAL_03061,salaried_tier1,73525.05,0.0782,0.2872,0.3177,67.8,0.4216,2,23198.46,32.42,8.45,0.0216,0.1151,2.6909,0,EARLY_CAREER_SALARIED
CUST_SAL_03062,salaried_tier1,79880.06,0.0222,0.515,0.3094,105.0,0.301,0,17151.8,0.9,11.48,0.0465,0.0281,2.0247,0,ESTABLISHED_FAMILY_HIGH_DEBT
CUST_GIG_03063,gig_worker,23661.39,0.5284,0.0177,0.1132,25.6,0.2827,0,1959.31,3.59,17.42,0.0542,0.0626,1.2148,0,EARLY_CAREER_GIG
CUST_GIG_03064,gig_worker,13635.08,0.4462,0.0918,0.01,10.8,0.1975,0,-36.29,7.67,19.72,0.0552,0.1381,0.8574,0,EARLY_CAREER_GIG
CUST_GIG_03065,gig_worker,30052.25,0.4906,0.0783,-0.0638,10.1,0.1278,1,-10220.69,-14.9,15.7,0.0507,0.0315,1.3973,0,EARLY_CAREER_GIG
CUST_SAL_03066,salaried_tier1,43212.08,0.0731,0.4054,0.3149,88.5,0.216,0,5274.02,-8.42,7.59,0.0154,0.0247,1.7356,0,ESTABLISHED_FAMILY_HIGH_DEBT
CUST_SAL_03067,salaried_tier1,44658.64,0.0816,0.2831,0.1477,96.1,0.232,0,-4689.48,0.68,11.89,0.0411,0.0571,2.5813,0,EARLY_CAREER_SALARIED
CUST_RUR_03068,rural_agri,18293.17,0.6648,0.0291,0.0907,19.8,0.1082,0,-789.05,13.5,1.86,0.011,0.0215,0.5806,0,RURAL_AGRI_ALLIED
CUST_SAL_03069,salaried_tier1,89715.8,0.0985,0.3662,0.0452,112.4,0.4296,2,86.0,-11.14,9.75,0.0723,0.0959,2.3463,1,ESTABLISHED_FAMILY_HIGH_DEBT
CUST_GIG_03070,gig_worker,26960.94,0.3966,0.0997,0.0405,4.2,0.1345,0,427.25,-2.94,14.63,0.1227,0.1298,1.3949,0,EARLY_CAREER_GIG
CUST_GIG_03071,gig_worker,23746.51,0.3208,0.1639,0.0861,38.2,0.1408,0,292.12,-18.71,15.81,0.0419,0.0464,1.2243,0,EARLY_CAREER_GIG
CUST_GIG_03072,gig_worker,10035.64,0.5354,0.091,0.0584,3.6,0.0821,0,-1348.07,-2.18,13.45,0.1461,0.0507,1.484,0,EARLY_CAREER_GIG
CUST_KIR_03073,kirana_msme,39624.68,0.2191,0.2327,0.0999,36.8,0.0655,1,3417.37,7.57,24.91,0.0053,0.0541,1.0476,0,MSME_KIRANA_SEASONAL
CUST_SAL_03074,salaried_tier1,72326.64,0.0409,0.4039,0.1966,23.4,0.5143,0,-12027.22,13.82,5.07,0.0706,0.0583,1.7537,1,ESTABLISHED_FAMILY_HIGH_DEBT
CUST_GIG_03075,gig_worker,32944.72,0.3494,0.1337,-0.0319,41.3,0.1085,0,181.97,8.09,15.62,0.0552,0.1314,0.6594,0,EARLY_CAREER_GIG
CUST_RUR_03076,rural_agri,16939.44,0.7822,0.0341,0.0669,24.4,0.1499,0,-2058.62,5.79,4.36,0.0163,0.056,0.5334,0,RURAL_AGRI_ALLIED
CUST_RUR_03077,rural_agri,23592.04,0.7267,0.2432,0.1259,47.2,0.0935,0,-5690.34,-13.15,1.31,0.0123,0.0595,0.9669,0,RURAL_AGRI_ALLIED
CUST_SAL_03078,salaried_tier1,110705.75,0.0417,0.5383,0.0595,108.2,0.5211,0,2083.0,2.73,6.58,0.0744,0.0943,2.5551,0,ESTABLISHED_FAMILY_HIGH_DEBT
CUST_SAL_03079,salaried_tier1,94811.63,0.0889,0.484,0.0359,59.7,0.3955,0,-4417.53,19.63,8.93,0.0514,0.0767,1.935,1,ESTABLISHED_FAMILY_HIGH_DEBT
CUST_RUR_03080,rural_agri,24584.94,0.3882,0.1652,0.1687,5.5,0.1476,0,-808.54,7.55,5.22,0.0354,0.0174,0.508,0,RURAL_AGRI_ALLIED
CUST_GIG_03081,gig_worker,10000.0,0.58,0.1477,0.0369,40.7,0.2695,0,-815.95,-5.77,15.48,0.1034,0.1467,1.3908,0,EARLY_CAREER_GIG
CUST_RUR_03082,rural_agri,22913.35,0.3583,0.2219,0.1466,47.8,0.0971,0,6849.28,9.69,2.44,0.001,0.0787,1.1187,0,RURAL_AGRI_ALLIED
CUST_SAL_03083,salaried_tier1,114917.09,0.0767,0.4653,0.1723,83.9,0.4745,0,-2705.05,17.9,10.75,0.0219,0.1147,2.7413,1,ESTABLISHED_FAMILY_HIGH_DEBT
CUST_GIG_03084,gig_worker,16854.66,0.3005,0.1733,-0.0203,26.5,0.285,0,-2820.6,-3.88,17.41,0.0662,0.1324,1.2875,0,EARLY_CAREER_GIG
CUST_GIG_03085,gig_worker,31744.66,0.2768,0.0833,0.0916,39.1,0.2506,0,259.46,15.32,22.83,0.0559,0.1014,1.0562,0,EARLY_CAREER_GIG
CUST_GIG_03086,gig_worker,20554.22,0.4667,0.1402,0.069,13.6,0.0831,1,-2470.79,18.7,23.95,0.1358,0.1473,1.4182,0,EARLY_CAREER_GIG
CUST_KIR_03087,kirana_msme,18000.0,0.1634,0.1406,0.0509,42.7,0.1927,0,2095.3,10.21,8.73,0.0235,0.1625,1.3454,0,MSME_KIRANA_SEASONAL
CUST_SAL_03088,salaried_tier1,76924.89,0.077,0.4721,-0.0131,87.7,0.4762,0,1542.41,20.32,5.24,0.0698,0.098,1.8862,1,ESTABLISHED_FAMILY_HIGH_DEBT
CUST_GIG_03089,gig_worker,30881.54,0.3437,0.1409,-0.0775,4.7,0.1425,0,-5964.47,5.98,18.18,0.0605,0.1491,1.3591,1,EARLY_CAREER_GIG
CUST_SAL_03090,salaried_tier1,74010.07,0.0877,0.3281,0.0456,99.3,0.368,0,-9091.02,-15.36,11.48,0.0357,0.0264,2.7344,0,EARLY_CAREER_SALARIED
CUST_KIR_03091,kirana_msme,43545.33,0.2609,0.0772,0.0638,61.2,0.1703,0,-1289.09,2.47,10.41,0.0221,0.1222,1.3242,0,MSME_KIRANA_SEASONAL
CUST_RUR_03092,rural_agri,17490.73,0.5428,0.1298,0.1955,8.6,0.1101,0,2404.21,2.59,1.69,0.008,0.027,0.8513,0,RURAL_AGRI_ALLIED
CUST_KIR_03093,kirana_msme,60855.92,0.3163,0.0501,0.0814,79.0,0.0908,0,8571.0,19.02,8.1,0.0269,0.1756,1.6745,0,MSME_KIRANA_SEASONAL
CUST_RUR_03094,rural_agri,29693.63,0.6339,0.1929,0.0981,9.4,0.0651,3,-2254.48,-3.02,3.1,0.0178,0.016,0.6564,0,RURAL_AGRI_ALLIED
CUST_SAL_03095,salaried_tier1,91344.01,0.0612,0.4108,0.1204,106.4,0.415,0,722.63,3.63,10.27,0.0614,0.1105,2.1208,0,ESTABLISHED_FAMILY_HIGH_DEBT
CUST_GIG_03096,gig_worker,15511.44,0.5225,0.1801,0.1264,28.5,0.1978,3,388.91,4.51,26.55,0.1858,0.0647,1.1215,0,EARLY_CAREER_GIG
CUST_RUR_03097,rural_agri,20087.96,0.6018,0.0392,-0.0677,57.5,0.0806,1,-2966.44,-6.51,5.28,0.0283,0.0442,1.1341,0,RURAL_AGRI_ALLIED
CUST_SAL_03098,salaried_tier1,62968.46,0.0859,0.5492,0.3319,52.8,0.3624,0,15055.72,20.69,6.57,0.0623,0.0218,1.8939,0,ESTABLISHED_FAMILY_HIGH_DEBT
CUST_SAL_03099,salaried_tier1,115265.82,0.0713,0.2926,0.0449,38.1,0.1662,0,2187.64,-20.21,2.03,0.0131,0.0327,2.5642,0,EARLY_CAREER_SALARIED
CUST_KIR_03100,kirana_msme,33807.47,0.2471,0.2165,0.1229,57.1,0.1477,0,4094.16,-8.18,11.96,0.0233,0.1978,1.2133,0,MSME_KIRANA_SEASONAL
CUST_SAL_03101,salaried_tier1,50057.27,0.0837,0.3937,0.3011,89.9,0.458,0,20117.36,-3.43,6.85,0.014,0.0648,1.6196,0,ESTABLISHED_FAMILY_HIGH_DEBT
CUST_GIG_03102,gig_worker,27670.46,0.2621,0.0065,0.121,8.2,0.2274,1,2497.07,-8.97,18.93,0.0687,0.1408,1.0031,0,EARLY_CAREER_GIG
CUST_RUR_03103,rural_agri,9369.98,0.6433,0.1288,-0.0557,8.7,0.0464,0,-1331.55,11.92,5.08,0.0029,0.019,0.719,0,RURAL_AGRI_ALLIED
CUST_KIR_03104,kirana_msme,47133.83,0.2736,0.0765,0.1034,40.1,0.1679,0,661.45,-4.28,21.77,0.0258,0.2265,1.009,0,MSME_KIRANA_SEASONAL
CUST_SAL_03105,salaried_tier1,63159.83,0.0543,0.4973,0.0571,80.8,0.4653,0,-9319.13,9.24,8.69,0.0608,0.116,1.8473,1,ESTABLISHED_FAMILY_HIGH_DEBT
CUST_KIR_03106,kirana_msme,34376.8,0.3928,0.2838,0.1477,42.0,0.1284,1,3111.76,16.08,19.18,0.0244,0.2077,0.8508,0,MSME_KIRANA_SEASONAL
CUST_GIG_03107,gig_worker,20086.91,0.3728,0.0017,-0.0388,9.7,0.2394,0,-4130.7,1.25,13.87,0.0524,0.0458,1.234,0,EARLY_CAREER_GIG
CUST_SAL_03108,salaried_tier1,76826.14,0.0405,0.2872,-0.0289,108.7,0.2053,0,-22981.07,16.3,9.72,0.0438,0.0583,1.9933,0,EARLY_CAREER_SALARIED
CUST_GIG_03109,gig_worker,21278.8,0.6414,0.0967,-0.0227,9.3,0.2646,0,-3931.69,4.34,16.78,0.1042,0.1478,0.6946,0,EARLY_CAREER_GIG
CUST_GIG_03110,gig_worker,27801.41,0.4067,0.1297,-0.0485,26.7,0.1832,0,-7290.33,2.66,15.68,0.167,0.0894,1.0838,0,EARLY_CAREER_GIG
CUST_GIG_03111,gig_worker,20988.54,0.3235,0.0786,-0.0878,39.5,0.2049,0,-6142.26,8.34,10.61,0.1757,0.088,1.309,0,EARLY_CAREER_GIG
CUST_SAL_03112,salaried_tier1,118435.36,0.0915,0.5063,0.3071,58.8,0.4498,0,12313.18,-9.01,5.42,0.0425,0.1091,2.5805,0,ESTABLISHED_FAMILY_HIGH_DEBT
CUST_GIG_03113,gig_worker,22888.88,0.6058,0.1464,0.1124,30.5,0.2587,0,2724.54,19.16,11.62,0.0342,0.0937,1.4715,0,EARLY_CAREER_GIG
CUST_SAL_03114,salaried_tier1,94527.35,0.0874,0.394,0.1044,79.4,0.4949,1,-8247.24,27.27,3.22,0.0103,0.0692,1.541,0,ESTABLISHED_FAMILY_HIGH_DEBT
CUST_SAL_03115,salaried_tier1,44959.03,0.0367,0.3079,-0.0464,102.1,0.3035,0,1149.53,-6.88,8.15,0.0478,0.0409,1.9221,0,EARLY_CAREER_SALARIED
CUST_RUR_03116,rural_agri,31614.31,0.5745,0.1866,-0.0181,7.7,0.0367,0,-4320.19,-0.04,3.46,0.0379,0.0688,0.7854,1,RURAL_AGRI_ALLIED
CUST_GIG_03117,gig_worker,19300.94,0.3594,0.1249,0.0955,24.8,0.0901,3,-3813.92,-12.08,26.29,0.1682,0.0796,0.8649,0,EARLY_CAREER_GIG
CUST_SAL_03118,salaried_tier1,116259.39,0.0381,0.1874,0.057,20.0,0.178,0,2580.8,27.55,4.48,0.0756,0.0776,1.7059,0,EARLY_CAREER_SALARIED
CUST_SAL_03119,salaried_tier1,25000.0,0.0953,0.4422,0.085,113.3,0.4908,2,4514.45,-1.27,11.55,0.048,0.0872,1.6251,1,ESTABLISHED_FAMILY_HIGH_DEBT
CUST_SAL_03120,salaried_tier1,64842.32,0.0377,0.1826,0.332,92.0,0.3571,0,8998.41,-5.64,3.78,0.0543,0.0881,2.2949,0,EARLY_CAREER_SALARIED
CUST_SAL_03121,salaried_tier1,99401.09,0.0301,0.4474,0.0884,87.6,0.5232,1,-20527.07,11.62,3.93,0.0612,0.0836,2.4589,1,ESTABLISHED_FAMILY_HIGH_DEBT
CUST_SAL_03122,salaried_tier1,91080.56,0.042,0.2885,0.1583,60.6,0.3903,0,-9674.15,5.77,11.7,0.0617,0.1185,2.2865,0,EARLY_CAREER_SALARIED
CUST_SAL_03123,salaried_tier1,102082.07,0.075,0.4175,0.2387,106.6,0.2411,0,6993.63,-10.41,4.93,0.0792,0.0986,2.2843,0,ESTABLISHED_FAMILY_HIGH_DEBT
CUST_KIR_03124,kirana_msme,18000.0,0.4062,0.2478,0.133,80.5,0.187,0,-433.09,5.0,20.41,0.0096,0.1555,0.9592,0,MSME_KIRANA_SEASONAL
CUST_GIG_03125,gig_worker,34389.33,0.2663,0.125,0.0816,3.5,0.245,0,-4665.95,3.81,17.11,0.1238,0.0705,1.2283,0,EARLY_CAREER_GIG
CUST_GIG_03126,gig_worker,25265.92,0.6431,0.1701,0.1109,28.1,0.0978,2,3300.24,-0.75,18.34,0.1757,0.0867,0.7061,0,EARLY_CAREER_GIG
CUST_GIG_03127,gig_worker,27645.91,0.2677,0.0552,-0.0393,3.5,0.1629,0,-2734.7,14.78,8.09,0.076,0.134,1.0657,0,EARLY_CAREER_GIG
CUST_SAL_03128,salaried_tier1,104658.76,0.02,0.3389,0.0562,50.3,0.3895,1,16618.73,9.26,9.68,0.0134,0.0527,1.7362,0,EARLY_CAREER_SALARIED
CUST_RUR_03129,rural_agri,18304.66,0.5067,0.0103,0.1478,47.9,0.0633,1,-1884.16,0.28,4.73,0.0346,0.0163,0.7539,0,RURAL_AGRI_ALLIED
CUST_RUR_03130,rural_agri,22831.75,0.3916,0.0306,0.0007,51.1,0.0512,0,-4358.72,14.67,2.46,0.0357,0.0384,0.7004,0,RURAL_AGRI_ALLIED
CUST_RUR_03131,rural_agri,12348.94,0.6518,0.1337,0.1605,56.3,0.1161,4,-2139.15,3.25,0.72,0.0252,0.0261,0.9176,0,RURAL_AGRI_ALLIED
CUST_RUR_03132,rural_agri,11738.65,0.501,0.0716,-0.0491,47.1,0.0774,2,-3323.88,11.19,4.63,0.0198,0.0605,1.1179,0,RURAL_AGRI_ALLIED
CUST_RUR_03133,rural_agri,31054.67,0.6774,0.1407,0.0927,16.7,0.1011,0,-4099.81,12.29,2.76,0.0155,0.0314,0.7996,0,RURAL_AGRI_ALLIED
CUST_KIR_03134,kirana_msme,62326.94,0.1632,0.1768,0.2628,20.3,0.0914,0,11895.23,5.05,17.14,0.0152,0.0803,0.8815,0,MSME_KIRANA_SEASONAL
CUST_SAL_03135,salaried_tier1,51136.78,0.0753,0.3686,0.0931,84.8,0.2268,0,3075.74,22.41,6.59,0.0378,0.0941,2.2141,0,ESTABLISHED_FAMILY_HIGH_DEBT
CUST_GIG_03136,gig_worker,10000.0,0.5616,0.0284,0.0039,25.0,0.2964,3,59.45,12.38,17.46,0.123,0.0684,1.3193,0,EARLY_CAREER_GIG
CUST_GIG_03137,gig_worker,19186.35,0.4095,0.1075,-0.1126,18.5,0.0992,3,-3199.63,6.64,20.41,0.0648,0.0701,1.2761,0,EARLY_CAREER_GIG
CUST_GIG_03138,gig_worker,21301.75,0.5356,0.1788,0.0759,25.0,0.1031,1,-1361.65,20.88,14.95,0.0824,0.0731,0.6951,0,EARLY_CAREER_GIG
CUST_KIR_03139,kirana_msme,49738.73,0.4075,0.1727,0.0765,60.3,0.1731,0,-2956.81,1.66,18.54,0.0296,0.2149,1.6377,0,MSME_KIRANA_SEASONAL
CUST_SAL_03140,salaried_tier1,79146.26,0.0979,0.2582,0.0307,73.8,0.2303,0,-3083.0,25.87,10.1,0.0727,0.0682,2.5884,0,EARLY_CAREER_SALARIED
CUST_KIR_03141,kirana_msme,55066.07,0.1553,0.2494,0.244,41.1,0.1592,0,4349.72,3.87,19.01,0.0214,0.2466,1.3762,0,MSME_KIRANA_SEASONAL
CUST_RUR_03142,rural_agri,20143.12,0.7382,0.1085,0.1386,52.9,0.1316,3,3216.8,13.06,2.91,0.0087,0.0226,0.6537,0,RURAL_AGRI_ALLIED
CUST_GIG_03143,gig_worker,31123.76,0.6249,0.0173,-0.1014,15.2,0.2157,0,-5216.92,19.09,9.28,0.0569,0.0758,1.308,1,EARLY_CAREER_GIG
CUST_KIR_03144,kirana_msme,49120.79,0.2825,0.0814,0.1888,45.0,0.1019,0,-488.1,-11.36,19.52,0.0084,0.2335,1.7789,0,MSME_KIRANA_SEASONAL
CUST_SAL_03145,salaried_tier1,34283.2,0.0959,0.4541,0.0668,80.6,0.3876,0,-10339.12,-7.28,9.01,0.0332,0.033,1.6239,0,ESTABLISHED_FAMILY_HIGH_DEBT
CUST_KIR_03146,kirana_msme,33858.77,0.4458,0.2509,0.1223,71.8,0.0704,0,2811.96,-4.74,11.67,0.0294,0.0742,0.8596,0,MSME_KIRANA_SEASONAL
CUST_RUR_03147,rural_agri,10501.18,0.455,0.0845,-0.0385,56.8,0.1387,3,-282.96,-17.78,1.78,0.0306,0.0779,0.5745,0,RURAL_AGRI_ALLIED
CUST_GIG_03148,gig_worker,20919.95,0.6027,0.1949,0.1403,9.2,0.2009,0,1449.14,-0.63,18.94,0.1399,0.0695,0.7754,0,EARLY_CAREER_GIG
CUST_GIG_03149,gig_worker,14408.99,0.5147,0.1242,0.1056,13.7,0.086,2,851.28,23.48,17.12,0.0433,0.0898,1.4178,0,EARLY_CAREER_GIG
CUST_KIR_03150,kirana_msme,39728.1,0.3616,0.0839,0.0724,47.9,0.0616,0,-250.22,-9.36,16.74,0.0173,0.2456,1.2631,0,MSME_KIRANA_SEASONAL
CUST_GIG_03151,gig_worker,12930.86,0.3402,0.0195,-0.0192,30.3,0.2176,1,1665.58,5.54,14.43,0.1216,0.147,1.0199,0,EARLY_CAREER_GIG
CUST_SAL_03152,salaried_tier1,52316.81,0.0548,0.4065,0.1613,18.1,0.3816,0,1269.07,-10.89,5.12,0.0701,0.0248,1.9439,0,ESTABLISHED_FAMILY_HIGH_DEBT
CUST_GIG_03153,gig_worker,32512.46,0.5411,0.1505,-0.0923,41.3,0.1711,0,-4216.65,-12.61,20.08,0.0514,0.1452,1.2013,0,EARLY_CAREER_GIG
CUST_KIR_03154,kirana_msme,25265.23,0.4358,0.2255,0.1919,64.2,0.1761,0,921.33,-6.8,18.95,0.0169,0.2433,0.9146,0,MSME_KIRANA_SEASONAL
CUST_KIR_03155,kirana_msme,44183.17,0.3538,0.0943,0.2124,77.8,0.0736,0,-976.4,2.27,5.16,0.001,0.1763,0.8683,0,MSME_KIRANA_SEASONAL
CUST_GIG_03156,gig_worker,18050.48,0.3697,0.0688,0.0791,14.2,0.1426,0,1250.28,-13.67,27.11,0.0748,0.041,1.0167,0,EARLY_CAREER_GIG
CUST_RUR_03157,rural_agri,10127.14,0.7405,0.0819,0.1325,57.2,0.1429,1,-96.62,-11.74,4.11,0.0064,0.0722,1.1883,0,RURAL_AGRI_ALLIED
CUST_SAL_03158,salaried_tier1,79666.96,0.0906,0.4809,0.078,41.9,0.4435,0,10127.27,-10.27,3.82,0.0206,0.079,1.5908,0,ESTABLISHED_FAMILY_HIGH_DEBT
CUST_RUR_03159,rural_agri,21503.04,0.6486,0.0767,0.1632,18.8,0.1007,0,788.17,8.44,2.54,0.0124,0.0525,1.0265,0,RURAL_AGRI_ALLIED
CUST_SAL_03160,salaried_tier1,54845.82,0.0836,0.384,0.0285,108.5,0.4847,2,6992.79,1.71,8.76,0.0705,0.0253,2.2397,1,ESTABLISHED_FAMILY_HIGH_DEBT
CUST_KIR_03161,kirana_msme,36527.32,0.1502,0.2098,0.1633,79.1,0.0886,0,2786.78,21.45,15.77,0.011,0.1179,0.8775,0,MSME_KIRANA_SEASONAL
CUST_SAL_03162,salaried_tier1,69270.8,0.0357,0.235,0.0527,63.2,0.3478,1,-11311.85,13.46,7.87,0.0297,0.1018,2.6597,0,EARLY_CAREER_SALARIED
CUST_KIR_03163,kirana_msme,49739.71,0.3754,0.244,0.1766,77.0,0.1688,0,10145.92,2.5,15.59,0.0009,0.0538,1.7214,0,MSME_KIRANA_SEASONAL
CUST_KIR_03164,kirana_msme,36598.39,0.2297,0.1976,0.2462,38.0,0.1615,0,-4662.07,25.67,11.51,0.0262,0.1306,1.3256,0,MSME_KIRANA_SEASONAL
CUST_SAL_03165,salaried_tier1,68349.42,0.0778,0.3328,0.0375,28.0,0.2045,0,2558.93,-37.25,3.31,0.0706,0.1183,2.2188,0,EARLY_CAREER_SALARIED
CUST_KIR_03166,kirana_msme,64034.54,0.3324,0.1358,0.1358,65.1,0.1332,0,-8441.05,25.85,20.59,0.0091,0.2018,1.7414,0,MSME_KIRANA_SEASONAL
CUST_RUR_03167,rural_agri,16815.76,0.4193,0.1082,-0.0845,42.7,0.12,0,-2129.79,37.04,3.75,0.0037,0.0598,0.8257,0,RURAL_AGRI_ALLIED
CUST_SAL_03168,salaried_tier1,88393.03,0.0276,0.463,0.194,90.1,0.2546,0,20846.48,-4.92,5.9,0.0503,0.0752,2.5739,0,ESTABLISHED_FAMILY_HIGH_DEBT
CUST_GIG_03169,gig_worker,19998.49,0.4421,0.1804,-0.0332,35.9,0.1432,2,-3102.34,-1.43,15.1,0.1486,0.0915,0.9776,0,EARLY_CAREER_GIG
CUST_KIR_03170,kirana_msme,52345.05,0.4262,0.0922,0.1924,22.4,0.0936,0,1069.4,14.04,5.88,0.0234,0.0905,1.5359,0,MSME_KIRANA_SEASONAL
CUST_GIG_03171,gig_worker,32416.52,0.3445,0.0439,-0.1315,19.5,0.1015,0,-11005.38,15.98,11.1,0.1885,0.1255,0.6088,0,EARLY_CAREER_GIG
CUST_SAL_03172,salaried_tier1,46053.42,0.0497,0.5155,0.2455,94.8,0.3756,0,9575.18,24.59,9.41,0.0613,0.0231,2.1614,0,ESTABLISHED_FAMILY_HIGH_DEBT
CUST_SAL_03173,salaried_tier1,64862.5,0.0919,0.5314,0.2629,30.9,0.2999,0,5205.83,-27.94,9.73,0.0719,0.1061,2.3478,0,ESTABLISHED_FAMILY_HIGH_DEBT
CUST_SAL_03174,salaried_tier1,115495.5,0.0403,0.3115,0.1979,36.7,0.5495,0,27652.54,-7.0,7.54,0.0416,0.0442,2.2181,0,EARLY_CAREER_SALARIED
CUST_SAL_03175,salaried_tier1,38716.66,0.0299,0.5202,0.23,32.7,0.5298,0,2496.41,34.62,3.33,0.0609,0.0771,1.8063,0,ESTABLISHED_FAMILY_HIGH_DEBT
CUST_SAL_03176,salaried_tier1,66051.37,0.0741,0.4435,0.1952,52.0,0.2028,0,16722.28,-4.17,3.9,0.0446,0.0597,2.4993,0,ESTABLISHED_FAMILY_HIGH_DEBT
CUST_GIG_03177,gig_worker,19571.05,0.4062,0.1108,-0.122,27.4,0.0848,0,-7819.9,-24.73,21.74,0.1611,0.0343,1.0519,0,EARLY_CAREER_GIG
CUST_RUR_03178,rural_agri,11351.96,0.6719,0.1506,0.1369,59.1,0.139,1,1760.56,19.92,1.34,0.0022,0.0473,1.1256,0,RURAL_AGRI_ALLIED
CUST_RUR_03179,rural_agri,18745.85,0.4186,0.0123,-0.025,44.7,0.0961,0,-3622.72,-0.61,4.64,0.0477,0.0712,0.7868,0,RURAL_AGRI_ALLIED
CUST_GIG_03180,gig_worker,15627.54,0.6163,0.1554,-0.0242,27.5,0.1992,0,-1166.48,35.1,12.0,0.1462,0.0428,1.3741,0,EARLY_CAREER_GIG
CUST_SAL_03181,salaried_tier1,62895.88,0.0698,0.5484,0.0516,29.3,0.3159,0,-8753.87,-27.19,7.64,0.0716,0.1061,1.5319,0,ESTABLISHED_FAMILY_HIGH_DEBT
CUST_SAL_03182,salaried_tier1,66960.02,0.0216,0.2638,0.3106,68.7,0.4692,0,29348.7,35.3,3.69,0.0616,0.0987,2.3801,0,EARLY_CAREER_SALARIED
CUST_KIR_03183,kirana_msme,66206.75,0.3643,0.1764,0.1937,20.6,0.075,0,15385.87,-1.12,21.18,0.0219,0.1473,1.5456,0,MSME_KIRANA_SEASONAL
CUST_SAL_03184,salaried_tier1,109848.53,0.0831,0.1772,-0.0488,95.5,0.266,1,-3020.2,8.67,7.86,0.0177,0.0603,1.7405,0,EARLY_CAREER_SALARIED
CUST_KIR_03185,kirana_msme,29285.62,0.4268,0.2059,0.0765,21.1,0.0524,0,1858.49,-15.36,12.17,0.0089,0.1333,1.7116,0,MSME_KIRANA_SEASONAL
CUST_KIR_03186,kirana_msme,20812.15,0.4207,0.1659,0.1759,85.0,0.1252,0,5451.07,24.55,19.21,0.0118,0.1677,1.1632,0,MSME_KIRANA_SEASONAL
CUST_KIR_03187,kirana_msme,40215.65,0.219,0.1926,0.2844,68.5,0.0963,1,13249.94,7.87,24.67,0.0058,0.2499,1.1427,0,MSME_KIRANA_SEASONAL
CUST_KIR_03188,kirana_msme,57826.22,0.3833,0.168,0.0635,45.0,0.1463,0,5835.7,5.05,10.06,0.0146,0.1957,0.9952,0,MSME_KIRANA_SEASONAL
CUST_RUR_03189,rural_agri,28251.28,0.6079,0.1258,-0.0119,10.3,0.055,2,4108.94,0.47,5.06,0.0202,0.039,0.6687,1,RURAL_AGRI_ALLIED
CUST_GIG_03190,gig_worker,12791.08,0.3163,0.1723,0.03,7.8,0.2751,0,-621.84,-12.81,13.64,0.1199,0.0508,1.4904,0,EARLY_CAREER_GIG
CUST_KIR_03191,kirana_msme,28573.8,0.2349,0.2925,0.0596,54.8,0.1444,0,-4299.27,6.82,20.22,0.0287,0.2011,1.5545,0,MSME_KIRANA_SEASONAL
CUST_RUR_03192,rural_agri,16941.7,0.4382,0.0783,0.0082,23.7,0.094,0,2752.76,16.78,5.54,0.0203,0.0256,0.8616,0,RURAL_AGRI_ALLIED
CUST_RUR_03193,rural_agri,13411.33,0.7875,0.081,-0.0586,20.5,0.1457,0,-4563.82,11.61,1.07,0.0383,0.0165,1.1537,0,RURAL_AGRI_ALLIED
CUST_KIR_03194,kirana_msme,73290.62,0.442,0.0632,0.0979,64.8,0.1845,0,-6674.18,23.19,19.91,0.0062,0.0527,1.2656,0,MSME_KIRANA_SEASONAL
CUST_KIR_03195,kirana_msme,72781.61,0.2767,0.1785,0.2711,53.5,0.0511,0,-3095.06,40.23,19.61,0.027,0.1072,1.4177,0,MSME_KIRANA_SEASONAL
CUST_KIR_03196,kirana_msme,59415.55,0.3593,0.2334,0.252,38.1,0.1618,0,5970.05,6.56,14.77,0.0151,0.0696,1.6424,0,MSME_KIRANA_SEASONAL
CUST_RUR_03197,rural_agri,12234.67,0.6009,0.0105,0.177,52.5,0.0533,1,1295.58,-7.02,4.92,0.0378,0.0795,0.9219,0,RURAL_AGRI_ALLIED
CUST_RUR_03198,rural_agri,29459.38,0.4429,0.0591,0.1407,46.5,0.0544,3,2670.15,-6.97,1.1,0.0176,0.0721,0.5943,0,RURAL_AGRI_ALLIED
CUST_SAL_03199,salaried_tier1,78753.52,0.0679,0.5451,0.2562,25.7,0.4413,0,4886.57,1.81,2.19,0.0267,0.0699,2.7505,0,ESTABLISHED_FAMILY_HIGH_DEBT
CUST_KIR_03200,kirana_msme,18000.0,0.2882,0.2698,0.1763,85.9,0.0722,0,1037.25,-23.34,10.66,0.0104,0.2302,1.4565,0,MSME_KIRANA_SEASONAL
CUST_GIG_03201,gig_worker,16214.17,0.3207,0.0125,0.1205,5.0,0.1936,0,612.42,1.37,17.87,0.1065,0.1198,0.9452,0,EARLY_CAREER_GIG
CUST_KIR_03202,kirana_msme,44239.99,0.2867,0.086,0.1689,41.2,0.1992,0,4979.58,5.11,17.33,0.0104,0.1449,1.1786,0,MSME_KIRANA_SEASONAL
CUST_SAL_03203,salaried_tier1,76436.47,0.0557,0.3127,0.2137,91.4,0.5228,0,3169.36,-13.59,5.42,0.0602,0.0342,2.4075,0,EARLY_CAREER_SALARIED
CUST_RUR_03204,rural_agri,27739.06,0.4167,0.1712,0.0488,10.1,0.0764,3,-4572.78,13.66,2.53,0.0027,0.0191,1.1925,1,RURAL_AGRI_ALLIED
CUST_GIG_03205,gig_worker,17216.39,0.5745,0.0826,0.0767,15.4,0.2395,0,-3551.53,5.86,19.97,0.1066,0.0859,1.0908,0,EARLY_CAREER_GIG
CUST_RUR_03206,rural_agri,22507.07,0.6115,0.0758,0.0308,42.2,0.0422,0,-3511.19,2.34,5.46,0.0287,0.0466,0.5233,0,RURAL_AGRI_ALLIED
CUST_RUR_03207,rural_agri,22918.12,0.5057,0.1984,-0.0391,32.1,0.0453,0,-3970.42,18.72,3.52,0.039,0.0757,0.6836,0,RURAL_AGRI_ALLIED
CUST_GIG_03208,gig_worker,36380.97,0.359,0.0045,-0.073,27.6,0.1232,0,-309.17,-5.47,15.97,0.0411,0.0779,1.2371,0,EARLY_CAREER_GIG
CUST_KIR_03209,kirana_msme,52989.29,0.4394,0.2019,0.1525,47.3,0.0536,0,-7566.29,21.84,14.8,0.001,0.1072,1.5972,0,MSME_KIRANA_SEASONAL
CUST_GIG_03210,gig_worker,33569.66,0.5035,0.0066,0.1406,10.6,0.1406,2,75.58,18.92,16.02,0.177,0.1065,0.7709,0,EARLY_CAREER_GIG
CUST_SAL_03211,salaried_tier1,59576.28,0.0657,0.5452,0.3358,68.4,0.1885,0,22953.62,12.67,8.69,0.0346,0.0919,1.8492,0,ESTABLISHED_FAMILY_HIGH_DEBT
CUST_GIG_03212,gig_worker,19427.17,0.4362,0.1868,0.027,30.7,0.0843,1,1746.21,13.55,17.2,0.1674,0.0929,0.9495,0,EARLY_CAREER_GIG
CUST_SAL_03213,salaried_tier1,54837.12,0.0215,0.1687,0.3335,48.9,0.4302,0,12034.97,8.16,7.79,0.0312,0.1087,2.2432,0,EARLY_CAREER_SALARIED
CUST_GIG_03214,gig_worker,24013.01,0.5886,0.0631,0.0144,3.4,0.2971,1,-4688.27,2.6,27.66,0.0457,0.0857,0.9253,0,EARLY_CAREER_GIG
CUST_SAL_03215,salaried_tier1,52780.24,0.0958,0.3209,0.0799,82.3,0.4233,3,-7761.48,-21.28,9.53,0.0368,0.0371,2.2099,0,EARLY_CAREER_SALARIED
CUST_SAL_03216,salaried_tier1,105871.35,0.0525,0.5317,0.3431,70.0,0.3734,0,16853.0,11.55,11.85,0.0128,0.061,1.9623,0,ESTABLISHED_FAMILY_HIGH_DEBT
CUST_SAL_03217,salaried_tier1,72580.66,0.05,0.5169,0.3446,96.0,0.3993,0,16314.47,7.77,9.77,0.0302,0.0669,2.713,0,ESTABLISHED_FAMILY_HIGH_DEBT
CUST_SAL_03218,salaried_tier1,75606.65,0.0737,0.2799,0.3295,96.8,0.3487,1,9591.36,9.19,8.92,0.0207,0.0697,2.6126,0,EARLY_CAREER_SALARIED
CUST_GIG_03219,gig_worker,27448.86,0.2566,0.0024,0.1178,4.6,0.1532,3,685.2,36.32,20.96,0.1417,0.0681,1.222,0,EARLY_CAREER_GIG
CUST_GIG_03220,gig_worker,30378.18,0.3787,0.0143,-0.0896,20.2,0.2798,0,-8117.51,7.08,11.93,0.1226,0.0513,0.6808,0,EARLY_CAREER_GIG
CUST_KIR_03221,kirana_msme,52447.88,0.4032,0.1448,0.2336,60.8,0.0535,0,9542.19,2.08,6.67,0.0017,0.2422,0.8529,0,MSME_KIRANA_SEASONAL
CUST_SAL_03222,salaried_tier1,64728.67,0.0545,0.3901,0.2688,20.4,0.3171,3,10248.11,11.94,6.0,0.0293,0.0334,1.6569,0,ESTABLISHED_FAMILY_HIGH_DEBT
CUST_SAL_03223,salaried_tier1,28866.19,0.0862,0.1863,0.0087,110.2,0.4769,0,-6796.67,-6.92,4.92,0.0754,0.0692,2.3112,0,EARLY_CAREER_SALARIED
CUST_SAL_03224,salaried_tier1,61209.62,0.0226,0.2408,-0.0086,19.7,0.2049,0,-8588.05,5.34,7.84,0.0326,0.0341,2.0408,1,EARLY_CAREER_SALARIED
CUST_SAL_03225,salaried_tier1,87037.96,0.0428,0.3739,0.1909,51.9,0.4183,0,19152.57,-0.58,2.15,0.0345,0.0317,1.9735,0,ESTABLISHED_FAMILY_HIGH_DEBT
CUST_RUR_03226,rural_agri,20813.34,0.3049,0.0259,0.1365,26.4,0.0355,2,6144.09,18.82,2.62,0.0487,0.0111,0.7119,0,RURAL_AGRI_ALLIED
CUST_SAL_03227,salaried_tier1,95967.47,0.0845,0.3246,0.0535,42.6,0.2822,0,12473.38,19.13,7.0,0.0382,0.0994,2.5899,0,EARLY_CAREER_SALARIED
CUST_KIR_03228,kirana_msme,34989.45,0.1965,0.2061,0.1596,59.3,0.1965,0,3051.08,-5.37,12.6,0.0189,0.0526,1.3909,0,MSME_KIRANA_SEASONAL
CUST_SAL_03229,salaried_tier1,75216.84,0.0734,0.3039,0.1176,67.3,0.4536,0,-11802.95,4.59,2.14,0.0323,0.072,2.0812,0,EARLY_CAREER_SALARIED
CUST_SAL_03230,salaried_tier1,72862.76,0.0826,0.3822,0.3085,30.4,0.3299,0,19622.23,3.22,5.08,0.0101,0.1174,2.6355,0,ESTABLISHED_FAMILY_HIGH_DEBT
CUST_KIR_03231,kirana_msme,42111.8,0.3142,0.1,0.1923,44.4,0.0648,0,10123.14,-0.85,18.56,0.0272,0.0858,0.8817,0,MSME_KIRANA_SEASONAL
CUST_GIG_03232,gig_worker,30557.24,0.3853,0.1972,0.1076,40.6,0.094,0,-2697.77,35.78,21.44,0.032,0.1268,0.7524,0,EARLY_CAREER_GIG
CUST_SAL_03233,salaried_tier1,113622.38,0.0358,0.2633,0.145,86.2,0.2588,0,34985.52,12.34,4.74,0.0492,0.0549,2.5538,0,EARLY_CAREER_SALARIED
CUST_SAL_03234,salaried_tier1,68532.03,0.0931,0.4069,0.1763,65.4,0.2443,0,6715.59,-2.42,7.61,0.0457,0.0896,2.075,0,ESTABLISHED_FAMILY_HIGH_DEBT
CUST_KIR_03235,kirana_msme,25963.47,0.4219,0.2204,0.073,69.9,0.1322,0,-1766.9,25.92,17.36,0.0269,0.2327,1.7898,0,MSME_KIRANA_SEASONAL
CUST_SAL_03236,salaried_tier1,79045.73,0.0558,0.45,0.2375,48.0,0.2175,0,16240.07,5.42,7.68,0.0249,0.0477,2.3802,0,ESTABLISHED_FAMILY_HIGH_DEBT
CUST_SAL_03237,salaried_tier1,66351.91,0.0825,0.1522,0.2974,77.5,0.2461,0,22132.03,-1.34,6.24,0.0331,0.0735,1.7609,0,EARLY_CAREER_SALARIED
CUST_RUR_03238,rural_agri,11673.54,0.7171,0.1253,0.086,13.3,0.12,4,-592.71,-1.97,5.79,0.0017,0.0125,0.8377,0,RURAL_AGRI_ALLIED
CUST_GIG_03239,gig_worker,37239.24,0.5868,0.0165,0.047,23.0,0.2115,0,-1650.1,3.22,12.11,0.1103,0.0528,1.0056,0,EARLY_CAREER_GIG
CUST_GIG_03240,gig_worker,23404.16,0.279,0.0875,0.144,3.4,0.1607,1,-118.72,3.16,19.21,0.0739,0.0567,0.743,0,EARLY_CAREER_GIG
CUST_KIR_03241,kirana_msme,28399.09,0.2352,0.1233,0.1317,64.9,0.1614,0,-509.13,4.77,21.27,0.03,0.1413,1.4105,0,MSME_KIRANA_SEASONAL
CUST_KIR_03242,kirana_msme,50540.91,0.4152,0.1622,0.224,52.6,0.1786,1,14892.83,6.09,14.49,0.0024,0.0782,1.0433,0,MSME_KIRANA_SEASONAL
CUST_KIR_03243,kirana_msme,69430.22,0.318,0.1222,0.1067,61.3,0.0782,0,-7837.6,-1.1,22.23,0.0011,0.2167,1.1184,0,MSME_KIRANA_SEASONAL
CUST_GIG_03244,gig_worker,12664.17,0.5865,0.1814,-0.0641,35.9,0.1482,0,811.04,12.58,21.57,0.0745,0.0858,0.7734,0,EARLY_CAREER_GIG
CUST_GIG_03245,gig_worker,21615.73,0.4848,0.183,-0.1374,36.4,0.1342,1,-4629.18,3.64,26.51,0.1165,0.1318,1.2457,0,EARLY_CAREER_GIG
CUST_SAL_03246,salaried_tier1,100807.03,0.0585,0.5372,-0.0186,42.8,0.5375,0,-40456.5,9.91,2.81,0.0299,0.024,2.2425,1,ESTABLISHED_FAMILY_HIGH_DEBT
CUST_KIR_03247,kirana_msme,52558.07,0.2254,0.1332,0.1923,25.9,0.171,0,7117.43,14.2,7.35,0.004,0.1197,1.7655,0,MSME_KIRANA_SEASONAL
CUST_KIR_03248,kirana_msme,33137.48,0.3027,0.163,0.2317,71.3,0.1359,0,1272.05,3.63,12.94,0.0004,0.0926,1.6423,0,MSME_KIRANA_SEASONAL
CUST_RUR_03249,rural_agri,13710.96,0.6775,0.1383,-0.0323,46.8,0.1102,0,-2254.14,17.63,1.48,0.0386,0.0778,1.188,0,RURAL_AGRI_ALLIED
CUST_GIG_03250,gig_worker,20984.37,0.3609,0.1282,0.1146,28.9,0.295,0,1489.51,41.54,26.55,0.1026,0.1454,1.3433,0,EARLY_CAREER_GIG
CUST_KIR_03251,kirana_msme,45140.94,0.2891,0.2851,0.1356,66.1,0.0511,0,578.23,-8.36,12.1,0.0094,0.1752,1.7135,0,MSME_KIRANA_SEASONAL
CUST_SAL_03252,salaried_tier1,48790.07,0.0744,0.519,0.1832,16.1,0.2556,2,-3416.26,21.72,3.16,0.0736,0.1165,2.6834,1,ESTABLISHED_FAMILY_HIGH_DEBT
CUST_GIG_03253,gig_worker,10000.0,0.3113,0.0734,0.1283,37.1,0.1527,0,1136.0,-3.02,17.32,0.1594,0.0952,0.9654,0,EARLY_CAREER_GIG
CUST_SAL_03254,salaried_tier1,107260.18,0.0606,0.3981,0.2658,72.3,0.5409,0,25854.32,10.47,4.48,0.0472,0.0656,2.6956,0,ESTABLISHED_FAMILY_HIGH_DEBT
CUST_KIR_03255,kirana_msme,58610.18,0.3912,0.0993,0.2933,58.3,0.1872,0,3019.18,-1.77,11.91,0.0231,0.056,1.4494,0,MSME_KIRANA_SEASONAL
CUST_SAL_03256,salaried_tier1,54782.93,0.0929,0.4013,0.2174,104.4,0.4432,0,4542.36,-23.38,11.78,0.025,0.082,2.3028,0,ESTABLISHED_FAMILY_HIGH_DEBT
CUST_GIG_03257,gig_worker,22014.7,0.2875,0.1925,0.0688,17.4,0.1417,3,411.18,10.22,18.74,0.0665,0.1494,0.8462,0,EARLY_CAREER_GIG
CUST_SAL_03258,salaried_tier1,74936.14,0.097,0.4644,0.2896,56.8,0.3067,0,15883.73,21.0,11.01,0.0193,0.0891,2.4875,0,ESTABLISHED_FAMILY_HIGH_DEBT
CUST_KIR_03259,kirana_msme,63036.08,0.335,0.16,0.2365,87.3,0.0985,0,168.03,4.69,21.91,0.0131,0.1399,1.1145,0,MSME_KIRANA_SEASONAL
CUST_RUR_03260,rural_agri,29649.72,0.6233,0.2208,-0.0448,8.3,0.0764,1,189.14,-7.78,4.29,0.0037,0.0653,0.7,0,RURAL_AGRI_ALLIED
CUST_SAL_03261,salaried_tier1,88432.08,0.0819,0.4755,0.0789,116.8,0.4361,0,-8336.3,1.54,8.65,0.0218,0.1102,2.1211,1,ESTABLISHED_FAMILY_HIGH_DEBT
CUST_KIR_03262,kirana_msme,42255.7,0.2857,0.2458,0.211,50.6,0.0889,0,8698.75,42.03,17.62,0.0182,0.1735,1.3792,0,MSME_KIRANA_SEASONAL
CUST_KIR_03263,kirana_msme,33065.28,0.3321,0.0617,0.0663,37.3,0.0791,0,-3067.46,21.02,7.34,0.0074,0.0509,1.1713,0,MSME_KIRANA_SEASONAL
CUST_SAL_03264,salaried_tier1,85819.29,0.0279,0.1549,0.1494,63.5,0.2266,0,-9371.03,-8.82,9.98,0.0311,0.0419,1.5399,0,EARLY_CAREER_SALARIED
CUST_GIG_03265,gig_worker,12808.64,0.4597,0.0957,0.0837,23.5,0.1215,0,-3481.24,-12.45,8.97,0.1826,0.1129,1.4264,0,EARLY_CAREER_GIG
CUST_SAL_03266,salaried_tier1,74705.2,0.0725,0.4266,0.1289,54.3,0.4573,1,-15173.04,26.37,7.52,0.0155,0.0273,2.6888,1,ESTABLISHED_FAMILY_HIGH_DEBT
CUST_KIR_03267,kirana_msme,80072.56,0.403,0.0601,0.281,43.2,0.057,0,14020.95,32.95,20.37,0.0241,0.2243,1.7342,0,MSME_KIRANA_SEASONAL
CUST_GIG_03268,gig_worker,15617.94,0.4936,0.1469,-0.0309,19.8,0.2899,0,-3617.56,-4.49,25.26,0.1387,0.0311,1.4877,0,EARLY_CAREER_GIG
CUST_GIG_03269,gig_worker,14561.21,0.5811,0.1326,-0.0459,35.9,0.1467,0,751.91,31.18,8.05,0.1715,0.1053,0.7553,0,EARLY_CAREER_GIG
CUST_GIG_03270,gig_worker,29161.89,0.587,0.0882,0.0914,36.0,0.1239,0,6492.56,-3.06,24.62,0.0341,0.0568,1.3514,0,EARLY_CAREER_GIG
CUST_SAL_03271,salaried_tier1,48598.34,0.0372,0.3087,0.2752,40.6,0.3828,0,3421.08,10.63,5.94,0.0256,0.1092,2.5633,0,EARLY_CAREER_SALARIED
CUST_SAL_03272,salaried_tier1,57037.38,0.0309,0.2549,0.0852,94.2,0.4338,0,-4414.87,8.22,9.52,0.0214,0.0324,2.7702,0,EARLY_CAREER_SALARIED
CUST_GIG_03273,gig_worker,35627.16,0.3718,0.0965,-0.0922,21.0,0.159,0,-9543.58,0.45,9.85,0.0459,0.0613,1.0191,0,EARLY_CAREER_GIG
CUST_KIR_03274,kirana_msme,44480.95,0.214,0.273,0.2645,41.0,0.1213,1,6730.51,2.74,21.97,0.0248,0.2383,1.3241,0,MSME_KIRANA_SEASONAL
CUST_RUR_03275,rural_agri,20155.82,0.5651,0.0746,-0.0254,44.0,0.0709,1,-4745.69,8.53,2.87,0.0097,0.0703,0.9986,0,RURAL_AGRI_ALLIED
CUST_RUR_03276,rural_agri,8883.88,0.7208,0.0659,0.0679,5.1,0.1428,3,1120.04,11.58,2.83,0.0089,0.0445,0.9973,0,RURAL_AGRI_ALLIED
CUST_RUR_03277,rural_agri,27317.84,0.4566,0.215,0.0318,5.1,0.1178,3,-1555.59,4.59,3.0,0.0403,0.0719,0.8391,1,RURAL_AGRI_ALLIED
CUST_KIR_03278,kirana_msme,63115.01,0.3096,0.1655,0.193,45.0,0.0788,0,8550.68,-22.81,12.58,0.0265,0.0946,1.41,0,MSME_KIRANA_SEASONAL
CUST_KIR_03279,kirana_msme,51244.53,0.3219,0.2723,0.0735,47.6,0.1716,0,2437.66,-8.83,8.05,0.0101,0.1351,1.7267,0,MSME_KIRANA_SEASONAL
CUST_GIG_03280,gig_worker,20728.61,0.4434,0.0978,0.1108,28.1,0.2618,2,1726.84,17.62,13.71,0.1148,0.1321,1.1094,0,EARLY_CAREER_GIG
CUST_KIR_03281,kirana_msme,41055.98,0.2844,0.2195,0.0778,52.6,0.0724,0,3132.08,16.03,7.83,0.02,0.1773,1.7428,0,MSME_KIRANA_SEASONAL
CUST_SAL_03282,salaried_tier1,52493.6,0.0332,0.5185,0.1587,117.5,0.3297,0,-2932.42,0.25,9.97,0.0262,0.0488,2.5261,0,ESTABLISHED_FAMILY_HIGH_DEBT
CUST_RUR_03283,rural_agri,29201.33,0.7915,0.191,-0.066,21.1,0.0715,0,4615.09,-7.63,2.48,0.0246,0.0473,1.0502,0,RURAL_AGRI_ALLIED
CUST_RUR_03284,rural_agri,22155.53,0.3185,0.1513,0.09,45.6,0.1133,3,694.29,12.94,2.64,0.0391,0.0693,0.5549,0,RURAL_AGRI_ALLIED
CUST_KIR_03285,kirana_msme,50089.17,0.3691,0.1055,0.2059,55.7,0.0888,0,3451.31,9.65,14.35,0.0175,0.2147,0.9478,0,MSME_KIRANA_SEASONAL
CUST_SAL_03286,salaried_tier1,85138.03,0.0682,0.1701,0.0233,43.1,0.5047,0,-16087.32,17.53,2.47,0.0105,0.1148,2.6876,0,EARLY_CAREER_SALARIED
CUST_KIR_03287,kirana_msme,52293.6,0.2567,0.1983,0.2638,67.8,0.0598,0,5581.7,12.2,14.58,0.0066,0.0503,0.8675,0,MSME_KIRANA_SEASONAL
CUST_RUR_03288,rural_agri,22126.83,0.7901,0.0379,0.1309,45.4,0.0645,0,1712.18,-17.13,5.52,0.044,0.053,0.6237,0,RURAL_AGRI_ALLIED
CUST_RUR_03289,rural_agri,26898.35,0.6092,0.1588,-0.0788,20.8,0.1109,0,-5185.0,33.54,2.45,0.0249,0.0354,0.7317,0,RURAL_AGRI_ALLIED
CUST_SAL_03290,salaried_tier1,63948.42,0.0866,0.3339,0.0921,60.6,0.2199,0,-2151.48,-0.08,5.59,0.0433,0.035,2.1702,0,EARLY_CAREER_SALARIED
CUST_SAL_03291,salaried_tier1,87593.8,0.0227,0.5471,0.3326,71.9,0.4375,1,17416.63,16.12,5.16,0.0178,0.0764,1.8266,0,ESTABLISHED_FAMILY_HIGH_DEBT
CUST_RUR_03292,rural_agri,23540.28,0.6238,0.0999,0.1695,28.9,0.0538,4,-1148.52,36.85,1.64,0.0182,0.0529,0.809,0,RURAL_AGRI_ALLIED
CUST_KIR_03293,kirana_msme,32715.98,0.2445,0.2372,0.2126,26.2,0.0973,0,5065.27,4.71,18.41,0.0022,0.1714,1.662,0,MSME_KIRANA_SEASONAL
CUST_KIR_03294,kirana_msme,49996.05,0.3628,0.0726,0.2288,63.0,0.0997,0,13881.84,4.66,16.99,0.0055,0.1092,1.4456,0,MSME_KIRANA_SEASONAL
CUST_RUR_03295,rural_agri,16549.52,0.439,0.241,0.0134,44.0,0.1018,0,-3789.49,-1.04,2.65,0.0495,0.0668,0.769,0,RURAL_AGRI_ALLIED
CUST_SAL_03296,salaried_tier1,72136.08,0.0705,0.4413,0.2783,106.7,0.1599,0,-4963.45,-12.18,7.32,0.054,0.1082,2.2941,0,ESTABLISHED_FAMILY_HIGH_DEBT
CUST_GIG_03297,gig_worker,28799.84,0.5758,0.0406,0.0642,13.8,0.1567,0,-1427.87,-13.07,8.59,0.1616,0.1316,0.9968,0,EARLY_CAREER_GIG
CUST_SAL_03298,salaried_tier1,56251.89,0.0336,0.5006,0.1421,26.7,0.2519,2,-65.33,0.6,7.16,0.0468,0.0312,2.162,0,ESTABLISHED_FAMILY_HIGH_DEBT
CUST_KIR_03299,kirana_msme,58744.64,0.3805,0.1337,0.1878,31.6,0.1934,0,4248.31,-21.27,11.36,0.0072,0.2073,1.1743,0,MSME_KIRANA_SEASONAL
CUST_RUR_03300,rural_agri,13191.6,0.4299,0.1464,0.0803,8.0,0.0473,0,-2258.07,-3.91,1.19,0.012,0.0342,0.5492,0,RURAL_AGRI_ALLIED
CUST_KIR_03301,kirana_msme,38489.32,0.3475,0.2487,0.2012,34.1,0.0996,0,4666.16,-2.29,10.1,0.028,0.1775,1.232,0,MSME_KIRANA_SEASONAL
CUST_RUR_03302,rural_agri,10065.14,0.549,0.1714,0.0038,43.0,0.0768,0,-533.92,33.31,4.08,0.0112,0.068,0.594,0,RURAL_AGRI_ALLIED
CUST_GIG_03303,gig_worker,10000.0,0.6365,0.1585,0.0773,11.6,0.1322,0,481.96,2.46,15.42,0.083,0.1064,1.1747,0,EARLY_CAREER_GIG
CUST_KIR_03304,kirana_msme,55789.77,0.2885,0.2815,0.1099,63.2,0.1992,0,472.74,24.76,6.28,0.0258,0.1484,0.8015,0,MSME_KIRANA_SEASONAL
CUST_SAL_03305,salaried_tier1,65819.03,0.0886,0.3374,0.22,18.5,0.2052,1,18703.97,6.48,5.35,0.0564,0.0793,1.9071,0,EARLY_CAREER_SALARIED
CUST_KIR_03306,kirana_msme,60339.62,0.3106,0.1536,0.1428,20.3,0.056,0,5027.43,-1.18,22.61,0.0149,0.086,1.7295,0,MSME_KIRANA_SEASONAL
CUST_KIR_03307,kirana_msme,45704.06,0.3912,0.1767,0.2024,62.7,0.0547,0,9579.44,9.28,14.78,0.0131,0.1553,1.664,0,MSME_KIRANA_SEASONAL
CUST_SAL_03308,salaried_tier1,67580.5,0.0368,0.1733,0.2107,118.4,0.4498,0,3189.92,18.44,2.5,0.0472,0.0299,2.1414,0,EARLY_CAREER_SALARIED
CUST_KIR_03309,kirana_msme,54599.05,0.2668,0.0508,0.0549,59.5,0.1628,0,-2090.34,0.71,9.58,0.0222,0.2154,1.7115,0,MSME_KIRANA_SEASONAL
CUST_KIR_03310,kirana_msme,57962.07,0.3292,0.1205,0.2208,69.7,0.0794,0,21686.93,-12.82,19.98,0.02,0.1452,1.2221,0,MSME_KIRANA_SEASONAL
CUST_GIG_03311,gig_worker,17346.59,0.2618,0.1382,0.1458,16.0,0.2846,0,-821.08,-4.89,8.24,0.153,0.1136,0.8024,0,EARLY_CAREER_GIG
CUST_GIG_03312,gig_worker,20430.17,0.4427,0.0998,-0.0084,15.1,0.1357,1,-1362.2,11.56,20.2,0.1739,0.1304,0.8481,0,EARLY_CAREER_GIG
CUST_GIG_03313,gig_worker,11392.75,0.4066,0.057,0.0111,36.8,0.2731,1,-19.99,0.9,27.16,0.1259,0.0874,1.0351,0,EARLY_CAREER_GIG
CUST_SAL_03314,salaried_tier1,77683.06,0.0896,0.1791,0.2556,59.6,0.4315,0,7122.01,3.69,10.81,0.0384,0.1093,2.7649,0,EARLY_CAREER_SALARIED
CUST_SAL_03315,salaried_tier1,64978.31,0.0274,0.2063,0.3387,92.4,0.5,3,-687.82,-2.15,8.88,0.0229,0.0752,1.9916,0,EARLY_CAREER_SALARIED
CUST_GIG_03316,gig_worker,24306.28,0.6299,0.0244,0.0007,31.9,0.1891,2,-4972.13,-4.87,8.48,0.0951,0.0967,0.7497,0,EARLY_CAREER_GIG
CUST_KIR_03317,kirana_msme,37051.72,0.2828,0.2886,0.2032,54.8,0.104,0,6129.0,-7.67,21.45,0.0195,0.2081,1.5343,0,MSME_KIRANA_SEASONAL
CUST_SAL_03318,salaried_tier1,70184.73,0.0583,0.4591,0.2464,88.9,0.426,0,19088.71,8.64,10.91,0.0331,0.1005,2.7044,0,ESTABLISHED_FAMILY_HIGH_DEBT
CUST_RUR_03319,rural_agri,32440.63,0.3815,0.0218,0.146,36.5,0.0447,0,3910.65,14.94,5.32,0.0254,0.0504,0.7088,0,RURAL_AGRI_ALLIED
CUST_GIG_03320,gig_worker,32484.5,0.3252,0.0227,-0.0185,10.6,0.137,0,-3955.58,8.43,25.32,0.0684,0.1496,0.9635,0,EARLY_CAREER_GIG
CUST_KIR_03321,kirana_msme,48374.81,0.4384,0.2373,0.111,51.0,0.1138,0,-5522.66,3.61,12.63,0.0148,0.1082,1.6859,0,MSME_KIRANA_SEASONAL
CUST_SAL_03322,salaried_tier1,47909.47,0.0557,0.3758,0.348,94.6,0.5368,0,18219.68,12.39,4.87,0.0676,0.0628,1.8498,0,ESTABLISHED_FAMILY_HIGH_DEBT
CUST_GIG_03323,gig_worker,23122.72,0.56,0.1472,-0.0397,25.5,0.0812,0,-4116.06,18.15,25.5,0.0658,0.129,1.1314,0,EARLY_CAREER_GIG
CUST_GIG_03324,gig_worker,10797.56,0.5313,0.198,-0.0284,41.6,0.209,2,-3065.82,-4.64,23.24,0.1719,0.1299,0.7955,0,EARLY_CAREER_GIG
CUST_GIG_03325,gig_worker,10000.0,0.3872,0.0602,-0.0647,32.1,0.2231,0,-1398.07,18.73,13.82,0.0643,0.1197,1.2224,0,EARLY_CAREER_GIG
CUST_GIG_03326,gig_worker,26543.69,0.3332,0.0334,-0.034,36.2,0.1188,0,-7527.5,9.32,16.32,0.0779,0.0651,0.6285,0,EARLY_CAREER_GIG
CUST_RUR_03327,rural_agri,24337.62,0.756,0.0968,-0.0336,28.5,0.1458,0,-3957.51,5.94,5.01,0.0134,0.0654,1.1869,0,RURAL_AGRI_ALLIED
CUST_KIR_03328,kirana_msme,30412.47,0.2919,0.1757,0.2141,68.8,0.1964,0,-3459.22,33.85,12.85,0.0035,0.0618,1.4878,0,MSME_KIRANA_SEASONAL
CUST_SAL_03329,salaried_tier1,77041.35,0.0506,0.4011,0.3051,57.4,0.3411,1,17064.8,4.15,10.0,0.0755,0.0771,2.2153,0,ESTABLISHED_FAMILY_HIGH_DEBT
CUST_GIG_03330,gig_worker,17095.31,0.5889,0.0549,-0.0221,28.4,0.1938,3,3930.07,30.13,9.63,0.0806,0.0309,1.4646,0,EARLY_CAREER_GIG
CUST_GIG_03331,gig_worker,17358.09,0.3284,0.0347,0.0033,31.5,0.1496,0,-1781.82,4.29,25.17,0.077,0.0805,1.3187,0,EARLY_CAREER_GIG
CUST_GIG_03332,gig_worker,18154.02,0.4919,0.1892,0.0671,22.0,0.1607,0,2190.55,14.25,10.25,0.0404,0.0426,1.2805,0,EARLY_CAREER_GIG
CUST_SAL_03333,salaried_tier1,52938.58,0.0422,0.2028,-0.0038,74.6,0.5127,0,-2650.21,0.5,7.08,0.0433,0.1137,2.5408,0,EARLY_CAREER_SALARIED
CUST_SAL_03334,salaried_tier1,53447.94,0.0857,0.2177,0.156,81.9,0.4476,0,1247.78,28.86,9.06,0.0418,0.0381,1.5139,0,EARLY_CAREER_SALARIED
CUST_RUR_03335,rural_agri,27616.77,0.6329,0.1096,0.0622,20.5,0.0836,0,2314.41,3.76,4.83,0.0205,0.0486,0.7017,0,RURAL_AGRI_ALLIED
CUST_GIG_03336,gig_worker,20536.09,0.4731,0.1403,-0.0333,17.8,0.0989,0,1078.03,-11.53,19.63,0.0782,0.0615,1.2363,0,EARLY_CAREER_GIG
CUST_RUR_03337,rural_agri,19365.59,0.3367,0.2232,0.0973,52.3,0.0486,3,-1.85,6.2,5.49,0.0393,0.0163,1.1705,0,RURAL_AGRI_ALLIED
CUST_GIG_03338,gig_worker,17921.64,0.2702,0.1256,0.019,43.4,0.2763,0,-4039.15,-25.59,16.26,0.0525,0.1341,1.1484,0,EARLY_CAREER_GIG
CUST_GIG_03339,gig_worker,24506.28,0.4099,0.0507,0.113,10.7,0.1933,1,-1221.86,0.41,24.37,0.1824,0.0471,1.3642,0,EARLY_CAREER_GIG
CUST_GIG_03340,gig_worker,22197.86,0.3761,0.0334,-0.1033,28.8,0.0904,0,-2843.1,7.81,20.02,0.1705,0.0618,1.2972,0,EARLY_CAREER_GIG
CUST_RUR_03341,rural_agri,19046.42,0.7103,0.1145,-0.0404,31.1,0.0559,0,291.66,30.44,1.52,0.0441,0.0181,0.6033,0,RURAL_AGRI_ALLIED
CUST_GIG_03342,gig_worker,23640.48,0.3387,0.0845,0.0765,39.6,0.1401,0,2880.9,12.83,19.92,0.0773,0.1372,0.8948,0,EARLY_CAREER_GIG
CUST_GIG_03343,gig_worker,16442.57,0.4455,0.1583,0.1117,29.6,0.2387,0,-2057.85,25.34,20.1,0.0679,0.144,1.267,0,EARLY_CAREER_GIG
CUST_SAL_03344,salaried_tier1,84567.24,0.0313,0.3685,-0.0399,35.7,0.2624,0,-11382.06,2.17,6.67,0.0493,0.1124,2.5662,0,ESTABLISHED_FAMILY_HIGH_DEBT
CUST_KIR_03345,kirana_msme,31222.35,0.2677,0.1485,0.1976,82.5,0.1975,0,6113.86,4.11,18.64,0.02,0.1548,1.3051,0,MSME_KIRANA_SEASONAL
CUST_GIG_03346,gig_worker,10000.0,0.5581,0.0382,-0.0198,32.3,0.2127,0,-2592.03,-4.23,23.04,0.1399,0.135,0.9915,0,EARLY_CAREER_GIG
CUST_SAL_03347,salaried_tier1,57576.18,0.051,0.3148,0.292,33.9,0.4074,0,11911.11,13.45,7.29,0.0596,0.0847,2.7333,0,EARLY_CAREER_SALARIED
CUST_SAL_03348,salaried_tier1,72154.98,0.0623,0.5063,-0.0264,55.9,0.4867,0,11050.5,3.25,6.03,0.0243,0.0811,2.3309,1,ESTABLISHED_FAMILY_HIGH_DEBT
CUST_KIR_03349,kirana_msme,38295.9,0.4444,0.0778,0.0902,89.3,0.1823,0,-4119.09,-2.53,9.81,0.0054,0.1762,0.951,0,MSME_KIRANA_SEASONAL
CUST_SAL_03350,salaried_tier1,84258.71,0.0837,0.4072,-0.0158,107.7,0.3638,0,-14079.91,2.45,2.09,0.0489,0.0991,2.7143,1,ESTABLISHED_FAMILY_HIGH_DEBT
CUST_SAL_03351,salaried_tier1,104547.94,0.0512,0.3131,-0.0247,35.0,0.5022,0,-10395.48,-0.08,5.82,0.0408,0.0546,1.896,0,EARLY_CAREER_SALARIED
CUST_KIR_03352,kirana_msme,43044.99,0.3829,0.2564,0.1253,64.8,0.1411,0,6585.91,-5.54,11.1,0.0093,0.1596,1.2696,0,MSME_KIRANA_SEASONAL
CUST_RUR_03353,rural_agri,20193.08,0.3089,0.17,-0.0782,41.1,0.0787,1,-4991.26,0.86,1.15,0.0124,0.0388,0.5969,0,RURAL_AGRI_ALLIED
CUST_KIR_03354,kirana_msme,62934.61,0.3249,0.2908,0.159,43.3,0.1541,0,-3966.6,15.19,23.93,0.015,0.1496,1.4183,0,MSME_KIRANA_SEASONAL
CUST_SAL_03355,salaried_tier1,51670.54,0.0985,0.3009,0.0767,118.1,0.4989,0,-1033.21,5.68,9.21,0.0334,0.0451,1.9008,0,EARLY_CAREER_SALARIED
CUST_SAL_03356,salaried_tier1,85345.9,0.0804,0.5114,0.1503,94.1,0.4687,2,14242.35,2.58,10.93,0.0167,0.0326,2.427,1,ESTABLISHED_FAMILY_HIGH_DEBT
CUST_GIG_03357,gig_worker,32914.68,0.2973,0.0635,-0.1022,5.6,0.2914,2,-7012.2,9.65,25.37,0.0563,0.1242,1.3914,1,EARLY_CAREER_GIG
CUST_KIR_03358,kirana_msme,38589.18,0.2385,0.1145,0.2131,31.5,0.1197,0,-2098.27,17.01,10.14,0.029,0.2091,0.9303,0,MSME_KIRANA_SEASONAL
CUST_RUR_03359,rural_agri,18883.61,0.585,0.0284,-0.0783,50.6,0.0857,4,-6116.17,-8.41,4.06,0.0402,0.0711,0.6605,0,RURAL_AGRI_ALLIED
CUST_GIG_03360,gig_worker,28198.47,0.4589,0.1198,-0.1438,19.4,0.1482,2,-10728.74,-5.64,16.59,0.1372,0.0357,1.2986,1,EARLY_CAREER_GIG
CUST_GIG_03361,gig_worker,27354.61,0.3702,0.0742,-0.123,16.6,0.2927,0,-575.13,9.91,20.58,0.1124,0.0727,1.0268,0,EARLY_CAREER_GIG
CUST_SAL_03362,salaried_tier1,73141.01,0.0202,0.1767,0.3098,81.3,0.5332,0,16548.89,5.09,5.44,0.02,0.0579,2.0417,0,EARLY_CAREER_SALARIED
CUST_GIG_03363,gig_worker,19586.5,0.2879,0.1948,-0.1113,25.2,0.258,0,-2061.48,25.1,19.14,0.0864,0.1339,1.3573,0,EARLY_CAREER_GIG
CUST_SAL_03364,salaried_tier1,28720.77,0.0444,0.1852,0.0475,44.2,0.1735,0,-1398.61,22.77,8.77,0.0229,0.0722,1.8513,0,EARLY_CAREER_SALARIED
CUST_RUR_03365,rural_agri,24217.05,0.6141,0.0064,0.0144,43.4,0.087,0,-1504.84,5.45,2.07,0.0454,0.0389,0.9701,0,RURAL_AGRI_ALLIED
CUST_GIG_03366,gig_worker,24229.59,0.5938,0.1121,-0.0175,39.7,0.086,0,1456.17,-5.12,22.28,0.0321,0.1093,0.9087,0,EARLY_CAREER_GIG
CUST_KIR_03367,kirana_msme,27777.72,0.3486,0.2456,0.2652,41.8,0.1287,0,2616.8,12.37,19.32,0.0231,0.0695,1.4295,0,MSME_KIRANA_SEASONAL
CUST_SAL_03368,salaried_tier1,25000.0,0.0564,0.2988,0.1864,48.9,0.4047,0,-341.55,10.88,9.82,0.0505,0.0569,2.485,0,EARLY_CAREER_SALARIED
CUST_SAL_03369,salaried_tier1,108257.28,0.0723,0.2391,0.1452,37.7,0.3538,0,15217.68,-0.96,5.72,0.0304,0.0279,1.9965,0,EARLY_CAREER_SALARIED
CUST_GIG_03370,gig_worker,26177.32,0.3354,0.0843,0.0663,24.0,0.2681,0,362.17,2.08,23.74,0.0508,0.1001,1.1666,0,EARLY_CAREER_GIG
CUST_SAL_03371,salaried_tier1,75259.9,0.0875,0.2031,0.2574,30.0,0.2259,1,-927.91,-6.08,3.97,0.0251,0.0482,1.5126,0,EARLY_CAREER_SALARIED
CUST_GIG_03372,gig_worker,10000.0,0.5,0.1735,-0.0607,26.0,0.1617,0,-2502.23,18.37,20.68,0.0304,0.0599,1.339,0,EARLY_CAREER_GIG
CUST_SAL_03373,salaried_tier1,55625.39,0.0326,0.3044,0.2741,62.5,0.1963,0,19107.35,9.03,3.48,0.0622,0.0479,1.9333,0,EARLY_CAREER_SALARIED
CUST_GIG_03374,gig_worker,34737.64,0.3681,0.0283,0.1393,26.7,0.0816,0,-4939.66,18.39,13.16,0.0395,0.0594,0.7436,0,EARLY_CAREER_GIG
CUST_RUR_03375,rural_agri,21211.17,0.3209,0.0227,0.0656,51.2,0.0406,0,-6191.83,-22.97,4.56,0.0099,0.03,1.1793,0,RURAL_AGRI_ALLIED
CUST_GIG_03376,gig_worker,11007.22,0.5173,0.0469,0.0306,18.0,0.1353,1,-843.44,13.1,25.39,0.0448,0.0845,1.4687,1,EARLY_CAREER_GIG
CUST_GIG_03377,gig_worker,31857.98,0.2876,0.1739,0.0835,24.9,0.2606,1,-3153.87,4.03,26.92,0.0521,0.1492,1.097,0,EARLY_CAREER_GIG
CUST_SAL_03378,salaried_tier1,51152.08,0.0705,0.1639,0.3263,44.4,0.259,1,6040.15,18.25,8.72,0.0202,0.097,2.4943,0,EARLY_CAREER_SALARIED
CUST_SAL_03379,salaried_tier1,81614.13,0.0773,0.389,-0.0295,51.3,0.2766,0,4464.29,14.27,8.1,0.0693,0.0725,2.249,0,ESTABLISHED_FAMILY_HIGH_DEBT
CUST_GIG_03380,gig_worker,16877.82,0.5786,0.1078,-0.0954,27.2,0.0887,3,-2718.82,-0.22,13.22,0.1012,0.0774,1.3434,0,EARLY_CAREER_GIG
CUST_KIR_03381,kirana_msme,41748.78,0.1508,0.1792,0.2493,38.8,0.1159,0,8542.71,14.33,20.18,0.0128,0.1395,1.1274,0,MSME_KIRANA_SEASONAL
CUST_KIR_03382,kirana_msme,39836.55,0.4047,0.1642,0.2154,41.4,0.0589,0,-1477.24,25.6,12.07,0.0269,0.1591,1.2017,0,MSME_KIRANA_SEASONAL
CUST_SAL_03383,salaried_tier1,102149.83,0.0826,0.2906,-0.0161,118.6,0.407,0,-9626.46,15.16,8.13,0.043,0.1185,2.4837,0,EARLY_CAREER_SALARIED
CUST_SAL_03384,salaried_tier1,87476.4,0.0786,0.4485,-0.0152,79.8,0.2841,0,-11464.65,5.21,3.11,0.0471,0.0651,2.2387,1,ESTABLISHED_FAMILY_HIGH_DEBT
CUST_SAL_03385,salaried_tier1,107688.74,0.0735,0.5467,0.0908,87.3,0.2169,0,-2993.6,2.76,9.26,0.0183,0.1188,2.522,0,ESTABLISHED_FAMILY_HIGH_DEBT
CUST_RUR_03386,rural_agri,25612.94,0.5473,0.1498,0.081,40.7,0.0991,0,89.93,24.25,5.29,0.0432,0.0641,0.8776,0,RURAL_AGRI_ALLIED
CUST_SAL_03387,salaried_tier1,102892.05,0.0654,0.27,0.1312,102.2,0.5151,0,-10179.7,22.98,6.34,0.0442,0.1177,2.0931,0,EARLY_CAREER_SALARIED
CUST_GIG_03388,gig_worker,17445.59,0.5283,0.1294,0.0775,6.1,0.1331,1,255.24,6.81,26.22,0.118,0.0301,0.9336,0,EARLY_CAREER_GIG
CUST_SAL_03389,salaried_tier1,57682.4,0.0666,0.4578,0.0438,88.3,0.5099,0,-6129.14,19.18,4.04,0.0152,0.0565,2.5083,1,ESTABLISHED_FAMILY_HIGH_DEBT
CUST_GIG_03390,gig_worker,23965.47,0.4145,0.1594,-0.1041,37.1,0.1605,0,-3594.7,-5.81,27.67,0.1359,0.0509,0.7459,0,EARLY_CAREER_GIG
CUST_KIR_03391,kirana_msme,56140.6,0.4465,0.0669,0.2723,42.2,0.0992,0,14238.2,10.7,24.62,0.0259,0.0682,1.7863,0,MSME_KIRANA_SEASONAL
CUST_RUR_03392,rural_agri,16322.92,0.6446,0.2009,0.1544,34.9,0.0942,1,-278.85,-4.82,1.44,0.037,0.0339,1.0444,0,RURAL_AGRI_ALLIED
CUST_RUR_03393,rural_agri,13136.26,0.7566,0.1552,0.1971,18.5,0.1116,4,1562.5,3.68,1.03,0.0317,0.0356,0.709,0,RURAL_AGRI_ALLIED
CUST_KIR_03394,kirana_msme,43184.56,0.2992,0.0562,0.2858,58.0,0.053,0,-1831.71,-7.81,19.42,0.021,0.247,0.8714,0,MSME_KIRANA_SEASONAL
CUST_RUR_03395,rural_agri,23231.68,0.788,0.0773,0.1409,10.1,0.1385,0,3343.97,8.45,2.19,0.0091,0.0593,1.0515,0,RURAL_AGRI_ALLIED
CUST_RUR_03396,rural_agri,11548.9,0.3947,0.206,-0.0679,54.7,0.1021,1,-3821.63,3.02,4.17,0.0152,0.0345,1.0865,0,RURAL_AGRI_ALLIED
CUST_RUR_03397,rural_agri,21153.46,0.3846,0.216,0.1101,54.0,0.0404,2,-1774.83,-0.65,0.75,0.05,0.031,1.1166,0,RURAL_AGRI_ALLIED
CUST_RUR_03398,rural_agri,20137.57,0.6118,0.1978,-0.0249,44.4,0.0441,2,-6726.66,3.83,0.97,0.0058,0.049,1.1435,0,RURAL_AGRI_ALLIED
CUST_SAL_03399,salaried_tier1,64479.33,0.0617,0.4423,0.3284,67.9,0.292,0,2003.44,9.24,11.43,0.0635,0.0406,2.3251,0,ESTABLISHED_FAMILY_HIGH_DEBT
CUST_GIG_03400,gig_worker,25923.04,0.3657,0.0983,-0.0599,6.5,0.2491,2,-6265.57,6.6,12.79,0.1031,0.1274,0.8088,1,EARLY_CAREER_GIG
CUST_SAL_03401,salaried_tier1,66250.96,0.0289,0.2537,0.2747,20.8,0.2635,0,10369.18,16.72,4.5,0.0645,0.0784,2.6363,0,EARLY_CAREER_SALARIED
CUST_SAL_03402,salaried_tier1,68630.58,0.0798,0.5038,0.0031,50.9,0.1814,0,-10411.69,6.54,6.84,0.0115,0.0302,2.6146,1,ESTABLISHED_FAMILY_HIGH_DEBT
CUST_RUR_03403,rural_agri,21962.17,0.509,0.2463,0.1475,23.5,0.1198,0,2311.53,13.03,5.84,0.0123,0.0657,0.9623,0,RURAL_AGRI_ALLIED
CUST_KIR_03404,kirana_msme,51163.22,0.1611,0.1116,0.1302,50.3,0.1948,0,-2651.16,5.9,9.06,0.0127,0.0621,0.969,0,MSME_KIRANA_SEASONAL
CUST_GIG_03405,gig_worker,27243.42,0.5143,0.1809,0.1207,8.4,0.2784,0,2690.9,-20.52,20.17,0.0778,0.0875,0.8413,0,EARLY_CAREER_GIG
CUST_RUR_03406,rural_agri,18104.05,0.7564,0.0449,0.0735,22.6,0.1184,0,-1401.93,11.07,0.5,0.0126,0.0214,0.9172,0,RURAL_AGRI_ALLIED
CUST_RUR_03407,rural_agri,20193.55,0.5951,0.0577,-0.0176,22.0,0.1232,0,-1702.42,-17.41,4.88,0.05,0.0421,1.1814,0,RURAL_AGRI_ALLIED
CUST_RUR_03408,rural_agri,21376.87,0.3152,0.0723,-0.0156,59.0,0.0459,2,-2280.73,16.22,5.23,0.0244,0.027,0.6922,0,RURAL_AGRI_ALLIED
CUST_SAL_03409,salaried_tier1,107916.84,0.0345,0.525,-0.0114,38.3,0.2653,0,-15302.9,13.83,6.58,0.0463,0.0241,2.0287,1,ESTABLISHED_FAMILY_HIGH_DEBT
CUST_SAL_03410,salaried_tier1,55590.77,0.0569,0.2234,0.2789,115.5,0.2665,0,16817.89,16.19,2.03,0.052,0.061,1.9581,0,EARLY_CAREER_SALARIED
CUST_KIR_03411,kirana_msme,43660.36,0.2948,0.1501,0.1242,64.6,0.1742,0,4414.5,-5.98,18.68,0.0234,0.2498,1.7818,0,MSME_KIRANA_SEASONAL
CUST_SAL_03412,salaried_tier1,76485.07,0.033,0.1597,0.0043,49.0,0.5197,0,-4545.8,9.06,10.55,0.0668,0.0282,2.5449,0,EARLY_CAREER_SALARIED
CUST_SAL_03413,salaried_tier1,75483.2,0.0717,0.5358,0.2579,56.7,0.3243,0,19862.81,5.45,6.45,0.0283,0.1116,1.8953,0,ESTABLISHED_FAMILY_HIGH_DEBT
CUST_KIR_03414,kirana_msme,56299.15,0.3431,0.1526,0.2796,43.0,0.1625,0,16067.51,15.88,23.94,0.0233,0.1733,0.9284,0,MSME_KIRANA_SEASONAL
CUST_GIG_03415,gig_worker,22368.13,0.5527,0.1622,-0.0893,5.0,0.2566,0,-5747.17,-6.06,9.71,0.1389,0.0999,0.7292,0,EARLY_CAREER_GIG
CUST_GIG_03416,gig_worker,21526.18,0.584,0.1005,-0.0093,40.0,0.2921,0,4373.72,-11.06,24.62,0.1713,0.0683,1.0093,0,EARLY_CAREER_GIG
CUST_KIR_03417,kirana_msme,60902.59,0.2063,0.1308,0.1622,79.2,0.1597,0,6934.57,15.98,18.91,0.0144,0.1687,1.043,0,MSME_KIRANA_SEASONAL
CUST_GIG_03418,gig_worker,29661.65,0.5973,0.0298,0.0259,21.5,0.1428,0,-1273.95,7.4,23.5,0.0459,0.0663,1.0598,0,EARLY_CAREER_GIG
CUST_SAL_03419,salaried_tier1,57116.76,0.0603,0.3607,-0.0344,97.2,0.2613,0,-6802.62,-14.0,11.96,0.0249,0.0258,2.0238,0,ESTABLISHED_FAMILY_HIGH_DEBT
CUST_SAL_03420,salaried_tier1,93939.51,0.0766,0.1574,0.2845,65.3,0.3575,0,36649.62,19.78,10.02,0.0318,0.0983,2.7862,0,EARLY_CAREER_SALARIED
CUST_GIG_03421,gig_worker,22402.25,0.4219,0.1488,-0.0953,15.0,0.2393,0,-5070.57,-8.06,23.07,0.1788,0.1175,0.781,1,EARLY_CAREER_GIG
CUST_GIG_03422,gig_worker,22363.64,0.404,0.0101,0.0629,24.1,0.2797,0,-631.45,0.92,18.21,0.0922,0.1072,1.3372,0,EARLY_CAREER_GIG
CUST_GIG_03423,gig_worker,24358.31,0.3752,0.1996,0.0802,31.9,0.0827,0,-822.55,2.13,15.53,0.0555,0.0741,1.0522,0,EARLY_CAREER_GIG
CUST_SAL_03424,salaried_tier1,71721.63,0.0737,0.526,0.102,97.6,0.385,0,-2259.86,1.06,9.79,0.0129,0.028,2.2117,0,ESTABLISHED_FAMILY_HIGH_DEBT
CUST_RUR_03425,rural_agri,31266.73,0.6563,0.0702,0.0951,11.5,0.0312,1,3960.34,5.62,3.92,0.0129,0.0749,1.0009,0,RURAL_AGRI_ALLIED
CUST_GIG_03426,gig_worker,28912.86,0.4348,0.0942,-0.1262,11.9,0.1147,0,-6596.25,15.08,9.54,0.1167,0.1103,0.8866,1,EARLY_CAREER_GIG
CUST_GIG_03427,gig_worker,10000.0,0.5236,0.0027,0.0401,20.0,0.1796,0,-1078.81,7.28,16.03,0.0824,0.1452,0.7145,0,EARLY_CAREER_GIG
CUST_GIG_03428,gig_worker,24776.14,0.3884,0.1208,-0.0839,31.9,0.0899,2,-3425.2,10.76,9.17,0.1782,0.1353,1.1249,0,EARLY_CAREER_GIG
CUST_RUR_03429,rural_agri,12384.15,0.3682,0.0722,0.0041,24.7,0.0979,0,1236.76,-10.99,4.44,0.0004,0.0205,0.6328,0,RURAL_AGRI_ALLIED
CUST_GIG_03430,gig_worker,23729.65,0.4231,0.0225,-0.0344,30.3,0.2931,0,-2441.47,5.61,11.91,0.136,0.0587,1.2232,0,EARLY_CAREER_GIG
CUST_GIG_03431,gig_worker,28157.49,0.6249,0.0787,-0.0533,10.4,0.1659,0,-7342.48,13.44,20.46,0.1426,0.0417,0.9357,1,EARLY_CAREER_GIG
CUST_RUR_03432,rural_agri,19330.86,0.6019,0.1775,0.0157,50.0,0.0948,0,-2640.49,-2.94,5.6,0.0406,0.0751,1.0035,0,RURAL_AGRI_ALLIED
CUST_GIG_03433,gig_worker,18507.13,0.5198,0.048,-0.0137,30.5,0.1863,0,-2003.86,-20.36,23.29,0.1322,0.1138,1.3923,0,EARLY_CAREER_GIG
CUST_KIR_03434,kirana_msme,51084.81,0.2643,0.2231,0.125,75.7,0.0658,0,-1507.66,-5.09,18.21,0.0209,0.1552,1.6076,0,MSME_KIRANA_SEASONAL
CUST_GIG_03435,gig_worker,29343.87,0.6282,0.1084,0.0677,31.7,0.2999,1,-4292.89,2.56,10.3,0.0917,0.0601,1.1649,0,EARLY_CAREER_GIG
CUST_KIR_03436,kirana_msme,52918.73,0.401,0.2475,0.0856,21.6,0.0688,0,-509.83,26.41,7.35,0.0222,0.0889,1.2107,0,MSME_KIRANA_SEASONAL
CUST_SAL_03437,salaried_tier1,28176.95,0.0361,0.3515,0.291,114.4,0.5388,0,3240.4,3.54,7.82,0.0426,0.0352,2.2868,0,ESTABLISHED_FAMILY_HIGH_DEBT
CUST_GIG_03438,gig_worker,23739.86,0.5547,0.1237,-0.1358,29.1,0.2166,0,-5825.4,2.77,25.16,0.1589,0.0868,1.192,0,EARLY_CAREER_GIG
CUST_RUR_03439,rural_agri,20855.18,0.7033,0.1403,0.0212,22.7,0.0666,2,-4716.99,-30.73,5.03,0.0141,0.0659,1.0775,0,RURAL_AGRI_ALLIED
CUST_RUR_03440,rural_agri,8016.97,0.308,0.1077,-0.008,36.7,0.1416,0,34.08,-1.7,0.97,0.0044,0.0599,1.198,0,RURAL_AGRI_ALLIED
CUST_KIR_03441,kirana_msme,58690.07,0.4369,0.2975,0.2086,71.8,0.1733,0,1696.89,18.32,21.21,0.0199,0.1252,1.7934,0,MSME_KIRANA_SEASONAL
CUST_KIR_03442,kirana_msme,48654.1,0.3882,0.0968,0.053,66.8,0.1369,0,-2820.81,14.71,17.36,0.0195,0.2207,1.766,0,MSME_KIRANA_SEASONAL
CUST_SAL_03443,salaried_tier1,78129.09,0.0305,0.4536,0.1801,103.8,0.4828,0,6958.75,4.93,3.81,0.0423,0.1105,1.8334,0,ESTABLISHED_FAMILY_HIGH_DEBT
CUST_RUR_03444,rural_agri,26077.91,0.462,0.0715,-0.0853,32.7,0.0847,0,-3321.92,15.09,1.77,0.0102,0.0761,0.5793,0,RURAL_AGRI_ALLIED
CUST_RUR_03445,rural_agri,13593.44,0.3503,0.2025,0.1954,41.2,0.129,3,2594.55,-4.53,2.43,0.011,0.0143,0.66,0,RURAL_AGRI_ALLIED
CUST_GIG_03446,gig_worker,21099.47,0.2742,0.0359,-0.129,39.8,0.2515,2,-6667.7,-12.69,26.89,0.0617,0.138,1.3815,1,EARLY_CAREER_GIG
CUST_RUR_03447,rural_agri,9903.6,0.3232,0.0197,0.0271,50.5,0.0673,2,668.75,4.65,2.67,0.0064,0.0704,0.539,0,RURAL_AGRI_ALLIED
CUST_GIG_03448,gig_worker,22980.03,0.5836,0.1068,0.015,21.8,0.1669,0,-2202.26,2.69,23.33,0.1643,0.105,1.1596,0,EARLY_CAREER_GIG
CUST_GIG_03449,gig_worker,13546.36,0.3068,0.0174,0.0896,30.2,0.2167,2,538.23,29.41,11.41,0.0622,0.0808,0.7428,0,EARLY_CAREER_GIG
CUST_SAL_03450,salaried_tier1,73599.01,0.0384,0.432,0.258,81.7,0.2594,0,18822.86,-4.17,3.45,0.0417,0.0361,2.1118,0,ESTABLISHED_FAMILY_HIGH_DEBT
CUST_KIR_03451,kirana_msme,37355.06,0.2078,0.2233,0.078,64.0,0.0503,0,-984.96,-3.79,23.53,0.0148,0.2181,1.5213,0,MSME_KIRANA_SEASONAL
CUST_GIG_03452,gig_worker,25482.38,0.2917,0.1878,-0.097,22.8,0.1826,0,-2316.33,6.74,12.66,0.0899,0.0474,1.1985,0,EARLY_CAREER_GIG
CUST_GIG_03453,gig_worker,20274.4,0.2884,0.09,-0.0617,35.7,0.1013,0,589.97,4.59,27.71,0.0452,0.0437,1.1322,0,EARLY_CAREER_GIG
CUST_KIR_03454,kirana_msme,57267.02,0.2444,0.1036,0.119,73.5,0.1761,0,5921.07,-0.66,10.25,0.0128,0.2329,1.2412,0,MSME_KIRANA_SEASONAL
CUST_RUR_03455,rural_agri,26727.34,0.5133,0.1432,0.0267,18.3,0.0527,0,-4135.09,1.92,2.04,0.0086,0.0281,0.508,0,RURAL_AGRI_ALLIED
CUST_SAL_03456,salaried_tier1,83002.41,0.0478,0.1624,0.0949,100.8,0.2861,0,-114.59,17.32,4.97,0.0779,0.1033,2.6947,0,EARLY_CAREER_SALARIED
CUST_KIR_03457,kirana_msme,56087.33,0.2541,0.1714,0.076,40.7,0.1294,0,-7287.79,31.7,14.44,0.0223,0.1419,1.1435,0,MSME_KIRANA_SEASONAL
CUST_GIG_03458,gig_worker,23722.83,0.6293,0.0707,-0.0742,32.1,0.1187,2,-644.37,18.15,21.96,0.1269,0.0365,0.9479,0,EARLY_CAREER_GIG
CUST_GIG_03459,gig_worker,22629.5,0.4512,0.175,-0.0692,10.9,0.1092,3,-3058.16,3.95,23.15,0.1064,0.0589,0.8433,1,EARLY_CAREER_GIG
CUST_GIG_03460,gig_worker,12066.68,0.3797,0.1495,-0.0471,24.3,0.1052,2,-1273.15,14.34,23.21,0.0603,0.0894,1.2638,0,EARLY_CAREER_GIG
CUST_SAL_03461,salaried_tier1,25000.0,0.0215,0.47,0.2187,83.2,0.4736,1,5302.9,-0.75,6.26,0.0783,0.0864,2.0064,0,ESTABLISHED_FAMILY_HIGH_DEBT
CUST_SAL_03462,salaried_tier1,47258.6,0.0454,0.5037,0.1546,115.1,0.2785,0,-6442.3,22.47,4.17,0.0548,0.0381,1.6795,0,ESTABLISHED_FAMILY_HIGH_DEBT
CUST_GIG_03463,gig_worker,36995.75,0.6144,0.1324,0.1339,13.3,0.1552,2,2924.26,-5.74,21.3,0.116,0.0321,1.3299,0,EARLY_CAREER_GIG
CUST_GIG_03464,gig_worker,20377.32,0.641,0.0818,-0.1075,32.0,0.2582,0,-6440.29,15.53,13.43,0.1478,0.045,1.3284,0,EARLY_CAREER_GIG
CUST_SAL_03465,salaried_tier1,87106.27,0.0883,0.2237,0.2145,28.4,0.3412,0,23604.68,22.66,2.7,0.0687,0.0487,1.5354,0,EARLY_CAREER_SALARIED
CUST_GIG_03466,gig_worker,18213.57,0.4186,0.0118,0.1251,42.5,0.1786,0,-811.36,-9.51,10.0,0.0976,0.0388,1.0235,0,EARLY_CAREER_GIG
CUST_KIR_03467,kirana_msme,40116.05,0.3074,0.0508,0.2813,55.1,0.065,0,7339.53,19.7,15.62,0.0037,0.1446,0.8461,0,MSME_KIRANA_SEASONAL
CUST_GIG_03468,gig_worker,31995.53,0.6265,0.1939,-0.0719,35.2,0.1764,0,-5736.04,20.35,10.91,0.1112,0.1011,1.3814,0,EARLY_CAREER_GIG
CUST_RUR_03469,rural_agri,20251.98,0.743,0.0174,0.0478,36.1,0.1127,0,-210.03,11.92,1.3,0.0034,0.0429,0.9598,0,RURAL_AGRI_ALLIED
CUST_SAL_03470,salaried_tier1,84727.05,0.0372,0.2108,0.1929,38.4,0.4326,0,24672.83,14.9,9.73,0.0682,0.0545,1.9415,0,EARLY_CAREER_SALARIED
CUST_SAL_03471,salaried_tier1,59389.49,0.0255,0.1938,0.0384,46.8,0.5489,0,-13893.86,11.66,11.04,0.0272,0.0345,2.4072,0,EARLY_CAREER_SALARIED
CUST_GIG_03472,gig_worker,18641.4,0.5781,0.0473,-0.0782,26.8,0.2538,0,1103.26,11.1,17.48,0.0528,0.1197,0.789,0,EARLY_CAREER_GIG
CUST_GIG_03473,gig_worker,25868.29,0.3097,0.0841,-0.0536,36.7,0.2382,0,-2073.55,10.42,16.2,0.1666,0.0338,1.3413,0,EARLY_CAREER_GIG
CUST_GIG_03474,gig_worker,25560.55,0.5394,0.1324,0.0955,24.5,0.2773,0,-2313.25,-9.76,18.19,0.1851,0.0592,1.0571,0,EARLY_CAREER_GIG
CUST_RUR_03475,rural_agri,21724.52,0.5123,0.2093,0.132,12.9,0.0861,0,-1323.49,-8.62,4.35,0.0116,0.0667,0.8007,0,RURAL_AGRI_ALLIED
CUST_RUR_03476,rural_agri,37790.99,0.7634,0.1924,-0.0496,48.6,0.0577,0,-2109.52,7.55,4.44,0.0075,0.0153,0.8728,0,RURAL_AGRI_ALLIED
CUST_RUR_03477,rural_agri,33631.05,0.6597,0.1191,-0.0228,31.5,0.1441,2,-2922.23,-7.86,1.74,0.0445,0.0547,0.8259,0,RURAL_AGRI_ALLIED
CUST_KIR_03478,kirana_msme,32855.25,0.3319,0.1924,0.2249,57.6,0.1446,0,8494.77,20.53,8.88,0.0118,0.1525,1.4653,0,MSME_KIRANA_SEASONAL
CUST_KIR_03479,kirana_msme,36665.38,0.2661,0.1202,0.1496,65.3,0.0789,0,3056.11,24.98,19.62,0.0218,0.2197,1.6849,0,MSME_KIRANA_SEASONAL
CUST_KIR_03480,kirana_msme,29125.88,0.3056,0.0958,0.2939,79.6,0.1974,0,3595.09,22.0,12.36,0.0149,0.098,1.7511,0,MSME_KIRANA_SEASONAL
CUST_SAL_03481,salaried_tier1,26298.21,0.0606,0.1752,0.2384,62.4,0.5093,1,3603.98,4.38,11.96,0.0779,0.0827,1.6632,0,EARLY_CAREER_SALARIED
CUST_GIG_03482,gig_worker,21373.36,0.5653,0.0836,-0.0412,42.8,0.2338,2,-1033.74,-2.01,26.37,0.1558,0.0387,1.089,0,EARLY_CAREER_GIG
CUST_SAL_03483,salaried_tier1,100322.11,0.071,0.4189,0.3071,54.3,0.3689,0,27744.16,-0.53,3.5,0.0544,0.0524,2.1078,0,ESTABLISHED_FAMILY_HIGH_DEBT
CUST_RUR_03484,rural_agri,18471.36,0.3877,0.051,0.1349,32.3,0.0548,0,-3442.34,11.71,4.58,0.0176,0.0274,0.8265,0,RURAL_AGRI_ALLIED
CUST_GIG_03485,gig_worker,11185.08,0.4777,0.1621,-0.1433,26.4,0.264,0,-3397.26,10.38,19.55,0.1178,0.1456,1.4295,0,EARLY_CAREER_GIG
CUST_GIG_03486,gig_worker,22638.74,0.2526,0.1049,-0.1039,26.6,0.2425,0,-974.2,4.67,10.08,0.0465,0.1321,1.1677,0,EARLY_CAREER_GIG
CUST_KIR_03487,kirana_msme,43993.08,0.3524,0.1054,0.1176,55.6,0.1457,1,4546.48,5.52,6.92,0.011,0.0988,1.3744,0,MSME_KIRANA_SEASONAL
CUST_SAL_03488,salaried_tier1,42669.53,0.0974,0.3836,0.0547,44.0,0.4744,1,-7062.42,7.58,6.31,0.0635,0.1137,2.3827,0,ESTABLISHED_FAMILY_HIGH_DEBT
CUST_SAL_03489,salaried_tier1,59506.01,0.0433,0.3761,0.0589,30.3,0.5312,0,4759.13,-4.72,3.26,0.0453,0.0943,2.1139,0,ESTABLISHED_FAMILY_HIGH_DEBT
CUST_KIR_03490,kirana_msme,37696.47,0.4084,0.1093,0.0574,57.5,0.1369,0,-6486.22,-3.12,5.76,0.0102,0.0789,1.4416,0,MSME_KIRANA_SEASONAL
CUST_SAL_03491,salaried_tier1,48024.78,0.0281,0.4196,0.1117,33.5,0.244,0,474.87,14.27,7.09,0.0352,0.1011,1.5673,0,ESTABLISHED_FAMILY_HIGH_DEBT
CUST_GIG_03492,gig_worker,34561.1,0.5059,0.0664,0.114,44.4,0.1492,2,-5129.04,7.54,17.27,0.0957,0.065,1.0508,0,EARLY_CAREER_GIG
CUST_RUR_03493,rural_agri,30069.2,0.6593,0.0668,-0.0472,51.0,0.1274,4,-5769.94,-5.16,3.47,0.0351,0.0508,0.5136,1,RURAL_AGRI_ALLIED
CUST_RUR_03494,rural_agri,8291.7,0.737,0.0209,0.0328,57.7,0.0903,0,-1624.31,29.45,3.95,0.0006,0.0778,0.7039,0,RURAL_AGRI_ALLIED
CUST_GIG_03495,gig_worker,27447.23,0.4857,0.1324,0.1083,39.2,0.0862,0,222.04,-5.26,8.13,0.1791,0.0681,0.8217,0,EARLY_CAREER_GIG
CUST_SAL_03496,salaried_tier1,100265.94,0.0822,0.4127,0.0196,90.6,0.3778,0,-3397.56,-0.25,11.56,0.0539,0.0774,2.2065,1,ESTABLISHED_FAMILY_HIGH_DEBT
CUST_RUR_03497,rural_agri,19240.61,0.5922,0.0551,0.1047,49.1,0.0993,1,-4523.24,-12.77,5.5,0.0377,0.0436,0.7062,0,RURAL_AGRI_ALLIED
CUST_RUR_03498,rural_agri,19113.17,0.611,0.0951,0.059,9.7,0.1224,0,-2690.05,-1.0,2.88,0.0092,0.0466,0.9441,0,RURAL_AGRI_ALLIED
CUST_SAL_03499,salaried_tier1,46509.71,0.0676,0.4812,0.1745,32.3,0.4145,0,1449.47,3.7,11.21,0.0518,0.1082,2.5895,0,ESTABLISHED_FAMILY_HIGH_DEBT
CUST_GIG_03500,gig_worker,31076.03,0.4437,0.0697,-0.1026,37.0,0.0845,0,-8981.61,14.26,10.58,0.0592,0.0893,0.8185,0,EARLY_CAREER_GIG
CUST_SAL_03501,salaried_tier1,79880.15,0.0295,0.1831,0.0781,72.4,0.19,0,1257.14,-3.61,9.48,0.0351,0.0601,2.2229,0,EARLY_CAREER_SALARIED
CUST_RUR_03502,rural_agri,27067.19,0.3139,0.1534,0.1536,32.2,0.0676,4,2040.93,-2.4,1.66,0.0443,0.0308,0.5454,0,RURAL_AGRI_ALLIED
CUST_RUR_03503,rural_agri,23051.06,0.5343,0.1307,-0.0467,11.4,0.116,2,-692.63,17.68,5.52,0.0445,0.0645,1.0054,1,RURAL_AGRI_ALLIED
CUST_SAL_03504,salaried_tier1,67450.91,0.0217,0.3593,0.1149,80.4,0.4566,0,-514.97,23.37,3.02,0.0392,0.1016,2.4389,0,ESTABLISHED_FAMILY_HIGH_DEBT
CUST_RUR_03505,rural_agri,14030.98,0.7779,0.2117,-0.0505,35.0,0.0889,0,-3977.65,10.31,4.04,0.0484,0.0713,0.8294,0,RURAL_AGRI_ALLIED
CUST_GIG_03506,gig_worker,22691.18,0.4545,0.1685,0.1269,22.0,0.1461,0,-299.12,5.71,13.5,0.1848,0.0802,1.1208,0,EARLY_CAREER_GIG
CUST_RUR_03507,rural_agri,16510.71,0.7187,0.1064,0.1559,20.3,0.0866,0,2699.72,-5.41,2.82,0.0167,0.0651,0.6507,0,RURAL_AGRI_ALLIED
CUST_KIR_03508,kirana_msme,47421.74,0.2737,0.1283,0.0538,64.2,0.133,0,2244.67,-26.78,7.75,0.0209,0.1221,1.376,0,MSME_KIRANA_SEASONAL
CUST_RUR_03509,rural_agri,20821.97,0.7416,0.0553,0.0236,25.8,0.0407,0,-4370.76,9.17,0.65,0.0244,0.0166,0.8356,0,RURAL_AGRI_ALLIED
CUST_SAL_03510,salaried_tier1,40591.79,0.0403,0.3891,-0.0174,21.2,0.401,3,-7825.58,9.63,6.13,0.0763,0.0441,2.1285,1,ESTABLISHED_FAMILY_HIGH_DEBT
CUST_KIR_03511,kirana_msme,37885.76,0.3522,0.255,0.1185,46.8,0.0797,0,1410.45,5.85,6.37,0.0203,0.1817,1.4642,0,MSME_KIRANA_SEASONAL
CUST_SAL_03512,salaried_tier1,41585.88,0.0921,0.2813,-0.0231,85.5,0.3921,3,4653.75,25.01,5.95,0.0423,0.1062,1.8007,0,EARLY_CAREER_SALARIED
CUST_RUR_03513,rural_agri,16913.86,0.3775,0.2374,-0.0467,28.0,0.0399,3,-4780.95,25.65,5.79,0.0021,0.0222,0.9367,0,RURAL_AGRI_ALLIED
CUST_RUR_03514,rural_agri,27512.01,0.3826,0.1502,0.0194,33.0,0.0984,0,-5448.02,4.97,4.82,0.0221,0.0483,1.1468,0,RURAL_AGRI_ALLIED
CUST_RUR_03515,rural_agri,8000.0,0.7077,0.0455,-0.0471,33.7,0.1125,0,-2256.69,0.06,2.14,0.0378,0.0428,0.8821,0,RURAL_AGRI_ALLIED
CUST_RUR_03516,rural_agri,22806.87,0.7141,0.2031,0.0459,25.2,0.1218,0,1014.96,16.21,5.22,0.0199,0.0193,0.5626,0,RURAL_AGRI_ALLIED
CUST_SAL_03517,salaried_tier1,71680.76,0.027,0.4286,0.1935,37.1,0.5102,0,16245.38,20.1,2.95,0.0738,0.0235,1.9849,0,ESTABLISHED_FAMILY_HIGH_DEBT
CUST_KIR_03518,kirana_msme,38336.49,0.1881,0.1512,0.1571,70.3,0.0857,0,904.42,5.35,22.29,0.0191,0.238,1.799,0,MSME_KIRANA_SEASONAL
CUST_SAL_03519,salaried_tier1,77151.11,0.0875,0.1838,0.3245,53.5,0.2788,0,15223.58,26.69,7.16,0.0506,0.0626,1.916,0,EARLY_CAREER_SALARIED
CUST_SAL_03520,salaried_tier1,89981.94,0.0538,0.5363,-0.0499,23.0,0.4716,0,-2322.86,-21.73,7.95,0.0472,0.0727,1.8528,1,ESTABLISHED_FAMILY_HIGH_DEBT
CUST_SAL_03521,salaried_tier1,113005.89,0.0449,0.4031,0.1988,109.9,0.245,0,24756.37,-1.71,3.3,0.0321,0.0257,2.086,0,ESTABLISHED_FAMILY_HIGH_DEBT
CUST_KIR_03522,kirana_msme,35008.53,0.3287,0.1087,0.0942,59.7,0.1035,0,-407.1,19.01,21.59,0.0018,0.097,1.3913,0,MSME_KIRANA_SEASONAL
CUST_SAL_03523,salaried_tier1,80470.43,0.0659,0.4026,0.0354,77.5,0.3475,0,4361.14,-5.0,10.29,0.0154,0.1186,2.654,0,ESTABLISHED_FAMILY_HIGH_DEBT
CUST_SAL_03524,salaried_tier1,66186.5,0.0844,0.2653,0.2993,102.4,0.3578,0,18453.04,11.16,6.52,0.0446,0.0923,2.7532,0,EARLY_CAREER_SALARIED
CUST_SAL_03525,salaried_tier1,65733.11,0.0771,0.3218,0.0537,58.4,0.5026,0,-6909.32,-4.58,8.72,0.0528,0.076,1.9356,0,EARLY_CAREER_SALARIED
CUST_SAL_03526,salaried_tier1,40905.78,0.0543,0.2436,0.0498,97.7,0.3417,0,7044.46,2.1,4.25,0.0441,0.0817,1.5596,0,EARLY_CAREER_SALARIED
CUST_RUR_03527,rural_agri,21695.67,0.6905,0.0455,-0.0034,29.4,0.109,1,58.45,-14.98,1.36,0.0237,0.0677,0.886,0,RURAL_AGRI_ALLIED
CUST_GIG_03528,gig_worker,34177.7,0.304,0.1161,0.1396,19.0,0.0896,0,-724.22,11.2,11.83,0.0382,0.0505,0.6424,0,EARLY_CAREER_GIG
CUST_RUR_03529,rural_agri,24149.19,0.6326,0.1119,-0.0795,45.2,0.0751,0,-5183.66,0.01,0.54,0.0371,0.0202,0.7018,0,RURAL_AGRI_ALLIED
CUST_KIR_03530,kirana_msme,23501.25,0.3392,0.0725,0.1166,27.7,0.1469,0,4350.43,15.2,7.69,0.0283,0.1333,1.4171,0,MSME_KIRANA_SEASONAL
CUST_SAL_03531,salaried_tier1,76052.69,0.0534,0.4712,0.2997,119.8,0.1773,0,11097.81,11.81,5.15,0.0552,0.0647,1.5906,0,ESTABLISHED_FAMILY_HIGH_DEBT
CUST_GIG_03532,gig_worker,19428.34,0.49,0.0097,-0.0141,28.6,0.2372,2,377.74,-1.38,26.04,0.1425,0.0393,0.8548,0,EARLY_CAREER_GIG
CUST_KIR_03533,kirana_msme,32633.01,0.3155,0.0829,0.2788,80.6,0.1213,0,4593.32,13.28,16.84,0.0267,0.0635,1.3522,0,MSME_KIRANA_SEASONAL
CUST_SAL_03534,salaried_tier1,66403.11,0.0755,0.2859,0.35,108.9,0.3763,0,16101.89,37.76,10.94,0.0421,0.0721,1.7066,0,EARLY_CAREER_SALARIED
CUST_SAL_03535,salaried_tier1,119831.3,0.0464,0.5029,0.0704,69.2,0.2247,0,21357.76,15.09,7.27,0.0635,0.0649,2.0538,0,ESTABLISHED_FAMILY_HIGH_DEBT
CUST_SAL_03536,salaried_tier1,38513.28,0.0928,0.3647,0.0302,85.4,0.4712,0,-5449.68,31.26,7.2,0.0644,0.0908,2.2794,1,ESTABLISHED_FAMILY_HIGH_DEBT
CUST_SAL_03537,salaried_tier1,55876.78,0.0321,0.2929,0.2405,50.2,0.4684,0,16182.9,-3.43,11.3,0.0725,0.0912,2.319,0,EARLY_CAREER_SALARIED
CUST_KIR_03538,kirana_msme,37723.27,0.3416,0.1645,0.206,87.1,0.1713,0,6462.11,-1.1,24.34,0.0176,0.0846,0.8573,0,MSME_KIRANA_SEASONAL
CUST_GIG_03539,gig_worker,26647.05,0.411,0.065,0.0466,39.4,0.2293,0,-5085.09,9.77,21.91,0.1618,0.0668,1.193,0,EARLY_CAREER_GIG
CUST_SAL_03540,salaried_tier1,65709.78,0.0385,0.2828,0.1382,109.1,0.4222,0,-5674.85,-1.95,7.01,0.0243,0.0727,2.6433,0,EARLY_CAREER_SALARIED
CUST_SAL_03541,salaried_tier1,80386.17,0.0582,0.2406,0.0629,117.7,0.2872,0,7476.16,19.94,2.23,0.0761,0.0288,2.1497,0,EARLY_CAREER_SALARIED
CUST_RUR_03542,rural_agri,24243.24,0.6699,0.1114,0.1689,55.2,0.0824,0,3422.6,7.1,2.03,0.0057,0.0283,0.84,0,RURAL_AGRI_ALLIED
CUST_SAL_03543,salaried_tier1,77988.62,0.0479,0.2241,0.1769,113.3,0.4858,0,12065.93,-19.71,7.28,0.0219,0.0486,2.4934,0,EARLY_CAREER_SALARIED
CUST_KIR_03544,kirana_msme,36449.19,0.1842,0.2456,0.2245,37.7,0.1972,0,10076.5,-6.9,23.21,0.0047,0.2258,1.4805,0,MSME_KIRANA_SEASONAL
CUST_RUR_03545,rural_agri,24741.41,0.6995,0.1902,-0.0516,15.5,0.0957,1,-2681.27,-12.46,3.08,0.0151,0.0234,1.1605,0,RURAL_AGRI_ALLIED
CUST_SAL_03546,salaried_tier1,74542.03,0.0892,0.321,0.1883,70.2,0.5447,0,16277.74,9.1,8.07,0.0274,0.0935,2.274,0,EARLY_CAREER_SALARIED
CUST_SAL_03547,salaried_tier1,79153.0,0.0312,0.3989,0.2973,18.6,0.1607,3,7809.94,15.35,3.41,0.0315,0.1185,2.3753,0,ESTABLISHED_FAMILY_HIGH_DEBT
CUST_KIR_03548,kirana_msme,36606.65,0.4142,0.0571,0.1268,54.1,0.1438,0,-5284.4,2.89,11.89,0.0008,0.1211,1.2107,0,MSME_KIRANA_SEASONAL
CUST_KIR_03549,kirana_msme,19924.76,0.182,0.1224,0.1677,40.7,0.1436,0,3043.09,4.15,19.34,0.0,0.0502,0.8693,0,MSME_KIRANA_SEASONAL
CUST_GIG_03550,gig_worker,22964.25,0.5204,0.0475,0.0238,14.0,0.1271,2,-3103.45,4.88,24.28,0.0669,0.0727,0.8996,0,EARLY_CAREER_GIG
CUST_RUR_03551,rural_agri,13458.48,0.7185,0.1234,0.107,50.2,0.0361,0,-11.17,-4.81,0.77,0.0019,0.0435,0.5176,0,RURAL_AGRI_ALLIED
CUST_SAL_03552,salaried_tier1,48675.56,0.0437,0.4063,0.2288,50.6,0.4653,0,1499.01,28.44,3.46,0.0263,0.0928,2.1791,0,ESTABLISHED_FAMILY_HIGH_DEBT
CUST_GIG_03553,gig_worker,26818.17,0.4723,0.1549,0.0173,28.3,0.1347,1,-4400.2,5.37,25.43,0.035,0.105,1.3596,0,EARLY_CAREER_GIG
CUST_KIR_03554,kirana_msme,31489.54,0.1846,0.1658,0.2032,83.4,0.1558,0,2657.19,-17.7,11.37,0.0178,0.1891,1.2118,0,MSME_KIRANA_SEASONAL
CUST_SAL_03555,salaried_tier1,49697.87,0.0211,0.5019,0.1546,93.9,0.2188,0,-9791.21,24.84,4.14,0.0342,0.0588,2.704,0,ESTABLISHED_FAMILY_HIGH_DEBT
CUST_GIG_03556,gig_worker,35125.89,0.4438,0.0315,0.1346,13.1,0.2037,0,-2945.0,-5.62,26.56,0.092,0.0445,1.4268,0,EARLY_CAREER_GIG
CUST_SAL_03557,salaried_tier1,79277.71,0.0672,0.4945,0.0399,110.6,0.2407,0,-2411.18,-10.49,7.55,0.066,0.1002,2.6438,1,ESTABLISHED_FAMILY_HIGH_DEBT
CUST_KIR_03558,kirana_msme,39011.89,0.2102,0.2107,0.277,74.0,0.0999,0,7725.95,-3.03,11.64,0.0056,0.0895,1.7666,0,MSME_KIRANA_SEASONAL
CUST_SAL_03559,salaried_tier1,106435.92,0.0624,0.538,0.1347,16.4,0.338,1,2515.22,-1.26,4.23,0.0601,0.0494,1.6246,1,ESTABLISHED_FAMILY_HIGH_DEBT
CUST_KIR_03560,kirana_msme,48670.59,0.1747,0.1465,0.1333,76.7,0.1437,0,9832.35,18.39,18.83,0.002,0.0573,1.1721,0,MSME_KIRANA_SEASONAL
CUST_KIR_03561,kirana_msme,18000.0,0.419,0.1743,0.2033,89.0,0.1284,0,3795.43,7.21,5.73,0.025,0.2389,1.2138,0,MSME_KIRANA_SEASONAL
CUST_RUR_03562,rural_agri,22437.74,0.3126,0.1112,-0.0551,53.0,0.0315,3,179.1,11.57,0.9,0.036,0.0484,1.1586,0,RURAL_AGRI_ALLIED
CUST_SAL_03563,salaried_tier1,59407.26,0.0874,0.1906,0.3242,93.2,0.3257,0,5693.55,-29.38,2.94,0.0397,0.1043,1.6919,0,EARLY_CAREER_SALARIED
CUST_KIR_03564,kirana_msme,31627.36,0.447,0.0564,0.128,73.9,0.1281,0,-900.69,3.28,17.38,0.0089,0.2196,1.7927,0,MSME_KIRANA_SEASONAL
CUST_KIR_03565,kirana_msme,30068.05,0.3201,0.286,0.2164,62.2,0.0964,0,2339.34,-2.73,12.51,0.0073,0.1462,1.6847,0,MSME_KIRANA_SEASONAL
CUST_GIG_03566,gig_worker,20918.78,0.5806,0.0801,0.1404,32.8,0.1605,0,-874.87,20.84,14.05,0.1876,0.044,1.2168,0,EARLY_CAREER_GIG
CUST_GIG_03567,gig_worker,25312.17,0.3077,0.1126,-0.1445,26.4,0.1948,0,-9835.95,7.81,19.45,0.1359,0.0936,1.2205,0,EARLY_CAREER_GIG
CUST_GIG_03568,gig_worker,26266.88,0.6193,0.0524,0.1482,14.2,0.0841,3,2021.33,14.8,19.68,0.195,0.0359,0.8013,0,EARLY_CAREER_GIG
CUST_GIG_03569,gig_worker,28258.79,0.6035,0.0337,-0.039,33.0,0.2374,0,-1896.57,7.92,14.41,0.1817,0.1391,0.8738,0,EARLY_CAREER_GIG
CUST_RUR_03570,rural_agri,20087.49,0.3229,0.0478,0.0303,57.7,0.0414,2,-104.67,13.92,3.29,0.0383,0.0585,0.6338,0,RURAL_AGRI_ALLIED
CUST_KIR_03571,kirana_msme,30140.98,0.3947,0.0597,0.1786,84.4,0.1828,0,-2749.38,3.66,22.75,0.0273,0.1827,0.8215,0,MSME_KIRANA_SEASONAL
CUST_KIR_03572,kirana_msme,55326.08,0.253,0.1315,0.234,68.0,0.127,0,11250.61,14.14,5.65,0.0023,0.1646,1.4572,0,MSME_KIRANA_SEASONAL
CUST_RUR_03573,rural_agri,24229.09,0.7518,0.0352,-0.0222,18.9,0.1239,1,-144.03,12.38,1.25,0.0447,0.0584,0.6769,0,RURAL_AGRI_ALLIED
CUST_RUR_03574,rural_agri,16861.37,0.5541,0.1215,0.1533,13.2,0.0842,1,1569.87,11.25,5.45,0.0267,0.0525,1.1617,0,RURAL_AGRI_ALLIED
CUST_RUR_03575,rural_agri,13109.61,0.639,0.0767,-0.0029,27.0,0.1446,0,-3943.47,5.54,0.53,0.0118,0.0757,0.5985,0,RURAL_AGRI_ALLIED
CUST_KIR_03576,kirana_msme,62325.2,0.1668,0.1436,0.2106,82.9,0.159,0,11163.39,-17.2,18.29,0.0249,0.1271,1.71,0,MSME_KIRANA_SEASONAL
CUST_SAL_03577,salaried_tier1,25345.53,0.0254,0.1989,-0.0248,20.7,0.1842,0,-7350.68,4.32,4.61,0.056,0.0312,1.6485,0,EARLY_CAREER_SALARIED
CUST_KIR_03578,kirana_msme,46202.58,0.2486,0.1931,0.1684,52.0,0.1777,0,849.88,-21.71,13.32,0.0202,0.06,1.2996,0,MSME_KIRANA_SEASONAL
CUST_GIG_03579,gig_worker,23243.8,0.5635,0.1049,-0.043,18.8,0.1607,0,-6718.65,-9.99,20.22,0.0757,0.1056,1.2575,0,EARLY_CAREER_GIG
CUST_KIR_03580,kirana_msme,56665.13,0.3377,0.246,0.1414,25.0,0.1407,0,6472.84,10.88,12.16,0.0201,0.1606,1.5775,0,MSME_KIRANA_SEASONAL
CUST_KIR_03581,kirana_msme,42262.23,0.4113,0.151,0.1787,32.8,0.1329,0,1376.41,13.85,9.0,0.0108,0.069,1.6292,0,MSME_KIRANA_SEASONAL
CUST_RUR_03582,rural_agri,29799.55,0.7876,0.0128,0.1358,25.3,0.0484,0,-655.5,0.64,4.95,0.0156,0.0758,1.1467,0,RURAL_AGRI_ALLIED
CUST_KIR_03583,kirana_msme,65434.87,0.4248,0.0524,0.1222,27.0,0.1664,0,272.08,3.52,13.41,0.0154,0.1896,0.8956,0,MSME_KIRANA_SEASONAL
CUST_RUR_03584,rural_agri,10281.78,0.6766,0.1644,0.1169,9.1,0.0912,2,117.74,19.83,5.24,0.0103,0.0301,0.9993,0,RURAL_AGRI_ALLIED
CUST_KIR_03585,kirana_msme,34970.66,0.3561,0.2113,0.0776,89.0,0.1344,0,-6638.05,26.0,7.81,0.0163,0.211,1.7672,0,MSME_KIRANA_SEASONAL
CUST_KIR_03586,kirana_msme,40851.14,0.2224,0.1402,0.1546,27.8,0.0847,0,4501.62,22.83,10.36,0.0283,0.2049,1.3666,0,MSME_KIRANA_SEASONAL
CUST_KIR_03587,kirana_msme,69941.86,0.2464,0.1024,0.1134,25.9,0.1207,0,8229.35,8.18,22.13,0.0205,0.1393,0.8025,0,MSME_KIRANA_SEASONAL
CUST_GIG_03588,gig_worker,19711.02,0.3012,0.052,-0.0661,43.5,0.2517,0,-2268.5,-7.99,11.39,0.0907,0.0682,1.3078,0,EARLY_CAREER_GIG
CUST_SAL_03589,salaried_tier1,49880.05,0.0841,0.1864,0.1881,105.6,0.1817,0,9761.1,-10.07,5.32,0.017,0.0876,2.1651,0,EARLY_CAREER_SALARIED
CUST_SAL_03590,salaried_tier1,71687.99,0.0467,0.4487,0.3326,25.3,0.3617,0,17382.34,-1.41,4.87,0.0333,0.0887,2.5727,0,ESTABLISHED_FAMILY_HIGH_DEBT
CUST_RUR_03591,rural_agri,21262.15,0.7435,0.1753,0.1829,53.2,0.1175,3,2062.1,26.73,3.26,0.0251,0.0106,1.0722,0,RURAL_AGRI_ALLIED
CUST_SAL_03592,salaried_tier1,66535.11,0.0271,0.4006,-0.0101,80.2,0.3611,0,-2289.93,43.09,3.44,0.0265,0.0884,1.9562,0,ESTABLISHED_FAMILY_HIGH_DEBT
CUST_GIG_03593,gig_worker,29942.41,0.6498,0.0624,0.0656,10.2,0.2433,0,-2778.58,12.2,12.75,0.1748,0.0508,1.1448,0,EARLY_CAREER_GIG
CUST_GIG_03594,gig_worker,24755.05,0.3364,0.1718,0.0288,12.8,0.2036,1,1473.79,-0.5,22.48,0.1823,0.129,1.2125,0,EARLY_CAREER_GIG
CUST_KIR_03595,kirana_msme,58027.85,0.3806,0.2098,0.2806,53.1,0.1298,0,-518.14,3.54,10.25,0.0294,0.0904,1.7002,0,MSME_KIRANA_SEASONAL
CUST_GIG_03596,gig_worker,17614.04,0.3907,0.108,0.1375,43.4,0.1522,1,4766.19,-5.01,21.07,0.0492,0.0947,1.2497,0,EARLY_CAREER_GIG
CUST_SAL_03597,salaried_tier1,43019.34,0.091,0.4934,0.0177,94.9,0.2956,0,-6545.22,-0.72,6.72,0.0717,0.0837,2.1414,1,ESTABLISHED_FAMILY_HIGH_DEBT
CUST_GIG_03598,gig_worker,22768.35,0.306,0.1553,0.1213,8.1,0.0948,2,5245.26,12.82,21.49,0.1051,0.0795,1.0509,0,EARLY_CAREER_GIG
CUST_KIR_03599,kirana_msme,52470.77,0.3148,0.2619,0.2803,83.0,0.1402,0,4546.98,14.54,18.05,0.0214,0.0823,1.1572,0,MSME_KIRANA_SEASONAL
CUST_GIG_03600,gig_worker,29681.81,0.2732,0.1992,0.1444,25.0,0.1258,0,9868.53,20.07,20.24,0.1113,0.08,0.6513,0,EARLY_CAREER_GIG
CUST_SAL_03601,salaried_tier1,69725.01,0.0761,0.5383,0.2459,72.6,0.4567,3,3783.52,-6.95,2.89,0.0502,0.0986,2.6554,1,ESTABLISHED_FAMILY_HIGH_DEBT
CUST_GIG_03602,gig_worker,30944.32,0.4149,0.0784,0.101,16.3,0.2219,2,-5467.2,-2.11,17.86,0.036,0.1118,1.1596,1,EARLY_CAREER_GIG
CUST_SAL_03603,salaried_tier1,83859.8,0.0342,0.5048,0.0916,57.0,0.2364,0,-11115.04,-15.58,5.03,0.0591,0.0821,2.3846,0,ESTABLISHED_FAMILY_HIGH_DEBT
CUST_SAL_03604,salaried_tier1,54171.58,0.0774,0.353,-0.0165,118.1,0.1844,0,4352.93,-23.76,11.45,0.0305,0.0769,2.0464,0,ESTABLISHED_FAMILY_HIGH_DEBT
CUST_SAL_03605,salaried_tier1,68316.84,0.0663,0.2341,0.3206,26.6,0.4261,1,30923.87,16.65,2.29,0.0333,0.099,1.6092,0,EARLY_CAREER_SALARIED
CUST_SAL_03606,salaried_tier1,93648.79,0.0481,0.2374,0.0847,35.2,0.2016,0,-7180.24,3.3,7.02,0.0125,0.0631,1.6908,0,EARLY_CAREER_SALARIED
CUST_RUR_03607,rural_agri,16072.38,0.6956,0.0784,0.015,48.4,0.0613,0,-2865.81,-1.84,1.46,0.0105,0.0425,0.5442,0,RURAL_AGRI_ALLIED
CUST_SAL_03608,salaried_tier1,34958.21,0.0456,0.3114,0.3098,17.6,0.3998,1,3548.96,-0.05,8.51,0.051,0.0539,2.042,0,EARLY_CAREER_SALARIED
CUST_RUR_03609,rural_agri,29346.18,0.4451,0.2012,-0.0072,11.7,0.0941,3,-2549.22,-0.31,3.33,0.0226,0.042,0.7901,0,RURAL_AGRI_ALLIED
CUST_RUR_03610,rural_agri,30827.58,0.3699,0.1429,0.0987,26.1,0.0959,2,-120.48,9.39,2.33,0.0412,0.0792,0.8256,0,RURAL_AGRI_ALLIED
CUST_GIG_03611,gig_worker,10000.0,0.6073,0.1821,-0.0682,18.1,0.2674,0,537.39,-15.73,27.24,0.0669,0.1032,0.8592,0,EARLY_CAREER_GIG
CUST_SAL_03612,salaried_tier1,61584.7,0.0334,0.4498,0.2291,98.4,0.4297,0,4454.23,2.01,3.89,0.0345,0.0907,2.7722,0,ESTABLISHED_FAMILY_HIGH_DEBT
CUST_KIR_03613,kirana_msme,39634.27,0.3497,0.2647,0.2933,34.7,0.0684,0,11475.22,18.39,16.6,0.016,0.162,0.9882,0,MSME_KIRANA_SEASONAL
CUST_GIG_03614,gig_worker,26068.87,0.3847,0.0637,-0.1439,28.2,0.294,1,-11644.67,-0.85,22.32,0.0805,0.1204,0.8185,0,EARLY_CAREER_GIG
CUST_KIR_03615,kirana_msme,52569.82,0.237,0.059,0.1828,81.2,0.1177,0,-3540.11,23.8,12.75,0.0099,0.249,0.9785,0,MSME_KIRANA_SEASONAL
CUST_SAL_03616,salaried_tier1,78124.03,0.0219,0.2329,0.2308,76.4,0.4279,0,12156.38,9.5,11.33,0.0745,0.0238,2.2553,0,EARLY_CAREER_SALARIED
CUST_GIG_03617,gig_worker,19586.33,0.4389,0.1951,-0.1283,37.3,0.123,0,-4809.75,27.0,14.98,0.178,0.1468,0.9483,0,EARLY_CAREER_GIG
CUST_RUR_03618,rural_agri,13479.76,0.3206,0.1934,0.0184,21.9,0.1483,0,-930.39,0.16,5.21,0.0207,0.0509,0.6883,0,RURAL_AGRI_ALLIED
CUST_GIG_03619,gig_worker,22932.99,0.5767,0.0534,-0.1073,20.2,0.296,0,-8130.1,4.01,21.39,0.1671,0.1195,1.0536,0,EARLY_CAREER_GIG
CUST_SAL_03620,salaried_tier1,72382.35,0.0262,0.1694,0.0724,113.6,0.434,0,-8078.02,15.06,2.17,0.0306,0.0885,1.8701,0,EARLY_CAREER_SALARIED
CUST_GIG_03621,gig_worker,21207.33,0.595,0.1455,0.0113,43.1,0.2885,2,-22.26,13.85,12.16,0.1832,0.0777,0.782,0,EARLY_CAREER_GIG
CUST_SAL_03622,salaried_tier1,92338.12,0.0592,0.4261,0.2524,27.7,0.2123,0,11666.14,1.28,5.42,0.0743,0.0774,1.5709,0,ESTABLISHED_FAMILY_HIGH_DEBT
CUST_SAL_03623,salaried_tier1,37445.35,0.0289,0.5463,0.0205,34.8,0.4868,0,1021.03,-1.71,2.72,0.0166,0.0649,2.7712,1,ESTABLISHED_FAMILY_HIGH_DEBT
CUST_RUR_03624,rural_agri,22428.89,0.6343,0.0224,0.1795,19.0,0.1365,3,-431.85,11.81,2.77,0.0139,0.0665,0.843,0,RURAL_AGRI_ALLIED
CUST_SAL_03625,salaried_tier1,33618.73,0.0986,0.4885,-0.0418,59.3,0.2936,1,-3081.17,-8.33,11.98,0.024,0.0444,1.8438,1,ESTABLISHED_FAMILY_HIGH_DEBT
CUST_SAL_03626,salaried_tier1,61133.84,0.0611,0.3325,0.345,18.7,0.3027,2,23357.61,8.13,5.98,0.0542,0.1107,1.9802,0,EARLY_CAREER_SALARIED
CUST_SAL_03627,salaried_tier1,86695.77,0.0421,0.1792,0.2749,62.3,0.3063,0,9069.8,6.4,4.63,0.0266,0.0683,2.295,0,EARLY_CAREER_SALARIED
CUST_RUR_03628,rural_agri,22916.46,0.5347,0.1413,-0.0921,55.2,0.097,0,-2219.09,29.0,4.13,0.0292,0.0231,0.7055,0,RURAL_AGRI_ALLIED
CUST_GIG_03629,gig_worker,23653.0,0.352,0.0143,-0.0335,33.7,0.127,1,-8548.75,30.1,18.15,0.1951,0.136,1.2025,1,EARLY_CAREER_GIG
CUST_GIG_03630,gig_worker,25981.79,0.6084,0.1484,-0.1116,32.6,0.1357,0,-6154.23,19.98,27.19,0.0485,0.0497,1.2833,0,EARLY_CAREER_GIG
CUST_GIG_03631,gig_worker,46875.75,0.3661,0.0309,0.0841,22.8,0.1363,0,1648.16,-3.56,17.78,0.0623,0.1212,0.7885,0,EARLY_CAREER_GIG
CUST_SAL_03632,salaried_tier1,84650.0,0.052,0.1784,0.3186,15.8,0.4438,2,30785.75,24.16,2.75,0.0275,0.0513,1.8987,0,EARLY_CAREER_SALARIED
CUST_KIR_03633,kirana_msme,52561.71,0.2894,0.2366,0.0818,43.0,0.0677,0,830.45,-8.26,22.78,0.0098,0.0968,1.7076,0,MSME_KIRANA_SEASONAL
CUST_KIR_03634,kirana_msme,46279.63,0.3358,0.2864,0.1504,51.1,0.0602,0,1253.94,16.73,9.7,0.0232,0.1911,1.4916,0,MSME_KIRANA_SEASONAL
CUST_SAL_03635,salaried_tier1,76938.96,0.0743,0.3605,0.0324,37.8,0.3121,0,11447.62,-0.54,4.68,0.0136,0.0624,2.6561,0,ESTABLISHED_FAMILY_HIGH_DEBT
CUST_KIR_03636,kirana_msme,49757.49,0.3223,0.2398,0.2499,69.4,0.0507,0,-2548.32,-9.98,10.28,0.0085,0.1964,1.7774,0,MSME_KIRANA_SEASONAL
CUST_RUR_03637,rural_agri,14113.46,0.5179,0.184,0.177,53.0,0.1337,0,1727.46,3.87,4.26,0.0443,0.0162,1.149,0,RURAL_AGRI_ALLIED
CUST_SAL_03638,salaried_tier1,60675.3,0.0908,0.2439,-0.0343,94.9,0.4005,0,546.97,21.71,10.24,0.0327,0.1038,2.5988,0,EARLY_CAREER_SALARIED
CUST_SAL_03639,salaried_tier1,54482.75,0.0558,0.2758,0.0017,65.6,0.3545,0,-10596.37,-12.73,2.29,0.0121,0.0559,1.7266,0,EARLY_CAREER_SALARIED
CUST_SAL_03640,salaried_tier1,53341.96,0.0574,0.1655,0.0917,53.1,0.4792,0,108.34,-1.3,3.41,0.0474,0.022,2.666,0,EARLY_CAREER_SALARIED
CUST_SAL_03641,salaried_tier1,63531.78,0.043,0.4564,0.0006,73.4,0.4676,0,-10115.56,9.04,2.01,0.0348,0.057,2.7167,1,ESTABLISHED_FAMILY_HIGH_DEBT
CUST_RUR_03642,rural_agri,25187.8,0.4322,0.0836,0.1858,8.6,0.1237,2,1519.06,-3.84,1.0,0.0485,0.012,1.1313,0,RURAL_AGRI_ALLIED
CUST_KIR_03643,kirana_msme,45704.35,0.1825,0.1815,0.13,39.0,0.1427,0,11314.32,9.93,14.87,0.0195,0.0749,1.2433,0,MSME_KIRANA_SEASONAL
CUST_KIR_03644,kirana_msme,24790.43,0.3002,0.0765,0.2408,41.8,0.0967,0,4017.6,8.53,20.79,0.0191,0.1132,1.2219,0,MSME_KIRANA_SEASONAL
CUST_GIG_03645,gig_worker,18171.91,0.3496,0.1532,0.1451,38.4,0.2305,2,1933.19,-6.61,8.19,0.0846,0.1466,0.8567,0,EARLY_CAREER_GIG
CUST_SAL_03646,salaried_tier1,55973.64,0.093,0.1718,0.2436,56.9,0.2573,0,16368.89,7.33,5.49,0.0554,0.0861,2.1311,0,EARLY_CAREER_SALARIED
CUST_KIR_03647,kirana_msme,38740.52,0.3477,0.251,0.258,22.9,0.1546,0,7084.4,-11.8,15.86,0.008,0.112,1.1968,0,MSME_KIRANA_SEASONAL
CUST_KIR_03648,kirana_msme,23290.81,0.2215,0.171,0.2597,37.0,0.149,0,1081.1,-10.49,23.87,0.019,0.0709,0.9421,0,MSME_KIRANA_SEASONAL
CUST_GIG_03649,gig_worker,20723.13,0.5727,0.0398,0.0175,41.3,0.1451,0,-550.6,23.32,11.45,0.1538,0.1009,1.0973,0,EARLY_CAREER_GIG
CUST_RUR_03650,rural_agri,20484.75,0.4734,0.1907,-0.0224,44.3,0.0338,0,-2835.14,1.39,2.98,0.0218,0.0351,0.565,0,RURAL_AGRI_ALLIED
CUST_GIG_03651,gig_worker,14844.86,0.5034,0.0667,0.0939,43.7,0.13,0,-1169.95,-15.53,17.34,0.0812,0.1465,0.884,0,EARLY_CAREER_GIG
CUST_KIR_03652,kirana_msme,54240.25,0.3725,0.2703,0.1658,40.2,0.0978,0,-12698.42,-1.68,14.73,0.0061,0.2251,1.3676,0,MSME_KIRANA_SEASONAL
CUST_RUR_03653,rural_agri,23794.36,0.5272,0.0994,0.1156,8.0,0.0866,0,-5783.02,11.5,3.06,0.0086,0.0281,0.5592,0,RURAL_AGRI_ALLIED
CUST_SAL_03654,salaried_tier1,42869.76,0.0506,0.3125,0.0115,31.9,0.2094,0,1117.21,4.7,7.91,0.0784,0.0326,2.3764,0,EARLY_CAREER_SALARIED
CUST_SAL_03655,salaried_tier1,25000.0,0.0371,0.2572,0.3417,46.9,0.5411,0,4737.53,-9.58,3.83,0.0388,0.0437,1.8008,0,EARLY_CAREER_SALARIED
CUST_SAL_03656,salaried_tier1,75267.25,0.0428,0.4514,0.293,77.0,0.2965,0,17523.9,-5.92,4.93,0.0334,0.0361,2.5221,0,ESTABLISHED_FAMILY_HIGH_DEBT
CUST_KIR_03657,kirana_msme,29272.47,0.2266,0.0753,0.1804,80.6,0.1003,0,-2855.77,-6.06,22.24,0.0158,0.0762,1.085,0,MSME_KIRANA_SEASONAL
CUST_KIR_03658,kirana_msme,50444.49,0.2954,0.231,0.1779,49.3,0.1289,0,-3016.22,-2.91,18.61,0.0289,0.1344,0.8371,0,MSME_KIRANA_SEASONAL
CUST_GIG_03659,gig_worker,23250.3,0.5836,0.1502,0.0891,39.5,0.1847,1,-8527.88,-22.98,16.89,0.0351,0.1398,0.6612,0,EARLY_CAREER_GIG
CUST_RUR_03660,rural_agri,14595.68,0.3625,0.0452,0.0732,6.0,0.102,0,-3910.88,-22.35,3.8,0.0354,0.018,1.0825,0,RURAL_AGRI_ALLIED
CUST_KIR_03661,kirana_msme,23142.81,0.2604,0.0999,0.0595,49.2,0.1684,1,-452.65,-10.64,12.78,0.0231,0.151,1.4239,0,MSME_KIRANA_SEASONAL
CUST_KIR_03662,kirana_msme,45031.22,0.4391,0.2505,0.155,71.9,0.118,0,10298.77,18.23,22.31,0.0257,0.165,1.3167,0,MSME_KIRANA_SEASONAL
CUST_SAL_03663,salaried_tier1,81684.93,0.0669,0.3314,0.1276,106.4,0.3074,0,15505.86,17.07,9.71,0.0126,0.0348,2.5891,0,EARLY_CAREER_SALARIED
CUST_SAL_03664,salaried_tier1,87434.44,0.04,0.5404,0.1457,113.4,0.3215,0,-638.86,14.75,10.84,0.0331,0.0869,1.9711,0,ESTABLISHED_FAMILY_HIGH_DEBT
CUST_GIG_03665,gig_worker,21149.11,0.2999,0.1156,-0.0291,5.6,0.267,0,-5721.4,-2.62,16.15,0.1131,0.032,1.0443,1,EARLY_CAREER_GIG
CUST_KIR_03666,kirana_msme,41134.31,0.3071,0.2772,0.1496,33.8,0.0649,0,2694.94,-4.97,24.5,0.0074,0.1462,1.0388,0,MSME_KIRANA_SEASONAL
CUST_RUR_03667,rural_agri,33085.43,0.6711,0.1306,0.1438,46.4,0.0533,0,2921.7,26.18,1.23,0.0356,0.0471,0.5998,0,RURAL_AGRI_ALLIED
CUST_SAL_03668,salaried_tier1,52894.7,0.0685,0.1887,0.2832,51.1,0.4135,3,-150.99,-5.73,4.15,0.0252,0.026,2.118,0,EARLY_CAREER_SALARIED
CUST_SAL_03669,salaried_tier1,79937.44,0.0447,0.3902,0.1171,50.1,0.3458,0,-6602.05,12.54,2.73,0.0121,0.0606,2.6317,0,ESTABLISHED_FAMILY_HIGH_DEBT
CUST_KIR_03670,kirana_msme,25535.46,0.2578,0.1049,0.1249,59.8,0.1796,0,-1806.75,35.99,20.64,0.0007,0.1104,1.1207,0,MSME_KIRANA_SEASONAL
CUST_SAL_03671,salaried_tier1,62973.66,0.0653,0.3541,0.1798,84.6,0.3017,0,-3817.09,6.16,10.59,0.0574,0.0964,1.5722,0,ESTABLISHED_FAMILY_HIGH_DEBT
CUST_SAL_03672,salaried_tier1,91225.42,0.0407,0.5329,0.1668,38.3,0.2339,0,20363.64,23.3,2.41,0.04,0.1017,1.8253,0,ESTABLISHED_FAMILY_HIGH_DEBT
CUST_GIG_03673,gig_worker,24945.31,0.4856,0.1399,-0.0714,7.2,0.1972,0,-3566.45,24.15,10.04,0.0484,0.1345,1.0192,0,EARLY_CAREER_GIG
CUST_SAL_03674,salaried_tier1,33573.29,0.0442,0.3237,0.1849,34.6,0.2547,0,-4093.71,10.75,10.19,0.0675,0.0536,2.0002,0,EARLY_CAREER_SALARIED
CUST_GIG_03675,gig_worker,19290.59,0.3621,0.0167,0.0533,16.3,0.1981,1,418.63,21.12,14.51,0.0703,0.1318,1.3524,0,EARLY_CAREER_GIG
CUST_SAL_03676,salaried_tier1,39705.2,0.0628,0.498,0.1057,33.7,0.3806,0,-85.96,4.74,2.41,0.0139,0.043,1.6578,0,ESTABLISHED_FAMILY_HIGH_DEBT
CUST_SAL_03677,salaried_tier1,91757.3,0.0709,0.2685,0.2444,75.5,0.4945,0,24419.85,19.29,8.35,0.0206,0.1163,1.7342,0,EARLY_CAREER_SALARIED
CUST_KIR_03678,kirana_msme,35251.1,0.2896,0.2129,0.1073,67.6,0.173,0,1483.38,28.83,22.66,0.0002,0.1011,0.9996,0,MSME_KIRANA_SEASONAL
CUST_RUR_03679,rural_agri,17978.15,0.6478,0.0413,0.0381,52.9,0.0684,0,-51.51,-18.34,2.92,0.0115,0.0734,0.8659,0,RURAL_AGRI_ALLIED
CUST_KIR_03680,kirana_msme,38436.05,0.2219,0.1745,0.2155,68.3,0.0533,0,7045.89,35.87,22.79,0.0201,0.1032,1.4606,0,MSME_KIRANA_SEASONAL
CUST_GIG_03681,gig_worker,24017.66,0.4387,0.0673,0.0371,29.7,0.2937,0,-4687.27,1.15,11.15,0.1232,0.0343,1.0781,0,EARLY_CAREER_GIG
CUST_SAL_03682,salaried_tier1,89920.78,0.0838,0.3358,0.1399,32.0,0.4471,0,24783.36,-5.9,3.88,0.064,0.0873,2.0524,0,EARLY_CAREER_SALARIED
CUST_GIG_03683,gig_worker,32224.96,0.2511,0.0635,-0.1238,31.6,0.1267,0,-3006.14,14.49,17.68,0.0356,0.1315,0.6705,0,EARLY_CAREER_GIG
CUST_SAL_03684,salaried_tier1,72026.37,0.0221,0.3615,0.1291,76.8,0.5181,0,-13811.11,-3.29,6.3,0.0405,0.0847,2.3308,0,ESTABLISHED_FAMILY_HIGH_DEBT
CUST_GIG_03685,gig_worker,33464.53,0.3373,0.1175,0.0015,30.3,0.1212,1,-4779.92,-8.71,11.6,0.1064,0.1114,1.1643,0,EARLY_CAREER_GIG
CUST_GIG_03686,gig_worker,35278.95,0.6084,0.0764,0.1499,8.9,0.1651,2,-942.78,15.7,24.22,0.1843,0.0909,1.1849,0,EARLY_CAREER_GIG
CUST_RUR_03687,rural_agri,29384.59,0.5559,0.2028,0.1706,46.2,0.1192,1,3292.64,46.38,5.85,0.0323,0.0688,0.8301,0,RURAL_AGRI_ALLIED
CUST_KIR_03688,kirana_msme,63564.97,0.2845,0.1391,0.1099,49.7,0.0817,0,7354.77,31.87,24.54,0.0173,0.0792,1.6747,0,MSME_KIRANA_SEASONAL
CUST_SAL_03689,salaried_tier1,41259.34,0.0381,0.3396,0.0366,41.2,0.4992,0,-5254.68,-8.67,5.2,0.0472,0.0261,1.5719,1,EARLY_CAREER_SALARIED
CUST_SAL_03690,salaried_tier1,35046.16,0.0467,0.4947,0.2654,113.3,0.4296,0,3037.97,-11.16,8.67,0.0734,0.0269,1.837,0,ESTABLISHED_FAMILY_HIGH_DEBT
CUST_RUR_03691,rural_agri,22101.33,0.7398,0.0158,0.1717,8.7,0.0645,0,4783.95,7.14,1.44,0.024,0.0649,0.6018,0,RURAL_AGRI_ALLIED
CUST_KIR_03692,kirana_msme,68866.32,0.336,0.1957,0.062,48.8,0.1326,0,-2905.11,-9.63,8.99,0.0285,0.1517,0.8048,0,MSME_KIRANA_SEASONAL
CUST_GIG_03693,gig_worker,10000.0,0.3688,0.0823,-0.0121,16.9,0.1368,0,164.25,6.96,12.04,0.1589,0.1168,0.9427,0,EARLY_CAREER_GIG
CUST_SAL_03694,salaried_tier1,83127.44,0.0424,0.4122,0.0262,81.1,0.4863,0,-10297.93,8.16,11.93,0.0116,0.0532,2.1122,1,ESTABLISHED_FAMILY_HIGH_DEBT
CUST_KIR_03695,kirana_msme,77010.03,0.2466,0.0678,0.1188,43.6,0.122,0,7476.12,-24.45,8.92,0.0055,0.1203,1.321,0,MSME_KIRANA_SEASONAL
CUST_SAL_03696,salaried_tier1,29447.55,0.0342,0.4951,0.0302,116.5,0.545,0,441.13,-2.24,9.95,0.0711,0.091,2.1526,1,ESTABLISHED_FAMILY_HIGH_DEBT
CUST_RUR_03697,rural_agri,19290.13,0.56,0.1808,-0.0396,10.1,0.1099,0,-5809.08,2.54,2.59,0.0375,0.0578,0.9664,1,RURAL_AGRI_ALLIED
CUST_GIG_03698,gig_worker,20425.3,0.3042,0.1511,-0.0041,4.3,0.252,0,316.66,14.75,23.11,0.047,0.1036,1.2794,0,EARLY_CAREER_GIG
CUST_RUR_03699,rural_agri,20218.39,0.6888,0.2467,-0.0039,13.5,0.0739,0,-4071.38,-12.72,5.53,0.0097,0.0434,0.7861,0,RURAL_AGRI_ALLIED
CUST_SAL_03700,salaried_tier1,81874.7,0.0437,0.4041,0.0048,85.3,0.2617,0,-10355.17,10.08,2.47,0.0778,0.0614,1.6614,1,ESTABLISHED_FAMILY_HIGH_DEBT
CUST_GIG_03701,gig_worker,27742.01,0.5736,0.0221,-0.0709,8.5,0.2771,0,873.57,2.19,10.2,0.1425,0.1093,1.482,0,EARLY_CAREER_GIG
CUST_GIG_03702,gig_worker,29903.43,0.6414,0.006,0.0406,13.2,0.2402,1,-3378.7,-17.35,16.71,0.0568,0.1002,1.2863,0,EARLY_CAREER_GIG
CUST_KIR_03703,kirana_msme,48372.17,0.3106,0.2185,0.0898,20.5,0.1951,0,-2164.34,8.29,14.14,0.0279,0.0915,1.2,0,MSME_KIRANA_SEASONAL
CUST_RUR_03704,rural_agri,32046.37,0.3338,0.0489,0.0221,39.0,0.0473,0,-3274.94,10.62,4.05,0.046,0.0216,0.6826,0,RURAL_AGRI_ALLIED
CUST_RUR_03705,rural_agri,31304.47,0.4439,0.1362,0.016,20.5,0.1175,2,-4033.97,-6.31,3.93,0.0089,0.0654,0.7303,0,RURAL_AGRI_ALLIED
CUST_RUR_03706,rural_agri,18184.73,0.6217,0.2023,0.1058,36.1,0.0746,3,1548.76,-7.19,5.36,0.0355,0.05,0.5935,0,RURAL_AGRI_ALLIED
CUST_GIG_03707,gig_worker,33875.96,0.5481,0.1291,0.1477,43.9,0.168,0,436.77,16.12,24.89,0.108,0.0703,1.0175,0,EARLY_CAREER_GIG
CUST_SAL_03708,salaried_tier1,69118.6,0.0974,0.2664,0.2959,51.8,0.4739,1,17554.98,18.33,9.29,0.0771,0.0575,2.3101,0,EARLY_CAREER_SALARIED
CUST_SAL_03709,salaried_tier1,85611.64,0.0695,0.4459,-0.0448,50.7,0.4582,0,-8590.1,30.69,11.52,0.0487,0.0392,1.9717,1,ESTABLISHED_FAMILY_HIGH_DEBT
CUST_RUR_03710,rural_agri,8000.0,0.7577,0.1615,0.0068,30.6,0.0634,4,-8.75,-31.81,2.66,0.0092,0.0224,0.9914,0,RURAL_AGRI_ALLIED
CUST_SAL_03711,salaried_tier1,92423.68,0.0983,0.2919,0.0678,95.9,0.3299,0,-5849.23,-6.3,4.81,0.0101,0.1141,1.7352,0,EARLY_CAREER_SALARIED
CUST_GIG_03712,gig_worker,19313.24,0.4707,0.1407,-0.0576,43.2,0.2473,2,-5205.24,-1.23,15.62,0.1215,0.0842,0.8913,1,EARLY_CAREER_GIG
CUST_GIG_03713,gig_worker,24515.46,0.255,0.0692,-0.1423,6.7,0.1194,0,-3254.99,-11.78,10.98,0.0971,0.0665,0.9432,0,EARLY_CAREER_GIG
CUST_GIG_03714,gig_worker,19279.76,0.4052,0.179,-0.0241,21.5,0.095,0,-2116.17,-9.17,13.83,0.0969,0.1006,1.4428,0,EARLY_CAREER_GIG
CUST_RUR_03715,rural_agri,11018.64,0.4727,0.1733,0.0037,22.8,0.0687,2,-3030.46,4.33,0.58,0.0183,0.0295,0.7159,0,RURAL_AGRI_ALLIED
CUST_KIR_03716,kirana_msme,57116.53,0.3449,0.1656,0.1515,81.1,0.1213,0,-2391.67,5.98,10.52,0.0123,0.074,1.1543,0,MSME_KIRANA_SEASONAL
CUST_KIR_03717,kirana_msme,25834.41,0.182,0.0858,0.1288,51.6,0.079,0,189.61,-13.26,7.48,0.0298,0.1395,0.9933,0,MSME_KIRANA_SEASONAL
CUST_SAL_03718,salaried_tier1,60429.07,0.0786,0.4074,0.2357,51.1,0.5255,0,16065.13,-10.24,2.67,0.0617,0.105,1.6008,0,ESTABLISHED_FAMILY_HIGH_DEBT
CUST_KIR_03719,kirana_msme,50275.18,0.209,0.1448,0.2072,39.9,0.1063,0,-3499.02,15.84,18.49,0.0235,0.183,1.2605,0,MSME_KIRANA_SEASONAL
CUST_SAL_03720,salaried_tier1,67180.19,0.0933,0.2962,0.0542,22.7,0.3307,0,1253.86,-12.51,7.21,0.0614,0.1096,2.7699,0,EARLY_CAREER_SALARIED
CUST_KIR_03721,kirana_msme,48642.43,0.3776,0.2146,0.0653,31.8,0.0929,0,4964.18,-17.42,16.96,0.0025,0.1274,1.6392,0,MSME_KIRANA_SEASONAL
CUST_RUR_03722,rural_agri,18209.6,0.5306,0.2262,0.1725,32.5,0.0866,1,372.14,11.68,2.07,0.0001,0.0155,0.6807,0,RURAL_AGRI_ALLIED
CUST_RUR_03723,rural_agri,16387.44,0.6082,0.1629,-0.0821,47.5,0.1027,0,-3545.12,-6.68,0.56,0.0272,0.0212,1.1882,0,RURAL_AGRI_ALLIED
CUST_SAL_03724,salaried_tier1,46431.0,0.0989,0.4115,0.3169,40.3,0.2775,0,19408.0,3.3,4.12,0.0763,0.0244,2.5901,0,ESTABLISHED_FAMILY_HIGH_DEBT
CUST_KIR_03725,kirana_msme,46862.56,0.411,0.276,0.1964,86.9,0.1532,0,4553.15,29.47,20.62,0.0191,0.1953,1.5209,0,MSME_KIRANA_SEASONAL
CUST_RUR_03726,rural_agri,24843.49,0.5619,0.2246,0.102,37.8,0.0676,3,-4067.36,1.0,5.45,0.0326,0.0233,0.5379,0,RURAL_AGRI_ALLIED
CUST_SAL_03727,salaried_tier1,56851.71,0.0969,0.4511,0.3167,46.4,0.183,0,5979.66,4.84,9.21,0.048,0.0596,2.1279,0,ESTABLISHED_FAMILY_HIGH_DEBT
CUST_SAL_03728,salaried_tier1,63811.33,0.0651,0.441,0.3118,108.9,0.2121,3,12101.44,18.85,10.4,0.0511,0.0878,1.7038,0,ESTABLISHED_FAMILY_HIGH_DEBT
CUST_SAL_03729,salaried_tier1,89998.63,0.0323,0.4967,0.3472,84.5,0.5405,0,26492.3,22.78,3.69,0.0461,0.0864,2.5781,0,ESTABLISHED_FAMILY_HIGH_DEBT
CUST_GIG_03730,gig_worker,27221.52,0.4329,0.0899,-0.0225,32.4,0.2409,0,2078.16,-0.44,18.57,0.0465,0.1322,1.2667,0,EARLY_CAREER_GIG
CUST_SAL_03731,salaried_tier1,69278.97,0.0299,0.3092,-0.0194,97.6,0.2285,0,4121.88,10.49,4.26,0.0572,0.0839,1.7711,0,EARLY_CAREER_SALARIED
CUST_RUR_03732,rural_agri,14911.79,0.3624,0.1772,0.0129,39.8,0.0813,0,-5008.61,-14.99,3.54,0.0217,0.0241,0.9924,0,RURAL_AGRI_ALLIED
CUST_KIR_03733,kirana_msme,35296.59,0.383,0.0725,0.2727,80.7,0.1957,0,5658.52,6.19,22.75,0.0034,0.1375,1.7714,0,MSME_KIRANA_SEASONAL
CUST_KIR_03734,kirana_msme,57218.45,0.4409,0.1149,0.1956,52.5,0.132,0,5863.05,16.29,22.92,0.0037,0.119,1.7141,0,MSME_KIRANA_SEASONAL
CUST_SAL_03735,salaried_tier1,72328.0,0.0983,0.4282,0.2095,31.2,0.2487,0,-10341.22,-3.45,6.97,0.0731,0.0307,2.1043,0,ESTABLISHED_FAMILY_HIGH_DEBT
CUST_KIR_03736,kirana_msme,49655.95,0.1565,0.1368,0.2659,65.7,0.0814,0,11501.26,-14.0,15.42,0.027,0.0577,0.8879,0,MSME_KIRANA_SEASONAL
CUST_GIG_03737,gig_worker,12403.38,0.603,0.0244,-0.0212,10.8,0.2559,0,-491.16,25.9,22.52,0.1689,0.0855,0.768,0,EARLY_CAREER_GIG
CUST_GIG_03738,gig_worker,32871.48,0.3603,0.1883,-0.086,18.7,0.1424,3,-1223.11,40.25,24.23,0.0308,0.1123,1.3455,1,EARLY_CAREER_GIG
CUST_GIG_03739,gig_worker,27101.87,0.5499,0.1124,0.0424,22.8,0.2376,2,-8511.52,-6.63,10.15,0.1466,0.0753,0.6459,0,EARLY_CAREER_GIG
CUST_GIG_03740,gig_worker,10000.0,0.4532,0.1917,0.0775,36.4,0.1073,0,850.19,-19.01,27.37,0.146,0.0323,0.6956,0,EARLY_CAREER_GIG
CUST_RUR_03741,rural_agri,9842.95,0.3284,0.0808,-0.0113,44.4,0.0869,0,-903.86,-8.62,0.89,0.0331,0.0203,0.8993,0,RURAL_AGRI_ALLIED
CUST_RUR_03742,rural_agri,23315.04,0.4623,0.0703,-0.0494,26.6,0.0518,0,-3612.28,-9.29,0.79,0.0355,0.0242,1.1002,0,RURAL_AGRI_ALLIED
CUST_GIG_03743,gig_worker,21361.37,0.3225,0.1865,0.0089,43.5,0.1573,0,-3637.24,23.85,24.17,0.037,0.1135,0.7711,0,EARLY_CAREER_GIG
CUST_SAL_03744,salaried_tier1,103510.08,0.0363,0.3626,0.1208,44.6,0.3483,2,10924.83,13.1,4.79,0.0719,0.1077,2.7336,0,ESTABLISHED_FAMILY_HIGH_DEBT
CUST_SAL_03745,salaried_tier1,68976.79,0.0496,0.4103,0.019,32.0,0.4831,0,3477.52,10.95,4.9,0.0438,0.0744,2.5447,1,ESTABLISHED_FAMILY_HIGH_DEBT
CUST_SAL_03746,salaried_tier1,74973.64,0.0478,0.3606,-0.038,40.7,0.2965,0,1647.05,1.99,2.51,0.0395,0.0275,1.6237,0,ESTABLISHED_FAMILY_HIGH_DEBT
CUST_GIG_03747,gig_worker,10934.73,0.6162,0.0256,0.0345,16.4,0.1072,0,-3496.7,1.47,15.27,0.1602,0.1307,0.9851,0,EARLY_CAREER_GIG
CUST_KIR_03748,kirana_msme,18431.22,0.3959,0.2992,0.0953,73.4,0.1411,0,-1803.48,5.98,6.94,0.0163,0.1727,1.0644,0,MSME_KIRANA_SEASONAL
CUST_KIR_03749,kirana_msme,47233.38,0.262,0.0906,0.2045,38.6,0.1883,0,4839.45,23.17,7.83,0.0195,0.1232,0.9496,0,MSME_KIRANA_SEASONAL
CUST_RUR_03750,rural_agri,15458.84,0.6286,0.0013,0.1722,15.1,0.0837,0,379.21,-6.08,5.09,0.0293,0.0318,0.6528,0,RURAL_AGRI_ALLIED
CUST_RUR_03751,rural_agri,30769.05,0.4268,0.0831,0.1161,45.6,0.0549,0,1960.24,5.35,4.57,0.0081,0.037,1.109,0,RURAL_AGRI_ALLIED
CUST_RUR_03752,rural_agri,15590.31,0.7163,0.1512,-0.0473,25.9,0.04,2,-1806.8,3.49,3.2,0.0226,0.0424,1.0214,0,RURAL_AGRI_ALLIED
CUST_KIR_03753,kirana_msme,41874.52,0.4386,0.1154,0.1709,82.1,0.112,0,1735.17,3.6,10.7,0.0152,0.123,0.9688,0,MSME_KIRANA_SEASONAL
CUST_GIG_03754,gig_worker,22055.18,0.2575,0.0237,0.0561,36.4,0.0907,2,-695.45,21.44,18.36,0.0731,0.0746,1.1646,0,EARLY_CAREER_GIG
CUST_SAL_03755,salaried_tier1,54025.77,0.0853,0.2347,0.0353,98.1,0.3737,0,5436.49,5.37,3.26,0.0345,0.0773,2.2458,0,EARLY_CAREER_SALARIED
CUST_SAL_03756,salaried_tier1,82684.65,0.0397,0.3257,0.3426,34.6,0.462,0,20912.71,20.79,6.88,0.0781,0.037,2.6051,0,EARLY_CAREER_SALARIED
CUST_SAL_03757,salaried_tier1,56169.09,0.0431,0.2852,0.0797,85.9,0.1719,0,848.83,37.28,3.73,0.0258,0.0298,2.1846,0,EARLY_CAREER_SALARIED
CUST_KIR_03758,kirana_msme,52425.5,0.2388,0.2405,0.2308,24.3,0.1895,0,7401.04,0.07,13.35,0.0246,0.149,1.1963,0,MSME_KIRANA_SEASONAL
CUST_KIR_03759,kirana_msme,62260.59,0.3209,0.1801,0.1415,24.5,0.165,0,1473.63,-0.89,13.64,0.012,0.2449,1.731,0,MSME_KIRANA_SEASONAL
CUST_RUR_03760,rural_agri,40458.68,0.5744,0.053,0.1781,43.7,0.061,0,-4323.87,-2.17,2.59,0.0278,0.0184,1.1163,0,RURAL_AGRI_ALLIED
CUST_SAL_03761,salaried_tier1,39809.03,0.0961,0.2381,0.2616,53.3,0.4834,1,10780.46,-0.28,6.91,0.0208,0.0906,1.7431,0,EARLY_CAREER_SALARIED
CUST_GIG_03762,gig_worker,13327.41,0.3726,0.0648,-0.1033,16.0,0.2796,0,-3428.9,13.98,15.69,0.1932,0.1217,0.847,0,EARLY_CAREER_GIG
CUST_KIR_03763,kirana_msme,72416.54,0.442,0.0713,0.1421,54.5,0.112,0,-508.46,18.46,24.41,0.0241,0.1973,1.1691,0,MSME_KIRANA_SEASONAL
CUST_SAL_03764,salaried_tier1,69879.08,0.0328,0.5297,0.3399,107.6,0.2454,0,21621.31,12.0,7.79,0.0795,0.1156,2.0291,0,ESTABLISHED_FAMILY_HIGH_DEBT
CUST_KIR_03765,kirana_msme,28150.19,0.3745,0.0727,0.2852,30.9,0.1186,1,2957.84,7.64,20.52,0.0252,0.2434,1.7882,0,MSME_KIRANA_SEASONAL
CUST_SAL_03766,salaried_tier1,81491.79,0.0605,0.5023,0.2452,105.3,0.1884,0,26837.43,2.77,7.13,0.0529,0.1046,1.9284,0,ESTABLISHED_FAMILY_HIGH_DEBT
CUST_GIG_03767,gig_worker,27908.77,0.5267,0.1076,-0.0783,34.7,0.2523,2,1176.47,-6.28,22.95,0.0393,0.0325,1.4587,0,EARLY_CAREER_GIG
CUST_KIR_03768,kirana_msme,38586.75,0.4,0.0881,0.2506,62.2,0.0766,0,6275.6,45.53,17.76,0.0261,0.1021,1.2545,0,MSME_KIRANA_SEASONAL
CUST_SAL_03769,salaried_tier1,53885.2,0.0601,0.2534,0.0453,78.0,0.2235,0,-13550.02,-3.18,3.98,0.0622,0.056,2.4181,0,EARLY_CAREER_SALARIED
CUST_SAL_03770,salaried_tier1,117834.73,0.0205,0.1674,0.1502,79.0,0.275,0,-4624.15,-13.19,6.19,0.0554,0.085,2.517,0,EARLY_CAREER_SALARIED
CUST_KIR_03771,kirana_msme,21754.59,0.3957,0.0983,0.1228,50.8,0.161,0,3135.25,12.23,15.22,0.007,0.2041,1.1371,0,MSME_KIRANA_SEASONAL
CUST_RUR_03772,rural_agri,16284.27,0.5083,0.0222,-0.0506,7.7,0.1069,1,-1480.57,-6.31,3.05,0.0321,0.0381,1.1419,0,RURAL_AGRI_ALLIED
CUST_KIR_03773,kirana_msme,52668.23,0.2476,0.2463,0.2374,68.6,0.1721,0,2309.51,6.54,5.08,0.0155,0.1691,1.4326,0,MSME_KIRANA_SEASONAL
CUST_GIG_03774,gig_worker,32534.95,0.2913,0.0855,-0.1097,5.2,0.1525,0,2271.58,-18.13,24.21,0.0801,0.0355,1.3801,0,EARLY_CAREER_GIG
CUST_GIG_03775,gig_worker,30028.18,0.2622,0.0742,0.0176,21.1,0.2268,0,-9830.09,2.39,14.16,0.0473,0.0584,0.7384,0,EARLY_CAREER_GIG
CUST_RUR_03776,rural_agri,11902.11,0.3019,0.1393,0.1076,26.5,0.0656,0,1524.87,17.92,4.04,0.0367,0.0593,0.5709,0,RURAL_AGRI_ALLIED
CUST_RUR_03777,rural_agri,18209.71,0.4314,0.176,0.1125,33.1,0.1408,0,770.59,41.59,0.69,0.0026,0.0138,0.8342,0,RURAL_AGRI_ALLIED
CUST_GIG_03778,gig_worker,11459.04,0.256,0.0312,0.0301,30.7,0.2224,0,-879.89,31.74,16.22,0.1606,0.05,1.4201,0,EARLY_CAREER_GIG
CUST_GIG_03779,gig_worker,27446.69,0.4097,0.0565,0.1419,15.0,0.1085,0,5494.14,23.24,10.56,0.1504,0.1043,0.8942,0,EARLY_CAREER_GIG
CUST_RUR_03780,rural_agri,31824.81,0.31,0.1927,0.1732,11.7,0.1255,1,10087.88,4.3,5.56,0.0009,0.0292,0.6997,0,RURAL_AGRI_ALLIED
CUST_KIR_03781,kirana_msme,66983.87,0.1944,0.1038,0.2997,36.6,0.1309,0,18039.54,11.62,24.24,0.0042,0.1701,1.6514,0,MSME_KIRANA_SEASONAL
CUST_KIR_03782,kirana_msme,22744.31,0.2661,0.2378,0.2984,58.8,0.0793,0,3635.34,0.61,14.66,0.0215,0.182,1.7437,0,MSME_KIRANA_SEASONAL
CUST_SAL_03783,salaried_tier1,86476.24,0.0668,0.1785,0.0278,39.9,0.5475,0,-7472.1,7.46,2.78,0.0227,0.1072,2.6306,0,EARLY_CAREER_SALARIED
CUST_RUR_03784,rural_agri,17771.17,0.3525,0.0081,0.0403,11.7,0.1056,2,-5880.24,-10.49,3.87,0.0408,0.0408,0.5222,1,RURAL_AGRI_ALLIED
CUST_RUR_03785,rural_agri,26467.29,0.765,0.2344,0.0675,41.5,0.0719,1,-1953.84,8.12,4.6,0.0154,0.0716,0.7119,0,RURAL_AGRI_ALLIED
CUST_SAL_03786,salaried_tier1,30147.23,0.0222,0.2094,0.3372,113.8,0.1977,0,7695.0,-3.45,6.78,0.0309,0.1113,2.1047,0,EARLY_CAREER_SALARIED
CUST_GIG_03787,gig_worker,30608.03,0.5098,0.0938,0.1374,34.4,0.1348,0,2133.89,6.4,8.39,0.0409,0.1331,1.2839,0,EARLY_CAREER_GIG
CUST_KIR_03788,kirana_msme,59206.41,0.4042,0.2883,0.0739,49.6,0.1361,0,-5285.19,21.28,6.43,0.0061,0.1491,1.0665,0,MSME_KIRANA_SEASONAL
CUST_SAL_03789,salaried_tier1,68894.97,0.0728,0.313,0.1784,95.6,0.2548,2,4856.52,19.38,11.02,0.0619,0.0861,1.6791,0,EARLY_CAREER_SALARIED
CUST_RUR_03790,rural_agri,16822.11,0.7573,0.153,0.0977,55.3,0.0932,0,906.57,-1.68,3.55,0.0031,0.0226,0.9433,0,RURAL_AGRI_ALLIED
CUST_SAL_03791,salaried_tier1,64030.14,0.0827,0.3135,-0.0106,25.4,0.323,0,-3573.0,-11.82,6.94,0.0592,0.0386,2.2431,0,EARLY_CAREER_SALARIED
CUST_SAL_03792,salaried_tier1,47001.72,0.0692,0.5031,0.1453,35.2,0.5044,0,8332.79,1.93,5.2,0.0309,0.0842,2.4493,0,ESTABLISHED_FAMILY_HIGH_DEBT
CUST_GIG_03793,gig_worker,30544.61,0.5937,0.1136,-0.0618,25.2,0.264,0,-7458.56,12.54,18.79,0.1808,0.0999,0.9469,0,EARLY_CAREER_GIG
CUST_GIG_03794,gig_worker,38467.37,0.3009,0.1242,0.0932,5.6,0.1452,0,-460.85,13.95,23.45,0.0864,0.1128,0.8342,0,EARLY_CAREER_GIG
CUST_SAL_03795,salaried_tier1,73664.52,0.0425,0.2102,0.1515,25.9,0.5143,0,12496.46,2.24,9.09,0.07,0.1084,2.6349,0,EARLY_CAREER_SALARIED
CUST_GIG_03796,gig_worker,36595.52,0.6165,0.1855,0.019,16.3,0.1414,0,-8871.61,2.16,21.4,0.1197,0.1228,0.7625,0,EARLY_CAREER_GIG
CUST_KIR_03797,kirana_msme,48227.83,0.2905,0.1624,0.1289,70.9,0.1222,0,-7812.77,-6.21,16.93,0.0006,0.0908,1.3474,0,MSME_KIRANA_SEASONAL
CUST_SAL_03798,salaried_tier1,50488.99,0.041,0.5036,0.0779,51.7,0.2565,2,-6632.87,-11.13,8.11,0.0615,0.0534,2.1961,1,ESTABLISHED_FAMILY_HIGH_DEBT
CUST_SAL_03799,salaried_tier1,62575.59,0.0643,0.1919,0.1311,44.4,0.5113,0,3313.0,-4.74,8.95,0.0722,0.1078,2.3449,0,EARLY_CAREER_SALARIED
CUST_GIG_03800,gig_worker,10000.0,0.5461,0.0017,-0.1447,33.1,0.2743,1,-1706.07,8.19,26.7,0.1187,0.1191,0.7054,0,EARLY_CAREER_GIG
CUST_SAL_03801,salaried_tier1,103726.62,0.0683,0.1877,0.1672,71.7,0.4363,0,4926.62,8.87,8.23,0.0128,0.0907,2.6188,0,EARLY_CAREER_SALARIED
CUST_RUR_03802,rural_agri,28249.14,0.3857,0.1503,0.0503,6.4,0.0686,0,-7333.55,-5.77,1.83,0.0417,0.0588,0.7735,0,RURAL_AGRI_ALLIED
CUST_RUR_03803,rural_agri,23041.69,0.5693,0.0701,-0.0773,48.2,0.0346,0,-121.44,38.8,3.65,0.0496,0.0163,0.7065,0,RURAL_AGRI_ALLIED
CUST_RUR_03804,rural_agri,22807.01,0.7039,0.1306,0.0302,39.0,0.1381,1,944.22,11.14,2.36,0.0298,0.0539,0.9239,0,RURAL_AGRI_ALLIED
CUST_SAL_03805,salaried_tier1,75863.93,0.0438,0.1849,0.2802,21.9,0.4027,3,1655.29,26.06,4.2,0.0633,0.0297,1.6139,0,EARLY_CAREER_SALARIED
CUST_RUR_03806,rural_agri,23401.02,0.7341,0.1357,0.0996,42.4,0.1353,2,-6171.06,-4.42,0.61,0.0104,0.0751,1.1839,0,RURAL_AGRI_ALLIED
CUST_KIR_03807,kirana_msme,34989.09,0.3508,0.2926,0.219,77.0,0.0649,0,7021.42,15.46,6.44,0.0166,0.2001,1.0048,0,MSME_KIRANA_SEASONAL
CUST_KIR_03808,kirana_msme,34594.02,0.4304,0.0882,0.2396,30.4,0.1998,0,6301.55,10.09,14.34,0.0031,0.1488,1.2959,0,MSME_KIRANA_SEASONAL
CUST_SAL_03809,salaried_tier1,67869.99,0.0744,0.4778,0.1898,117.7,0.3475,0,1603.74,-6.87,5.4,0.0578,0.0802,1.7991,0,ESTABLISHED_FAMILY_HIGH_DEBT
CUST_SAL_03810,salaried_tier1,60092.54,0.0665,0.2792,0.1019,75.4,0.3825,0,-778.33,9.06,6.88,0.0675,0.0668,2.1391,0,EARLY_CAREER_SALARIED
CUST_GIG_03811,gig_worker,27302.47,0.4393,0.1661,-0.0288,15.7,0.1257,2,-6163.85,10.02,9.54,0.1513,0.0342,1.2465,1,EARLY_CAREER_GIG
CUST_KIR_03812,kirana_msme,63352.38,0.3324,0.2912,0.2638,43.8,0.1751,0,9380.03,-29.84,5.25,0.0262,0.064,1.7697,0,MSME_KIRANA_SEASONAL
CUST_SAL_03813,salaried_tier1,64248.26,0.0677,0.4268,-0.0424,77.0,0.3572,0,-3327.82,-7.55,2.56,0.0224,0.107,1.5985,0,ESTABLISHED_FAMILY_HIGH_DEBT
CUST_GIG_03814,gig_worker,34408.82,0.3538,0.0137,-0.0365,33.6,0.2813,0,-7916.56,8.6,9.32,0.0862,0.0327,1.3294,0,EARLY_CAREER_GIG
CUST_SAL_03815,salaried_tier1,37542.05,0.0712,0.1859,0.008,104.0,0.2309,0,-10113.69,-6.62,2.88,0.073,0.1102,1.7935,1,EARLY_CAREER_SALARIED
CUST_GIG_03816,gig_worker,10000.0,0.5529,0.1509,0.0957,25.0,0.2563,0,1445.76,-4.3,20.96,0.0479,0.0961,0.6271,0,EARLY_CAREER_GIG
CUST_KIR_03817,kirana_msme,88223.97,0.3359,0.274,0.2595,74.8,0.1514,0,19579.96,-7.38,8.85,0.0058,0.2465,1.7225,0,MSME_KIRANA_SEASONAL
CUST_RUR_03818,rural_agri,19967.88,0.3883,0.0434,0.1386,48.2,0.057,2,1102.45,-0.88,3.08,0.0493,0.0463,0.836,0,RURAL_AGRI_ALLIED
CUST_RUR_03819,rural_agri,21076.85,0.432,0.1076,0.1249,20.1,0.1142,0,252.39,-1.23,5.92,0.0184,0.0611,0.6698,0,RURAL_AGRI_ALLIED
CUST_KIR_03820,kirana_msme,63492.48,0.3321,0.1404,0.2374,80.5,0.0853,0,3810.57,10.48,18.49,0.0275,0.2226,1.0741,0,MSME_KIRANA_SEASONAL
CUST_KIR_03821,kirana_msme,54041.34,0.3565,0.2518,0.2654,77.3,0.0683,0,14121.92,-10.07,8.71,0.0064,0.2072,1.6413,0,MSME_KIRANA_SEASONAL
CUST_KIR_03822,kirana_msme,26079.97,0.4316,0.2515,0.1126,27.4,0.1059,0,-1359.08,13.7,22.74,0.0255,0.22,0.8071,0,MSME_KIRANA_SEASONAL
CUST_RUR_03823,rural_agri,21746.51,0.6559,0.1576,0.1366,18.5,0.1461,0,1096.19,19.97,0.92,0.0427,0.0777,0.9539,0,RURAL_AGRI_ALLIED
CUST_KIR_03824,kirana_msme,30718.85,0.233,0.1255,0.2077,75.7,0.0808,0,1614.63,21.14,10.93,0.0084,0.094,1.0217,0,MSME_KIRANA_SEASONAL
CUST_SAL_03825,salaried_tier1,114895.52,0.0852,0.2717,0.3317,23.8,0.3611,0,26072.68,7.99,6.49,0.074,0.0642,2.0303,0,EARLY_CAREER_SALARIED
CUST_SAL_03826,salaried_tier1,25000.0,0.0978,0.4811,0.3259,56.7,0.4285,0,5182.84,12.39,11.33,0.0288,0.0305,2.6256,0,ESTABLISHED_FAMILY_HIGH_DEBT
CUST_KIR_03827,kirana_msme,57363.1,0.2551,0.2792,0.1631,54.8,0.1022,0,-5702.33,-4.14,20.49,0.0286,0.0653,1.2936,0,MSME_KIRANA_SEASONAL
CUST_KIR_03828,kirana_msme,37422.54,0.1843,0.203,0.2735,32.7,0.0533,0,11127.28,17.54,21.17,0.0018,0.2281,1.4978,0,MSME_KIRANA_SEASONAL
CUST_RUR_03829,rural_agri,23207.92,0.3309,0.1721,0.0793,44.9,0.116,0,4868.81,-11.85,5.55,0.0463,0.0248,0.6433,0,RURAL_AGRI_ALLIED
CUST_SAL_03830,salaried_tier1,93222.75,0.042,0.2847,0.3158,81.7,0.1568,0,32103.71,-15.4,3.48,0.0169,0.0259,2.2781,0,EARLY_CAREER_SALARIED
CUST_KIR_03831,kirana_msme,36430.76,0.3714,0.2417,0.2574,65.6,0.166,0,5015.63,11.96,10.2,0.0016,0.1084,1.2916,0,MSME_KIRANA_SEASONAL
CUST_RUR_03832,rural_agri,24773.74,0.5391,0.1569,-0.0995,11.7,0.056,3,-8462.17,-28.62,3.63,0.0464,0.0556,0.5284,1,RURAL_AGRI_ALLIED
CUST_RUR_03833,rural_agri,16433.94,0.6527,0.1544,0.0702,57.6,0.1303,1,4087.96,-6.94,4.48,0.0402,0.0307,0.8771,0,RURAL_AGRI_ALLIED
CUST_KIR_03834,kirana_msme,55219.71,0.2479,0.0886,0.0865,47.6,0.0838,0,-1459.6,1.47,22.76,0.0033,0.2037,1.5189,0,MSME_KIRANA_SEASONAL
CUST_KIR_03835,kirana_msme,52577.56,0.2201,0.0635,0.0631,59.1,0.1343,0,-10506.55,30.18,15.0,0.018,0.0945,0.9317,0,MSME_KIRANA_SEASONAL
CUST_KIR_03836,kirana_msme,47629.36,0.4321,0.2308,0.1033,40.9,0.1677,0,1240.49,26.24,18.13,0.0272,0.1215,1.0513,0,MSME_KIRANA_SEASONAL
CUST_RUR_03837,rural_agri,17524.99,0.4438,0.2355,0.1648,50.1,0.0701,1,2869.69,-5.6,3.67,0.0301,0.063,1.0253,0,RURAL_AGRI_ALLIED
CUST_SAL_03838,salaried_tier1,97148.68,0.0409,0.5162,0.2856,109.0,0.2689,0,12021.22,9.59,7.56,0.0314,0.0464,1.6308,0,ESTABLISHED_FAMILY_HIGH_DEBT
CUST_RUR_03839,rural_agri,8000.0,0.3692,0.2322,0.0284,11.8,0.0344,0,744.65,-15.15,3.97,0.0485,0.029,0.708,0,RURAL_AGRI_ALLIED
CUST_GIG_03840,gig_worker,30209.79,0.2544,0.0973,0.0773,28.2,0.1894,0,-764.88,-0.29,21.64,0.0906,0.0921,1.1573,0,EARLY_CAREER_GIG
CUST_KIR_03841,kirana_msme,50382.01,0.3477,0.164,0.2813,83.0,0.1102,0,7942.87,1.98,11.39,0.0122,0.2086,1.7054,0,MSME_KIRANA_SEASONAL
CUST_SAL_03842,salaried_tier1,82560.64,0.0652,0.3085,-0.0374,35.2,0.396,0,-26558.91,45.1,2.98,0.0343,0.0726,2.038,0,EARLY_CAREER_SALARIED
CUST_KIR_03843,kirana_msme,32422.32,0.3891,0.2673,0.1313,44.9,0.1745,1,-3522.91,-0.62,20.77,0.0144,0.1027,1.1206,0,MSME_KIRANA_SEASONAL
CUST_KIR_03844,kirana_msme,37167.23,0.4101,0.2697,0.0687,66.4,0.0744,0,-2536.54,-3.37,10.2,0.0104,0.209,1.7076,0,MSME_KIRANA_SEASONAL
CUST_SAL_03845,salaried_tier1,55859.95,0.0608,0.4459,0.038,25.4,0.2641,0,-3842.87,5.21,3.46,0.0607,0.0435,2.4301,1,ESTABLISHED_FAMILY_HIGH_DEBT
CUST_GIG_03846,gig_worker,35972.76,0.6305,0.1035,0.0913,15.7,0.2372,0,-6567.78,-1.63,11.99,0.0813,0.145,1.404,0,EARLY_CAREER_GIG
CUST_RUR_03847,rural_agri,21211.9,0.6457,0.0285,0.1244,28.4,0.1491,1,652.48,2.06,3.56,0.0321,0.0612,0.8724,0,RURAL_AGRI_ALLIED
CUST_GIG_03848,gig_worker,15312.46,0.62,0.0065,0.1316,41.1,0.2304,0,-759.49,21.91,27.58,0.184,0.1457,0.8028,0,EARLY_CAREER_GIG
CUST_GIG_03849,gig_worker,18053.57,0.3635,0.0076,-0.1282,3.9,0.196,0,-8117.04,3.06,24.52,0.181,0.0468,0.8769,0,EARLY_CAREER_GIG
CUST_SAL_03850,salaried_tier1,69415.41,0.059,0.211,0.0906,115.7,0.2862,0,14721.35,-10.82,2.64,0.0397,0.0804,1.5759,0,EARLY_CAREER_SALARIED
CUST_KIR_03851,kirana_msme,35286.21,0.3504,0.2892,0.1676,34.0,0.1763,0,4184.05,-0.43,19.41,0.0129,0.1735,1.7232,0,MSME_KIRANA_SEASONAL
CUST_SAL_03852,salaried_tier1,103343.43,0.067,0.4474,-0.0077,22.7,0.2092,0,9636.01,-12.99,4.25,0.0278,0.0847,1.5843,0,ESTABLISHED_FAMILY_HIGH_DEBT
CUST_GIG_03853,gig_worker,37152.51,0.5644,0.0248,0.0644,3.2,0.2394,1,-3611.22,8.14,10.74,0.16,0.0386,1.0218,0,EARLY_CAREER_GIG
CUST_RUR_03854,rural_agri,25060.55,0.3338,0.2475,0.1576,32.9,0.1163,2,3909.2,6.84,1.9,0.0186,0.066,1.0808,0,RURAL_AGRI_ALLIED
CUST_GIG_03855,gig_worker,25973.68,0.416,0.1528,-0.0262,16.0,0.221,2,-3551.89,7.34,10.98,0.1789,0.0929,1.4832,1,EARLY_CAREER_GIG
CUST_SAL_03856,salaried_tier1,86372.65,0.0326,0.4344,0.0703,42.0,0.1701,0,-6523.25,-30.31,2.62,0.0259,0.0687,2.009,0,ESTABLISHED_FAMILY_HIGH_DEBT
CUST_KIR_03857,kirana_msme,47088.32,0.3963,0.2556,0.2212,53.0,0.1105,0,-2033.44,16.52,13.57,0.017,0.2164,1.0257,0,MSME_KIRANA_SEASONAL
CUST_GIG_03858,gig_worker,28831.46,0.5642,0.164,-0.1328,23.4,0.1099,1,-8473.99,7.22,23.49,0.0411,0.0916,0.8803,0,EARLY_CAREER_GIG
CUST_KIR_03859,kirana_msme,32862.84,0.2339,0.0581,0.2155,80.9,0.16,0,12845.17,6.68,13.99,0.0209,0.1295,1.7295,0,MSME_KIRANA_SEASONAL
CUST_RUR_03860,rural_agri,30013.68,0.4285,0.0036,0.1231,23.6,0.0815,1,2462.16,1.3,1.07,0.048,0.0337,0.5772,0,RURAL_AGRI_ALLIED
CUST_RUR_03861,rural_agri,12818.63,0.652,0.1604,0.0479,49.8,0.1329,1,-3511.65,-4.99,2.73,0.0317,0.0144,0.5823,0,RURAL_AGRI_ALLIED
CUST_GIG_03862,gig_worker,12836.72,0.2541,0.0783,0.0445,43.1,0.2494,0,-1086.02,-2.35,18.41,0.0625,0.13,0.9026,0,EARLY_CAREER_GIG
CUST_KIR_03863,kirana_msme,29954.59,0.3374,0.2861,0.2229,76.9,0.1158,0,4423.51,9.15,18.21,0.0156,0.1445,1.1286,0,MSME_KIRANA_SEASONAL
CUST_SAL_03864,salaried_tier1,49335.22,0.0808,0.5018,0.0198,62.5,0.5005,0,-228.02,-0.66,4.16,0.0145,0.0259,2.5598,1,ESTABLISHED_FAMILY_HIGH_DEBT
CUST_SAL_03865,salaried_tier1,46441.18,0.0938,0.51,0.0097,92.4,0.3343,3,-4119.26,8.92,6.71,0.03,0.0926,1.572,1,ESTABLISHED_FAMILY_HIGH_DEBT
CUST_KIR_03866,kirana_msme,44007.43,0.2863,0.1739,0.1539,51.3,0.1195,1,5768.08,18.38,10.71,0.0063,0.1588,0.9164,0,MSME_KIRANA_SEASONAL
CUST_KIR_03867,kirana_msme,30828.07,0.2077,0.1677,0.0601,74.7,0.1686,0,-2778.94,5.73,15.99,0.0144,0.1558,1.6963,0,MSME_KIRANA_SEASONAL
CUST_GIG_03868,gig_worker,34705.38,0.3892,0.0184,0.0292,36.1,0.2933,0,-1430.01,18.36,19.92,0.0326,0.1162,1.2717,0,EARLY_CAREER_GIG
CUST_GIG_03869,gig_worker,22052.48,0.296,0.0102,-0.1324,26.9,0.1507,0,-11088.71,4.6,26.14,0.18,0.1162,1.1334,0,EARLY_CAREER_GIG
CUST_SAL_03870,salaried_tier1,92969.5,0.0558,0.5261,0.276,25.8,0.3261,3,22979.57,3.46,5.86,0.0306,0.0686,2.0329,0,ESTABLISHED_FAMILY_HIGH_DEBT
CUST_KIR_03871,kirana_msme,43860.35,0.3106,0.1244,0.1447,53.4,0.1686,0,2856.12,1.26,9.04,0.0016,0.1787,0.9571,0,MSME_KIRANA_SEASONAL
CUST_SAL_03872,salaried_tier1,56597.75,0.0925,0.4577,0.0592,28.7,0.5078,0,10487.47,15.67,10.1,0.0107,0.0651,1.9973,0,ESTABLISHED_FAMILY_HIGH_DEBT
CUST_SAL_03873,salaried_tier1,66021.02,0.0878,0.1643,0.0722,16.1,0.2162,0,6161.59,20.95,7.23,0.039,0.0323,1.5058,0,EARLY_CAREER_SALARIED
CUST_RUR_03874,rural_agri,25392.75,0.4575,0.2485,-0.0781,40.6,0.1465,0,-2148.65,-1.89,3.67,0.0391,0.033,0.6947,0,RURAL_AGRI_ALLIED
CUST_SAL_03875,salaried_tier1,60012.7,0.0694,0.2931,0.0787,52.2,0.3497,0,2685.6,3.12,6.49,0.0298,0.1054,2.4871,0,EARLY_CAREER_SALARIED
CUST_KIR_03876,kirana_msme,30546.36,0.1947,0.1304,0.2205,73.9,0.1777,0,8972.56,29.07,10.48,0.0205,0.0991,1.2864,0,MSME_KIRANA_SEASONAL
CUST_SAL_03877,salaried_tier1,51287.31,0.027,0.2375,0.1897,19.2,0.2135,3,10075.16,9.86,6.97,0.0108,0.0792,1.997,0,EARLY_CAREER_SALARIED
CUST_RUR_03878,rural_agri,22584.02,0.4341,0.1426,0.0145,28.2,0.0367,1,-1854.18,-13.84,3.08,0.0217,0.0428,0.6367,0,RURAL_AGRI_ALLIED
CUST_GIG_03879,gig_worker,18512.39,0.3469,0.157,0.1028,33.0,0.2192,2,-97.54,24.27,18.51,0.0498,0.1233,0.715,0,EARLY_CAREER_GIG
CUST_SAL_03880,salaried_tier1,64480.68,0.0597,0.1613,0.1594,86.1,0.2435,3,14786.5,20.75,4.83,0.0599,0.023,2.7673,0,EARLY_CAREER_SALARIED
CUST_KIR_03881,kirana_msme,36722.05,0.4134,0.2645,0.2174,53.1,0.1428,0,8315.84,29.05,7.43,0.0094,0.2061,1.7753,0,MSME_KIRANA_SEASONAL
CUST_GIG_03882,gig_worker,26052.75,0.5196,0.1172,0.0796,40.0,0.2624,0,-2764.3,5.85,17.0,0.0868,0.1356,1.27,0,EARLY_CAREER_GIG
CUST_RUR_03883,rural_agri,20905.07,0.729,0.0257,0.1328,14.0,0.057,0,4331.41,-1.83,4.53,0.0328,0.0261,0.6669,0,RURAL_AGRI_ALLIED
CUST_SAL_03884,salaried_tier1,28375.46,0.0317,0.4839,0.291,26.4,0.2565,0,1098.76,2.68,2.72,0.0732,0.0262,2.631,0,ESTABLISHED_FAMILY_HIGH_DEBT
CUST_RUR_03885,rural_agri,17571.1,0.6244,0.0462,-0.0036,46.1,0.1468,4,-560.91,13.24,5.16,0.0485,0.0128,1.0668,0,RURAL_AGRI_ALLIED
CUST_RUR_03886,rural_agri,28928.05,0.7133,0.2322,0.1096,54.2,0.051,1,7602.32,26.38,2.33,0.0107,0.0726,0.7552,0,RURAL_AGRI_ALLIED
CUST_RUR_03887,rural_agri,19285.09,0.5821,0.2254,0.1126,56.3,0.0875,4,1245.36,0.21,4.05,0.0041,0.0528,0.8777,0,RURAL_AGRI_ALLIED
CUST_GIG_03888,gig_worker,10000.0,0.6376,0.0953,-0.1121,4.2,0.2499,0,-2053.21,6.37,15.65,0.1854,0.1437,0.6025,0,EARLY_CAREER_GIG
CUST_GIG_03889,gig_worker,30138.43,0.5639,0.1387,0.0738,6.1,0.2097,1,4753.37,19.52,8.24,0.0659,0.1455,1.1091,0,EARLY_CAREER_GIG
CUST_KIR_03890,kirana_msme,32368.03,0.1512,0.1602,0.1611,76.8,0.0772,0,3385.44,-6.63,13.0,0.0077,0.1026,0.8782,0,MSME_KIRANA_SEASONAL
CUST_GIG_03891,gig_worker,25992.9,0.4251,0.0127,-0.0222,38.5,0.1022,3,-9290.9,-20.53,8.29,0.073,0.0384,0.8777,1,EARLY_CAREER_GIG
CUST_KIR_03892,kirana_msme,54261.32,0.2906,0.1902,0.2022,38.9,0.0709,0,10848.57,-17.9,11.3,0.0166,0.158,0.8949,0,MSME_KIRANA_SEASONAL
CUST_GIG_03893,gig_worker,17304.74,0.4086,0.0173,-0.0857,20.0,0.1009,2,-4645.47,-16.29,15.66,0.0556,0.0533,1.2084,0,EARLY_CAREER_GIG
CUST_KIR_03894,kirana_msme,59413.54,0.2265,0.2163,0.0645,87.2,0.1505,0,2136.86,16.94,5.32,0.0113,0.2291,1.573,0,MSME_KIRANA_SEASONAL
CUST_GIG_03895,gig_worker,13666.49,0.5484,0.182,-0.1,14.6,0.1873,0,-5385.69,16.06,24.11,0.1606,0.0786,1.021,0,EARLY_CAREER_GIG
CUST_RUR_03896,rural_agri,26936.0,0.662,0.0381,-0.0559,24.0,0.1494,3,3946.46,-6.55,2.65,0.0277,0.0312,0.9761,1,RURAL_AGRI_ALLIED
CUST_SAL_03897,salaried_tier1,61992.31,0.0687,0.4278,-0.0116,99.9,0.4797,0,-9625.69,11.78,4.32,0.0744,0.0469,2.3887,1,ESTABLISHED_FAMILY_HIGH_DEBT
CUST_RUR_03898,rural_agri,23156.76,0.5301,0.0409,0.1873,33.3,0.0922,0,1502.77,2.51,2.08,0.0007,0.0448,1.0852,0,RURAL_AGRI_ALLIED
CUST_KIR_03899,kirana_msme,58618.64,0.3827,0.1589,0.2584,32.0,0.1051,0,3017.54,19.56,9.35,0.0101,0.0536,1.1128,0,MSME_KIRANA_SEASONAL
CUST_RUR_03900,rural_agri,8000.0,0.517,0.2341,0.0811,45.2,0.0575,0,-671.04,11.36,3.1,0.0358,0.0642,0.5582,0,RURAL_AGRI_ALLIED
CUST_KIR_03901,kirana_msme,29727.03,0.3547,0.1779,0.1398,37.4,0.1196,0,2980.54,20.29,21.92,0.0178,0.1227,0.8828,0,MSME_KIRANA_SEASONAL
CUST_KIR_03902,kirana_msme,29794.17,0.3798,0.1001,0.2148,50.4,0.125,0,-2028.29,27.38,21.63,0.0048,0.0949,1.7931,0,MSME_KIRANA_SEASONAL
CUST_RUR_03903,rural_agri,25540.58,0.3243,0.0646,-0.0342,45.9,0.0858,0,-3361.23,24.02,2.49,0.013,0.0228,1.0414,0,RURAL_AGRI_ALLIED
CUST_SAL_03904,salaried_tier1,102935.53,0.0762,0.5302,0.24,26.6,0.4371,0,-9156.01,10.03,7.27,0.0645,0.0212,2.1533,1,ESTABLISHED_FAMILY_HIGH_DEBT
CUST_RUR_03905,rural_agri,20264.51,0.5477,0.0616,0.1829,52.0,0.0677,0,-990.6,25.42,4.66,0.0214,0.0483,0.8618,0,RURAL_AGRI_ALLIED
CUST_KIR_03906,kirana_msme,63887.37,0.1661,0.2761,0.2548,77.3,0.071,0,11540.09,-1.73,24.01,0.0068,0.1366,1.7803,0,MSME_KIRANA_SEASONAL
CUST_KIR_03907,kirana_msme,22561.42,0.4477,0.1789,0.1398,83.9,0.1431,0,2139.13,-2.41,13.82,0.023,0.1888,1.2978,0,MSME_KIRANA_SEASONAL
CUST_KIR_03908,kirana_msme,18000.0,0.1823,0.2764,0.2181,52.9,0.1354,0,3504.71,27.13,19.92,0.016,0.1461,1.3306,0,MSME_KIRANA_SEASONAL
CUST_GIG_03909,gig_worker,29142.16,0.3485,0.1236,0.0837,26.6,0.2514,2,2425.55,1.91,14.13,0.1322,0.0648,0.7565,0,EARLY_CAREER_GIG
CUST_KIR_03910,kirana_msme,59646.13,0.2412,0.0904,0.2833,42.2,0.1613,0,6731.33,5.92,21.05,0.0017,0.1164,0.9786,0,MSME_KIRANA_SEASONAL
CUST_SAL_03911,salaried_tier1,58475.4,0.08,0.2188,0.2735,74.2,0.4457,0,11473.9,1.69,10.02,0.0738,0.0427,2.0141,0,EARLY_CAREER_SALARIED
CUST_SAL_03912,salaried_tier1,82815.6,0.0956,0.2687,0.0272,30.7,0.3424,0,-7164.52,-5.83,2.17,0.0282,0.11,1.9639,0,EARLY_CAREER_SALARIED
CUST_SAL_03913,salaried_tier1,76735.93,0.0571,0.3997,0.3178,59.0,0.4158,0,17888.95,-9.88,7.04,0.072,0.0707,2.7508,0,ESTABLISHED_FAMILY_HIGH_DEBT
CUST_RUR_03914,rural_agri,20622.03,0.31,0.0039,0.1029,11.3,0.1159,0,1688.29,-8.1,1.46,0.0123,0.0406,0.8772,0,RURAL_AGRI_ALLIED
CUST_RUR_03915,rural_agri,12724.1,0.7313,0.162,0.0405,57.1,0.1183,3,-1778.22,6.89,1.26,0.0338,0.0241,0.9183,0,RURAL_AGRI_ALLIED
CUST_KIR_03916,kirana_msme,59686.76,0.1546,0.0774,0.2517,41.4,0.1907,0,5316.29,7.76,10.18,0.0019,0.2263,1.5967,0,MSME_KIRANA_SEASONAL
CUST_GIG_03917,gig_worker,21661.07,0.4311,0.108,-0.0686,32.2,0.145,0,583.45,-5.28,21.5,0.0622,0.0504,0.7232,0,EARLY_CAREER_GIG
CUST_KIR_03918,kirana_msme,39029.79,0.4306,0.0798,0.2255,57.5,0.1329,0,4176.94,-26.09,20.6,0.0139,0.1414,1.0432,0,MSME_KIRANA_SEASONAL
CUST_GIG_03919,gig_worker,27606.16,0.3768,0.1624,0.0056,29.4,0.2706,0,-102.17,7.62,20.56,0.1025,0.1247,1.2806,0,EARLY_CAREER_GIG
CUST_RUR_03920,rural_agri,8000.0,0.4312,0.239,0.0098,36.1,0.0941,0,81.5,14.1,3.32,0.0191,0.0146,0.972,0,RURAL_AGRI_ALLIED
CUST_RUR_03921,rural_agri,15465.17,0.4026,0.2227,0.11,53.5,0.1396,3,-934.85,-4.12,3.12,0.0414,0.0332,0.84,0,RURAL_AGRI_ALLIED
CUST_KIR_03922,kirana_msme,53977.44,0.1803,0.0745,0.0997,44.9,0.1299,0,3483.43,-6.66,7.84,0.0209,0.1598,1.6532,0,MSME_KIRANA_SEASONAL
CUST_GIG_03923,gig_worker,19423.92,0.2964,0.075,-0.0056,6.6,0.2615,3,-2119.1,-1.44,9.07,0.1556,0.0561,1.1368,1,EARLY_CAREER_GIG
CUST_SAL_03924,salaried_tier1,66886.25,0.0542,0.4445,0.0032,45.1,0.1834,0,-7292.88,-2.17,11.29,0.0618,0.0978,2.1166,1,ESTABLISHED_FAMILY_HIGH_DEBT
CUST_RUR_03925,rural_agri,16701.48,0.7351,0.1944,-0.0826,51.7,0.0305,0,-3032.22,-4.1,3.14,0.0392,0.0225,0.5388,0,RURAL_AGRI_ALLIED
CUST_SAL_03926,salaried_tier1,81045.13,0.0394,0.1977,0.1341,57.3,0.4198,0,17683.46,-11.77,8.93,0.0309,0.098,2.2308,0,EARLY_CAREER_SALARIED
CUST_GIG_03927,gig_worker,18321.84,0.3133,0.1126,0.1347,40.6,0.1512,2,-1256.67,-1.53,13.88,0.1839,0.1497,1.4586,0,EARLY_CAREER_GIG
CUST_GIG_03928,gig_worker,10956.64,0.6484,0.0136,0.1179,6.1,0.0893,3,1883.71,7.82,15.23,0.1928,0.1334,1.3806,0,EARLY_CAREER_GIG
CUST_GIG_03929,gig_worker,22111.91,0.4628,0.1735,0.0239,36.6,0.2941,2,-1049.63,16.1,10.37,0.0764,0.1095,0.8838,0,EARLY_CAREER_GIG
CUST_SAL_03930,salaried_tier1,39626.18,0.0394,0.2237,0.1826,20.8,0.526,0,4260.35,19.17,9.78,0.068,0.0373,2.7371,0,EARLY_CAREER_SALARIED
CUST_RUR_03931,rural_agri,31637.16,0.3797,0.1036,-0.0548,58.5,0.1122,0,2889.23,0.15,4.01,0.0048,0.0565,0.8337,0,RURAL_AGRI_ALLIED
CUST_SAL_03932,salaried_tier1,35819.89,0.0505,0.4874,0.0737,83.8,0.4897,0,4907.96,12.63,10.26,0.0486,0.1028,1.5597,0,ESTABLISHED_FAMILY_HIGH_DEBT
CUST_GIG_03933,gig_worker,24979.69,0.4933,0.0692,-0.0895,22.1,0.2246,3,-944.03,-17.58,16.69,0.1564,0.043,1.3355,0,EARLY_CAREER_GIG
CUST_SAL_03934,salaried_tier1,44311.74,0.0895,0.3432,0.0821,94.7,0.317,0,4594.5,9.49,9.23,0.07,0.1048,2.4283,0,EARLY_CAREER_SALARIED
CUST_KIR_03935,kirana_msme,39147.94,0.3952,0.1501,0.1563,38.3,0.0837,0,-30.56,14.44,16.33,0.0212,0.1978,0.9968,0,MSME_KIRANA_SEASONAL
CUST_KIR_03936,kirana_msme,33924.72,0.4336,0.1852,0.2928,47.6,0.1636,0,5218.3,-19.74,8.41,0.0021,0.0696,1.6541,0,MSME_KIRANA_SEASONAL
CUST_KIR_03937,kirana_msme,53100.05,0.4172,0.2663,0.2821,85.4,0.0947,0,13037.52,23.42,7.47,0.0063,0.2046,1.4431,0,MSME_KIRANA_SEASONAL
CUST_SAL_03938,salaried_tier1,71035.09,0.0545,0.2621,0.0854,44.2,0.164,0,2125.97,12.33,9.28,0.0535,0.1102,2.586,0,EARLY_CAREER_SALARIED
CUST_SAL_03939,salaried_tier1,39630.29,0.0391,0.4893,-0.0065,112.1,0.2994,0,-5214.7,-22.66,6.09,0.0484,0.0787,1.9314,0,ESTABLISHED_FAMILY_HIGH_DEBT
CUST_KIR_03940,kirana_msme,32910.16,0.2901,0.1994,0.0827,73.5,0.1521,0,-6451.88,38.35,23.94,0.0006,0.2123,1.2593,0,MSME_KIRANA_SEASONAL
CUST_GIG_03941,gig_worker,19576.48,0.3267,0.1819,0.0721,26.5,0.1787,0,3952.3,-16.82,8.25,0.1771,0.0356,1.3412,0,EARLY_CAREER_GIG
CUST_RUR_03942,rural_agri,14876.56,0.5781,0.2138,0.0484,9.6,0.0345,1,-315.53,3.7,0.89,0.0213,0.0247,0.5487,0,RURAL_AGRI_ALLIED
CUST_SAL_03943,salaried_tier1,47801.99,0.0612,0.2664,-0.0179,86.7,0.3842,0,-9748.45,3.66,11.56,0.077,0.0732,2.2569,0,EARLY_CAREER_SALARIED
CUST_KIR_03944,kirana_msme,43945.74,0.4228,0.1669,0.1876,31.1,0.0523,1,1783.13,7.25,10.59,0.0171,0.1991,1.1383,0,MSME_KIRANA_SEASONAL
CUST_SAL_03945,salaried_tier1,62813.71,0.0329,0.354,-0.0311,103.2,0.4011,2,-23856.4,17.32,3.82,0.0439,0.0865,2.2797,0,ESTABLISHED_FAMILY_HIGH_DEBT
CUST_SAL_03946,salaried_tier1,78289.31,0.0928,0.276,0.2673,24.7,0.2487,0,7752.19,6.92,8.2,0.0494,0.0287,2.0023,0,EARLY_CAREER_SALARIED
CUST_GIG_03947,gig_worker,23999.52,0.3275,0.1253,0.0016,20.1,0.1618,1,945.87,27.98,11.03,0.1688,0.1063,1.156,0,EARLY_CAREER_GIG
CUST_GIG_03948,gig_worker,16049.74,0.576,0.0668,0.0992,16.8,0.2012,0,-1738.53,-1.09,11.34,0.1829,0.0746,1.2584,0,EARLY_CAREER_GIG
CUST_SAL_03949,salaried_tier1,85777.79,0.0945,0.3632,0.0435,66.1,0.2799,0,-5891.79,6.74,4.82,0.0687,0.1135,2.6848,0,ESTABLISHED_FAMILY_HIGH_DEBT
CUST_SAL_03950,salaried_tier1,96218.7,0.0236,0.4444,0.1615,56.7,0.4568,0,8886.3,12.3,8.88,0.0527,0.0723,2.6642,0,ESTABLISHED_FAMILY_HIGH_DEBT
CUST_SAL_03951,salaried_tier1,91568.87,0.0706,0.3961,0.0414,81.4,0.4645,0,-10091.63,1.15,2.77,0.0454,0.0884,1.7367,0,ESTABLISHED_FAMILY_HIGH_DEBT
CUST_RUR_03952,rural_agri,10830.65,0.4349,0.1521,0.1175,40.0,0.1156,1,492.16,12.53,5.05,0.0398,0.0503,1.0851,0,RURAL_AGRI_ALLIED
CUST_RUR_03953,rural_agri,21964.02,0.7364,0.1057,0.1796,16.5,0.1424,1,2889.67,3.86,4.55,0.0148,0.0254,0.6147,0,RURAL_AGRI_ALLIED
CUST_SAL_03954,salaried_tier1,66956.94,0.0875,0.5372,-0.041,26.1,0.2891,1,-6438.89,-0.77,5.67,0.024,0.1002,2.5893,1,ESTABLISHED_FAMILY_HIGH_DEBT
CUST_SAL_03955,salaried_tier1,75251.66,0.0991,0.5162,0.0213,85.8,0.4113,0,5311.71,9.7,7.69,0.0382,0.0745,1.6164,0,ESTABLISHED_FAMILY_HIGH_DEBT
CUST_RUR_03956,rural_agri,25164.89,0.453,0.2177,0.017,36.8,0.0644,2,-2888.96,10.51,4.95,0.032,0.0313,1.0906,0,RURAL_AGRI_ALLIED
CUST_RUR_03957,rural_agri,21696.25,0.4523,0.2115,0.1155,50.1,0.1153,0,663.22,21.82,5.63,0.0209,0.0766,0.9806,0,RURAL_AGRI_ALLIED
CUST_KIR_03958,kirana_msme,57291.42,0.3141,0.1227,0.1214,25.1,0.1304,0,-6115.59,-14.5,24.41,0.0246,0.155,1.0894,0,MSME_KIRANA_SEASONAL
CUST_SAL_03959,salaried_tier1,76965.43,0.0919,0.1839,-0.0288,115.9,0.23,0,-8672.85,-3.65,10.43,0.0183,0.0844,1.5971,0,EARLY_CAREER_SALARIED
CUST_SAL_03960,salaried_tier1,60257.94,0.0232,0.5384,0.1301,105.2,0.2933,0,-317.18,15.11,2.39,0.0487,0.0339,2.4043,0,ESTABLISHED_FAMILY_HIGH_DEBT
CUST_GIG_03961,gig_worker,23274.93,0.4631,0.0077,0.081,43.2,0.1764,1,1236.83,-3.5,23.71,0.159,0.0558,1.3177,0,EARLY_CAREER_GIG
CUST_KIR_03962,kirana_msme,35655.59,0.3975,0.2688,0.222,88.3,0.0639,0,5552.44,11.26,7.91,0.0198,0.2099,1.3248,0,MSME_KIRANA_SEASONAL
CUST_SAL_03963,salaried_tier1,72102.81,0.0839,0.2084,0.1786,59.6,0.3929,0,-1517.9,-0.57,4.54,0.0705,0.0356,1.8262,0,EARLY_CAREER_SALARIED
CUST_GIG_03964,gig_worker,18462.42,0.2877,0.1083,0.0656,29.5,0.2025,0,-1455.99,17.56,26.04,0.1367,0.0373,1.1706,0,EARLY_CAREER_GIG
CUST_SAL_03965,salaried_tier1,116222.54,0.0738,0.1649,0.1421,100.8,0.3623,0,-16428.52,38.43,11.41,0.0696,0.0563,2.5076,0,EARLY_CAREER_SALARIED
CUST_GIG_03966,gig_worker,30131.39,0.3296,0.1686,0.1048,20.0,0.1088,0,4610.87,9.29,22.83,0.0837,0.0616,0.9215,0,EARLY_CAREER_GIG
CUST_KIR_03967,kirana_msme,48820.5,0.3758,0.1088,0.2919,46.1,0.1911,0,6107.02,10.63,15.35,0.0298,0.1317,1.4092,0,MSME_KIRANA_SEASONAL
CUST_SAL_03968,salaried_tier1,71863.48,0.0771,0.2845,0.2879,77.3,0.3081,0,5313.62,0.5,8.4,0.0355,0.0521,1.6456,0,EARLY_CAREER_SALARIED
CUST_GIG_03969,gig_worker,35863.69,0.3743,0.0739,0.0293,42.8,0.1421,0,-7065.99,-9.56,12.04,0.0746,0.0375,0.6236,0,EARLY_CAREER_GIG
CUST_KIR_03970,kirana_msme,24356.15,0.4307,0.1268,0.0732,78.5,0.1103,0,-508.71,3.84,15.0,0.0134,0.1616,1.1125,0,MSME_KIRANA_SEASONAL
CUST_RUR_03971,rural_agri,13220.38,0.6422,0.1786,0.1247,30.9,0.0305,2,3079.45,4.08,4.09,0.0262,0.0492,1.1364,0,RURAL_AGRI_ALLIED
CUST_KIR_03972,kirana_msme,66062.01,0.3726,0.2118,0.168,60.3,0.1594,0,9425.03,-14.73,10.56,0.0119,0.1831,0.9273,0,MSME_KIRANA_SEASONAL
CUST_SAL_03973,salaried_tier1,28798.16,0.0625,0.1992,0.1089,93.9,0.4444,0,-2665.63,12.98,5.69,0.0682,0.0373,2.1076,0,EARLY_CAREER_SALARIED
CUST_GIG_03974,gig_worker,16287.55,0.455,0.0433,0.1112,13.3,0.1491,2,-1054.91,-10.59,25.7,0.0657,0.1394,0.7851,0,EARLY_CAREER_GIG
CUST_SAL_03975,salaried_tier1,25000.0,0.0361,0.2853,0.2353,102.3,0.4783,0,2195.06,16.62,6.27,0.0218,0.0273,1.5071,0,EARLY_CAREER_SALARIED
CUST_RUR_03976,rural_agri,26191.91,0.3565,0.0372,0.0771,11.8,0.039,0,-736.73,-3.1,5.6,0.0167,0.0782,1.0513,0,RURAL_AGRI_ALLIED
CUST_KIR_03977,kirana_msme,49317.01,0.4046,0.1408,0.1266,77.3,0.1324,0,1615.31,-9.24,18.24,0.0046,0.1897,1.1278,0,MSME_KIRANA_SEASONAL
CUST_KIR_03978,kirana_msme,54755.12,0.3748,0.247,0.1791,34.9,0.1387,0,3328.64,18.94,7.28,0.0142,0.1374,0.8039,0,MSME_KIRANA_SEASONAL
CUST_SAL_03979,salaried_tier1,92669.46,0.0793,0.166,0.329,35.1,0.1827,0,43974.34,-3.44,4.31,0.0135,0.0257,2.4131,0,EARLY_CAREER_SALARIED
CUST_KIR_03980,kirana_msme,28371.43,0.2533,0.1611,0.2356,35.9,0.1213,0,2375.46,-12.67,16.15,0.013,0.1763,1.7864,0,MSME_KIRANA_SEASONAL
CUST_RUR_03981,rural_agri,21759.47,0.6202,0.0709,0.1841,26.4,0.0768,1,1743.8,-3.0,2.1,0.0234,0.0333,0.8983,0,RURAL_AGRI_ALLIED
CUST_RUR_03982,rural_agri,14337.24,0.453,0.0833,0.1971,37.4,0.1233,1,2238.9,16.33,1.48,0.0302,0.0658,1.1882,0,RURAL_AGRI_ALLIED
CUST_SAL_03983,salaried_tier1,93949.05,0.0341,0.2548,0.1276,104.4,0.3206,0,6697.94,-20.74,10.06,0.024,0.0794,2.0146,0,EARLY_CAREER_SALARIED
CUST_SAL_03984,salaried_tier1,58348.95,0.0834,0.272,0.0252,55.9,0.4689,0,2532.76,-4.83,11.38,0.0386,0.0551,2.0213,0,EARLY_CAREER_SALARIED
CUST_RUR_03985,rural_agri,26915.59,0.5381,0.1201,-0.024,14.1,0.0567,1,-3715.74,-5.77,1.71,0.0199,0.0498,0.9143,0,RURAL_AGRI_ALLIED
CUST_RUR_03986,rural_agri,25531.53,0.5569,0.2142,-0.0367,47.4,0.0494,1,-6326.26,40.84,1.06,0.0308,0.0455,0.6985,0,RURAL_AGRI_ALLIED
CUST_SAL_03987,salaried_tier1,100551.18,0.0305,0.436,0.1819,66.1,0.2011,0,-5145.49,-14.9,4.34,0.0768,0.1116,1.8839,0,ESTABLISHED_FAMILY_HIGH_DEBT
CUST_KIR_03988,kirana_msme,48073.01,0.1616,0.1727,0.2012,24.7,0.0575,0,6814.94,0.99,5.94,0.005,0.232,0.802,0,MSME_KIRANA_SEASONAL
CUST_KIR_03989,kirana_msme,74552.59,0.2923,0.066,0.2347,24.0,0.1229,0,8070.7,-11.33,19.13,0.0014,0.2486,0.9174,0,MSME_KIRANA_SEASONAL
CUST_RUR_03990,rural_agri,20363.91,0.588,0.1073,-0.0146,34.2,0.0739,3,-731.5,3.63,3.42,0.0418,0.0119,0.5202,0,RURAL_AGRI_ALLIED
CUST_SAL_03991,salaried_tier1,31258.45,0.0968,0.3965,0.1747,111.3,0.2394,0,5583.14,24.68,2.82,0.0752,0.09,2.2056,0,ESTABLISHED_FAMILY_HIGH_DEBT
CUST_SAL_03992,salaried_tier1,75983.65,0.0398,0.1555,0.0244,28.4,0.3248,0,-5208.08,-7.28,2.96,0.0441,0.0467,1.7863,0,EARLY_CAREER_SALARIED
CUST_GIG_03993,gig_worker,14789.23,0.2897,0.062,0.1123,36.1,0.291,0,270.89,-0.79,27.42,0.0949,0.0311,0.8812,0,EARLY_CAREER_GIG
CUST_SAL_03994,salaried_tier1,67071.08,0.0254,0.5055,0.2499,49.5,0.389,0,2014.0,13.58,5.96,0.0729,0.1142,2.482,0,ESTABLISHED_FAMILY_HIGH_DEBT
CUST_KIR_03995,kirana_msme,72634.64,0.2206,0.2378,0.1954,53.7,0.1539,0,-563.91,5.35,22.17,0.024,0.1115,1.5654,0,MSME_KIRANA_SEASONAL
CUST_KIR_03996,kirana_msme,41083.08,0.4464,0.1998,0.1069,54.4,0.1096,1,-213.97,13.51,14.69,0.0238,0.1282,1.2927,0,MSME_KIRANA_SEASONAL
CUST_KIR_03997,kirana_msme,42139.51,0.2367,0.0598,0.1014,43.3,0.0606,0,5643.57,4.43,18.74,0.0231,0.0831,1.5368,0,MSME_KIRANA_SEASONAL
CUST_KIR_03998,kirana_msme,62530.98,0.3116,0.2828,0.0653,45.5,0.1108,0,-7151.97,-11.76,5.8,0.0214,0.0575,1.383,0,MSME_KIRANA_SEASONAL
CUST_KIR_03999,kirana_msme,51089.44,0.3823,0.2348,0.151,89.4,0.101,0,-1522.21,6.79,24.55,0.0178,0.0918,1.7965,0,MSME_KIRANA_SEASONAL
CUST_SAL_04000,salaried_tier1,53655.0,0.0875,0.3628,0.3459,94.1,0.3489,0,15177.73,-0.73,3.14,0.0734,0.043,2.2051,0,ESTABLISHED_FAMILY_HIGH_DEBT
CUST_GIG_04001,gig_worker,17639.9,0.533,0.105,-0.1178,8.8,0.1633,0,-5990.35,9.29,19.45,0.0617,0.0334,1.3666,0,EARLY_CAREER_GIG
CUST_RUR_04002,rural_agri,21942.07,0.6949,0.0652,0.1967,9.8,0.1285,0,3481.89,23.27,3.22,0.0027,0.0376,0.6873,0,RURAL_AGRI_ALLIED
CUST_GIG_04003,gig_worker,19376.57,0.2652,0.1552,0.0084,25.5,0.2958,0,-1176.89,6.98,21.61,0.1687,0.0903,0.7766,0,EARLY_CAREER_GIG
CUST_SAL_04004,salaried_tier1,58195.95,0.0339,0.3419,0.1086,103.5,0.1934,0,-117.96,5.82,8.78,0.0516,0.0832,1.6133,0,EARLY_CAREER_SALARIED
CUST_SAL_04005,salaried_tier1,84366.94,0.0551,0.1914,0.2983,70.3,0.5059,0,27690.68,-5.52,5.07,0.0393,0.0814,1.8081,0,EARLY_CAREER_SALARIED
CUST_SAL_04006,salaried_tier1,56325.63,0.0948,0.2156,0.0883,66.0,0.3725,1,-4426.07,-14.11,3.08,0.0321,0.0613,1.6467,0,EARLY_CAREER_SALARIED
CUST_KIR_04007,kirana_msme,48408.91,0.3917,0.2388,0.0601,30.5,0.1598,0,-553.49,-0.75,19.34,0.0273,0.177,1.4739,0,MSME_KIRANA_SEASONAL
CUST_KIR_04008,kirana_msme,70821.22,0.2346,0.08,0.2997,49.3,0.0824,0,9407.31,-0.16,21.39,0.0184,0.1594,1.6628,0,MSME_KIRANA_SEASONAL
CUST_GIG_04009,gig_worker,10000.0,0.6298,0.0716,0.1004,35.2,0.1124,3,-1546.4,1.59,19.93,0.032,0.1139,1.1679,0,EARLY_CAREER_GIG
CUST_SAL_04010,salaried_tier1,82407.53,0.0285,0.4694,0.1343,18.4,0.2395,0,12064.27,-6.87,3.88,0.0127,0.0495,2.4533,0,ESTABLISHED_FAMILY_HIGH_DEBT
CUST_SAL_04011,salaried_tier1,70160.66,0.0951,0.5473,0.2298,59.7,0.5073,1,9107.92,9.63,9.75,0.0744,0.1099,1.6877,1,ESTABLISHED_FAMILY_HIGH_DEBT
CUST_KIR_04012,kirana_msme,46342.69,0.2464,0.1147,0.1852,51.9,0.1287,0,12473.9,-4.36,18.24,0.0242,0.168,1.3906,0,MSME_KIRANA_SEASONAL
CUST_GIG_04013,gig_worker,22155.14,0.5885,0.1112,-0.0134,35.0,0.1073,0,-2866.76,32.27,12.98,0.0822,0.1468,0.8799,0,EARLY_CAREER_GIG
CUST_SAL_04014,salaried_tier1,43991.82,0.0983,0.5393,0.2577,37.2,0.5021,0,15705.92,-2.98,6.57,0.0127,0.1104,2.3189,0,ESTABLISHED_FAMILY_HIGH_DEBT
CUST_GIG_04015,gig_worker,19576.07,0.3108,0.1773,-0.1098,27.9,0.15,0,2064.72,20.48,20.49,0.1981,0.13,0.7902,0,EARLY_CAREER_GIG
CUST_SAL_04016,salaried_tier1,65799.58,0.0654,0.5082,0.2284,29.3,0.4618,0,18207.63,6.11,9.88,0.0682,0.0224,2.6018,0,ESTABLISHED_FAMILY_HIGH_DEBT
CUST_RUR_04017,rural_agri,21115.05,0.4699,0.074,-0.079,34.8,0.0472,1,-328.74,3.39,2.93,0.0078,0.0403,0.9374,0,RURAL_AGRI_ALLIED
CUST_RUR_04018,rural_agri,27438.71,0.6094,0.0227,-0.0291,32.2,0.074,0,-8351.83,20.15,2.1,0.0174,0.0642,0.812,0,RURAL_AGRI_ALLIED
CUST_SAL_04019,salaried_tier1,63965.59,0.0628,0.4909,0.1736,41.5,0.369,0,-8077.61,23.6,7.66,0.0556,0.0401,2.5844,1,ESTABLISHED_FAMILY_HIGH_DEBT
CUST_SAL_04020,salaried_tier1,91090.32,0.0812,0.3687,0.3074,52.6,0.347,0,22839.08,0.14,5.61,0.0179,0.0836,2.073,0,ESTABLISHED_FAMILY_HIGH_DEBT
CUST_KIR_04021,kirana_msme,53414.24,0.1915,0.2941,0.2396,47.5,0.139,0,1395.15,15.33,10.42,0.0022,0.2016,1.6445,0,MSME_KIRANA_SEASONAL
CUST_SAL_04022,salaried_tier1,77753.58,0.0469,0.4975,0.1055,67.5,0.395,0,5588.26,2.94,7.77,0.0711,0.0554,2.2763,0,ESTABLISHED_FAMILY_HIGH_DEBT
CUST_GIG_04023,gig_worker,27537.91,0.3053,0.0696,-0.1309,34.1,0.2742,0,-305.95,2.99,19.32,0.1046,0.0903,1.0729,0,EARLY_CAREER_GIG
CUST_RUR_04024,rural_agri,19560.33,0.3359,0.2383,-0.056,48.1,0.0932,2,-1121.49,8.78,0.82,0.0187,0.0534,0.8594,0,RURAL_AGRI_ALLIED
CUST_GIG_04025,gig_worker,11449.18,0.2674,0.1577,0.1168,28.8,0.1861,2,1245.66,-8.49,15.97,0.1163,0.0359,0.8163,0,EARLY_CAREER_GIG
CUST_RUR_04026,rural_agri,12676.02,0.6193,0.0164,0.0023,20.1,0.0302,1,-3920.44,9.17,1.42,0.0399,0.0127,0.6652,0,RURAL_AGRI_ALLIED
CUST_KIR_04027,kirana_msme,37883.53,0.435,0.2047,0.2022,65.7,0.1194,0,-852.12,8.5,18.75,0.0265,0.11,0.9509,0,MSME_KIRANA_SEASONAL
CUST_SAL_04028,salaried_tier1,53621.92,0.0491,0.163,0.1538,36.9,0.2014,0,-6416.7,0.74,10.89,0.0754,0.1069,2.4955,0,EARLY_CAREER_SALARIED
CUST_GIG_04029,gig_worker,20508.53,0.2996,0.1307,0.065,9.7,0.2167,0,-2824.63,28.53,13.71,0.1997,0.1407,0.9909,0,EARLY_CAREER_GIG
CUST_KIR_04030,kirana_msme,71244.43,0.2505,0.0674,0.1544,58.1,0.1332,0,6109.38,19.17,24.76,0.0297,0.0698,0.8442,0,MSME_KIRANA_SEASONAL
CUST_GIG_04031,gig_worker,21294.0,0.3804,0.1424,-0.0408,21.1,0.2067,3,-8947.68,-0.09,9.94,0.0842,0.0804,1.1776,1,EARLY_CAREER_GIG
CUST_SAL_04032,salaried_tier1,89376.66,0.0283,0.4563,0.2482,101.1,0.5324,0,18132.42,11.58,4.63,0.0329,0.053,2.0577,0,ESTABLISHED_FAMILY_HIGH_DEBT
CUST_SAL_04033,salaried_tier1,84897.96,0.0237,0.3315,0.0238,118.8,0.5496,0,4043.65,1.36,10.13,0.0327,0.0894,2.368,0,EARLY_CAREER_SALARIED
CUST_RUR_04034,rural_agri,20465.97,0.7085,0.1332,-0.0536,25.7,0.1358,0,-1608.54,1.83,1.89,0.0131,0.0169,0.645,0,RURAL_AGRI_ALLIED
CUST_SAL_04035,salaried_tier1,57855.9,0.0566,0.3351,0.2353,91.8,0.4063,0,15107.08,-15.12,7.05,0.0467,0.0439,1.5108,0,EARLY_CAREER_SALARIED
CUST_RUR_04036,rural_agri,11775.66,0.5176,0.1916,0.023,31.8,0.1461,3,-1013.35,28.42,0.93,0.0309,0.0256,1.1501,0,RURAL_AGRI_ALLIED
CUST_RUR_04037,rural_agri,20377.18,0.7072,0.1706,0.1463,56.3,0.1154,0,7566.62,4.95,1.99,0.0198,0.0618,0.6489,0,RURAL_AGRI_ALLIED
CUST_GIG_04038,gig_worker,16144.09,0.3659,0.0219,0.0957,24.4,0.1343,0,-528.75,5.07,23.04,0.1603,0.0557,1.0715,0,EARLY_CAREER_GIG
CUST_GIG_04039,gig_worker,15261.33,0.2998,0.0987,0.076,20.2,0.2707,0,-3327.91,-2.7,22.06,0.0394,0.038,1.4105,0,EARLY_CAREER_GIG
CUST_GIG_04040,gig_worker,25331.21,0.6433,0.1617,0.0675,3.0,0.1033,1,-1625.99,-0.81,8.39,0.1559,0.0803,0.9686,0,EARLY_CAREER_GIG
CUST_RUR_04041,rural_agri,19470.87,0.694,0.039,0.1673,15.0,0.0807,1,763.36,5.57,3.25,0.0359,0.06,0.7197,0,RURAL_AGRI_ALLIED
CUST_SAL_04042,salaried_tier1,36545.16,0.0395,0.2104,0.2407,83.7,0.2669,1,2740.61,9.15,2.69,0.0143,0.0343,2.218,0,EARLY_CAREER_SALARIED
CUST_KIR_04043,kirana_msme,35114.01,0.2245,0.2092,0.2679,42.2,0.1288,0,8487.46,8.75,22.83,0.0083,0.1882,1.5706,0,MSME_KIRANA_SEASONAL
CUST_GIG_04044,gig_worker,31160.61,0.3067,0.1331,0.0626,39.0,0.2312,0,-5124.23,-4.48,13.69,0.1452,0.1169,1.3057,0,EARLY_CAREER_GIG
CUST_KIR_04045,kirana_msme,35910.54,0.2518,0.082,0.1599,74.5,0.0601,0,869.31,11.85,22.69,0.0276,0.1485,0.8438,0,MSME_KIRANA_SEASONAL
CUST_KIR_04046,kirana_msme,26852.88,0.3776,0.1575,0.2801,88.3,0.0816,0,2397.84,-8.69,22.36,0.0207,0.1715,1.3369,0,MSME_KIRANA_SEASONAL
CUST_KIR_04047,kirana_msme,43886.99,0.1964,0.1862,0.0523,52.2,0.0942,0,-4275.38,15.73,22.09,0.0197,0.082,1.2446,0,MSME_KIRANA_SEASONAL
CUST_GIG_04048,gig_worker,13744.05,0.6265,0.0272,0.0705,15.6,0.2705,0,-4605.2,1.7,23.37,0.0783,0.1213,1.4914,0,EARLY_CAREER_GIG
CUST_RUR_04049,rural_agri,18030.83,0.7807,0.1017,-0.0659,23.8,0.1498,1,-965.24,17.02,3.93,0.0215,0.0135,0.738,0,RURAL_AGRI_ALLIED
CUST_SAL_04050,salaried_tier1,70790.57,0.0761,0.3695,-0.0439,53.2,0.3267,0,-21961.65,2.92,7.13,0.0231,0.0952,2.2101,0,ESTABLISHED_FAMILY_HIGH_DEBT
CUST_RUR_04051,rural_agri,24635.92,0.5161,0.1972,0.1141,26.1,0.1375,0,3440.65,1.47,4.34,0.0436,0.0326,0.7509,0,RURAL_AGRI_ALLIED
CUST_GIG_04052,gig_worker,11981.72,0.587,0.0148,-0.1314,21.6,0.1696,0,-4385.84,18.89,27.48,0.1172,0.0405,0.837,0,EARLY_CAREER_GIG
CUST_RUR_04053,rural_agri,16017.42,0.6872,0.1881,0.0449,27.2,0.0517,0,1181.16,4.89,4.97,0.0276,0.0241,0.7371,0,RURAL_AGRI_ALLIED
CUST_GIG_04054,gig_worker,30634.08,0.5689,0.1648,-0.0156,39.4,0.1778,0,-1591.13,-11.44,14.8,0.0967,0.109,0.9576,0,EARLY_CAREER_GIG
CUST_GIG_04055,gig_worker,29474.09,0.2837,0.1377,-0.0963,38.7,0.1683,0,-11680.27,-11.52,19.08,0.0592,0.1293,1.201,0,EARLY_CAREER_GIG
CUST_SAL_04056,salaried_tier1,59674.25,0.0974,0.3267,0.2413,62.5,0.225,0,10620.97,23.6,8.82,0.028,0.0441,1.8762,0,EARLY_CAREER_SALARIED
CUST_RUR_04057,rural_agri,14599.2,0.6669,0.1449,0.0871,24.4,0.0967,0,98.72,12.96,5.14,0.0339,0.0569,0.5571,0,RURAL_AGRI_ALLIED
CUST_SAL_04058,salaried_tier1,84435.75,0.0467,0.213,0.3125,26.0,0.4547,0,7126.8,1.19,3.1,0.0456,0.0388,2.3901,0,EARLY_CAREER_SALARIED
CUST_RUR_04059,rural_agri,26801.3,0.5166,0.1028,0.0362,52.3,0.1004,1,-2255.79,-11.08,5.66,0.0419,0.0749,1.0043,0,RURAL_AGRI_ALLIED
CUST_RUR_04060,rural_agri,21913.94,0.7153,0.1626,-0.0811,22.5,0.1181,0,-4876.46,11.54,3.49,0.0131,0.0754,0.9368,0,RURAL_AGRI_ALLIED
CUST_SAL_04061,salaried_tier1,48523.06,0.0867,0.4666,0.2824,82.0,0.4346,1,9367.06,-12.72,2.83,0.0188,0.107,1.666,0,ESTABLISHED_FAMILY_HIGH_DEBT
CUST_SAL_04062,salaried_tier1,64241.29,0.0853,0.4721,0.2905,95.7,0.1746,0,3591.57,21.87,9.26,0.0439,0.0684,2.1746,0,ESTABLISHED_FAMILY_HIGH_DEBT
CUST_GIG_04063,gig_worker,18917.48,0.5982,0.0419,-0.0882,13.9,0.2064,0,-6319.66,17.2,21.84,0.1843,0.0539,0.7578,1,EARLY_CAREER_GIG
CUST_SAL_04064,salaried_tier1,91393.55,0.0368,0.4836,-0.0411,74.5,0.2775,1,-29827.25,10.0,10.02,0.0747,0.0534,2.1492,1,ESTABLISHED_FAMILY_HIGH_DEBT
CUST_RUR_04065,rural_agri,18067.34,0.5476,0.2228,0.1711,11.2,0.0748,3,4178.62,-11.71,4.47,0.0051,0.0535,1.0739,0,RURAL_AGRI_ALLIED
CUST_SAL_04066,salaried_tier1,52074.93,0.0697,0.2947,-0.0162,70.1,0.2727,0,535.18,-8.43,8.19,0.0171,0.0287,1.7581,0,EARLY_CAREER_SALARIED
CUST_SAL_04067,salaried_tier1,67323.99,0.0289,0.4575,0.2623,109.6,0.4323,0,16716.14,-6.35,5.84,0.0624,0.0791,2.2154,0,ESTABLISHED_FAMILY_HIGH_DEBT
CUST_RUR_04068,rural_agri,8000.0,0.7905,0.0048,0.1448,10.3,0.0396,0,-1336.5,13.97,4.23,0.0314,0.0642,0.9905,0,RURAL_AGRI_ALLIED
CUST_GIG_04069,gig_worker,33497.76,0.4878,0.0443,0.1243,44.0,0.2316,0,5845.92,35.08,10.17,0.0918,0.1471,1.0835,0,EARLY_CAREER_GIG
CUST_RUR_04070,rural_agri,8000.0,0.3585,0.2159,0.176,32.2,0.0413,1,1075.86,-2.99,1.37,0.046,0.0268,0.7572,0,RURAL_AGRI_ALLIED
CUST_KIR_04071,kirana_msme,53028.82,0.1869,0.1624,0.1149,70.0,0.1317,0,6354.02,-17.43,7.29,0.0064,0.1927,1.1295,0,MSME_KIRANA_SEASONAL
CUST_GIG_04072,gig_worker,22562.69,0.5678,0.1562,0.1044,38.7,0.2294,1,3503.56,12.96,11.38,0.081,0.0425,1.2992,0,EARLY_CAREER_GIG
CUST_GIG_04073,gig_worker,24107.1,0.6044,0.0636,0.1037,17.2,0.2767,1,1189.71,7.73,24.55,0.0977,0.0432,1.4852,0,EARLY_CAREER_GIG
CUST_GIG_04074,gig_worker,20587.37,0.2616,0.0105,0.0511,7.8,0.244,0,1515.94,10.3,24.02,0.073,0.0795,1.1068,0,EARLY_CAREER_GIG
CUST_GIG_04075,gig_worker,29436.2,0.6305,0.1298,0.1178,42.5,0.2845,1,-4654.65,-2.43,9.94,0.0679,0.0607,1.0969,0,EARLY_CAREER_GIG
CUST_GIG_04076,gig_worker,32290.51,0.5749,0.181,0.0737,13.3,0.2345,1,-2096.71,24.59,24.14,0.0421,0.1014,1.0888,0,EARLY_CAREER_GIG
CUST_KIR_04077,kirana_msme,40446.41,0.3176,0.2868,0.0708,72.0,0.0808,0,-3088.53,-20.74,16.66,0.0248,0.1769,1.1948,0,MSME_KIRANA_SEASONAL
CUST_SAL_04078,salaried_tier1,89606.44,0.0291,0.2086,0.2379,115.9,0.1981,0,4259.74,28.74,2.26,0.0683,0.0709,1.8109,0,EARLY_CAREER_SALARIED
CUST_GIG_04079,gig_worker,13407.76,0.4362,0.0575,-0.061,30.0,0.1007,0,-2657.9,15.65,22.2,0.1376,0.1363,1.092,0,EARLY_CAREER_GIG
CUST_SAL_04080,salaried_tier1,68842.65,0.0731,0.3152,0.1039,72.0,0.5127,0,-4118.42,-11.76,8.53,0.023,0.1035,2.0188,0,EARLY_CAREER_SALARIED
CUST_GIG_04081,gig_worker,15768.72,0.5598,0.0141,-0.022,14.0,0.2597,1,-86.42,9.99,21.03,0.1652,0.0827,1.3577,0,EARLY_CAREER_GIG
CUST_SAL_04082,salaried_tier1,75999.03,0.0429,0.2592,0.2699,34.4,0.1943,0,17390.69,13.44,2.99,0.0661,0.0685,1.888,0,EARLY_CAREER_SALARIED
CUST_GIG_04083,gig_worker,24197.67,0.4506,0.0013,-0.0542,34.5,0.1214,3,-4613.18,-5.57,23.56,0.0434,0.0725,1.407,0,EARLY_CAREER_GIG
CUST_GIG_04084,gig_worker,28532.19,0.3078,0.0939,0.1427,13.4,0.2347,0,-8.37,10.88,14.78,0.1489,0.0819,1.1408,0,EARLY_CAREER_GIG
CUST_SAL_04085,salaried_tier1,74105.61,0.0801,0.368,0.0968,111.1,0.4038,0,-3063.79,3.0,8.35,0.0189,0.0314,2.5487,0,ESTABLISHED_FAMILY_HIGH_DEBT
CUST_SAL_04086,salaried_tier1,62582.2,0.0645,0.2425,0.0059,96.2,0.4738,0,-5239.86,14.37,4.85,0.0353,0.0891,1.5145,1,EARLY_CAREER_SALARIED
CUST_SAL_04087,salaried_tier1,60282.51,0.0633,0.1757,0.1209,60.4,0.3946,0,11348.52,21.87,4.38,0.0194,0.0901,1.81,0,EARLY_CAREER_SALARIED
CUST_GIG_04088,gig_worker,10000.0,0.5575,0.1844,-0.018,20.2,0.1158,1,-555.72,9.19,27.76,0.1293,0.0646,1.1023,0,EARLY_CAREER_GIG
CUST_RUR_04089,rural_agri,14463.65,0.4716,0.0747,0.157,38.6,0.1272,0,1501.44,7.87,0.82,0.0187,0.011,1.1356,0,RURAL_AGRI_ALLIED
CUST_SAL_04090,salaried_tier1,52780.77,0.0828,0.3471,0.0792,52.9,0.3521,0,-2042.77,15.87,9.72,0.0637,0.0929,2.5635,0,EARLY_CAREER_SALARIED
CUST_GIG_04091,gig_worker,24255.43,0.4583,0.1403,-0.1002,35.6,0.286,0,-1735.02,-7.09,8.65,0.1602,0.0972,1.1499,0,EARLY_CAREER_GIG
CUST_KIR_04092,kirana_msme,35937.53,0.3554,0.1983,0.2134,23.5,0.1613,0,7380.57,16.36,13.18,0.0103,0.2356,1.2748,0,MSME_KIRANA_SEASONAL
CUST_KIR_04093,kirana_msme,41797.64,0.339,0.2215,0.2991,49.9,0.11,0,11333.67,19.98,15.24,0.0051,0.0646,0.8985,0,MSME_KIRANA_SEASONAL
CUST_RUR_04094,rural_agri,18290.03,0.4118,0.0325,-0.0578,48.8,0.0761,1,-532.83,10.37,2.67,0.0062,0.0333,0.8771,0,RURAL_AGRI_ALLIED
CUST_KIR_04095,kirana_msme,33571.75,0.3431,0.1907,0.213,23.8,0.1897,0,8575.69,8.27,9.52,0.0298,0.0645,0.808,0,MSME_KIRANA_SEASONAL
CUST_KIR_04096,kirana_msme,51048.28,0.2223,0.27,0.068,43.9,0.1195,0,1295.72,23.39,16.19,0.0298,0.1743,1.3798,0,MSME_KIRANA_SEASONAL
CUST_SAL_04097,salaried_tier1,76968.78,0.0244,0.2791,0.1612,88.7,0.1896,0,-14192.0,25.04,4.81,0.0636,0.038,2.6702,0,EARLY_CAREER_SALARIED
CUST_SAL_04098,salaried_tier1,61084.71,0.0632,0.4879,-0.0067,18.1,0.4736,0,-7067.96,-20.01,2.87,0.0168,0.0815,1.9736,1,ESTABLISHED_FAMILY_HIGH_DEBT
CUST_SAL_04099,salaried_tier1,25000.0,0.0756,0.4948,0.256,15.5,0.1898,0,1121.34,3.15,4.37,0.0715,0.031,2.6073,0,ESTABLISHED_FAMILY_HIGH_DEBT
CUST_SAL_04100,salaried_tier1,48641.61,0.0706,0.5355,0.2132,52.1,0.4347,0,2971.47,6.24,6.69,0.0352,0.094,2.254,0,ESTABLISHED_FAMILY_HIGH_DEBT
CUST_GIG_04101,gig_worker,20330.1,0.3558,0.1321,0.0818,14.9,0.1592,1,661.33,-0.68,21.32,0.057,0.0794,0.8568,0,EARLY_CAREER_GIG
CUST_KIR_04102,kirana_msme,44176.49,0.2365,0.0753,0.0523,23.2,0.1924,0,-3602.47,4.54,7.3,0.0171,0.0667,1.7397,0,MSME_KIRANA_SEASONAL
CUST_KIR_04103,kirana_msme,36820.97,0.2595,0.0725,0.1405,53.0,0.1006,0,2300.07,23.72,11.66,0.0117,0.1382,1.3846,0,MSME_KIRANA_SEASONAL
CUST_SAL_04104,salaried_tier1,94724.12,0.0907,0.505,0.1309,41.9,0.3923,0,-7472.45,-7.99,9.11,0.0657,0.0633,2.5278,0,ESTABLISHED_FAMILY_HIGH_DEBT
CUST_SAL_04105,salaried_tier1,64956.11,0.0607,0.4888,0.2589,71.2,0.292,0,25699.47,4.39,3.52,0.0552,0.0892,1.956,0,ESTABLISHED_FAMILY_HIGH_DEBT
CUST_GIG_04106,gig_worker,17683.22,0.4561,0.1691,0.1317,22.1,0.2499,3,4992.98,26.47,17.86,0.1992,0.0724,0.8539,0,EARLY_CAREER_GIG
CUST_RUR_04107,rural_agri,21604.03,0.5065,0.1251,0.0929,27.6,0.069,1,-1242.23,-5.93,2.89,0.0054,0.0691,0.7427,0,RURAL_AGRI_ALLIED
CUST_SAL_04108,salaried_tier1,103235.31,0.0353,0.2025,-0.0044,119.3,0.452,0,-1056.47,2.26,8.49,0.042,0.0471,1.9362,0,EARLY_CAREER_SALARIED
CUST_RUR_04109,rural_agri,8000.0,0.3367,0.1137,-0.0388,8.7,0.109,1,-1797.59,-4.97,2.16,0.0068,0.0352,1.0785,0,RURAL_AGRI_ALLIED
CUST_GIG_04110,gig_worker,18187.82,0.6446,0.1935,0.0474,12.0,0.2486,0,-1929.93,6.54,25.21,0.0841,0.1396,1.2746,0,EARLY_CAREER_GIG
CUST_GIG_04111,gig_worker,16848.38,0.512,0.1098,-0.0532,16.6,0.2234,3,860.07,-13.32,15.85,0.167,0.0448,0.7814,1,EARLY_CAREER_GIG
CUST_KIR_04112,kirana_msme,50736.53,0.1821,0.1399,0.0673,71.8,0.1127,0,3138.09,2.45,5.84,0.0077,0.0851,1.3177,0,MSME_KIRANA_SEASONAL
CUST_SAL_04113,salaried_tier1,70041.83,0.0727,0.2616,-0.0017,23.6,0.2274,0,15276.07,-4.59,6.34,0.0121,0.0828,1.8068,0,EARLY_CAREER_SALARIED
CUST_SAL_04114,salaried_tier1,90367.46,0.0853,0.5,-0.0343,83.5,0.3767,0,-13871.64,4.34,9.96,0.0778,0.1029,2.1557,1,ESTABLISHED_FAMILY_HIGH_DEBT
CUST_GIG_04115,gig_worker,17317.77,0.3941,0.1791,0.1216,31.7,0.2643,0,3927.69,-11.2,24.42,0.0977,0.0348,0.9904,0,EARLY_CAREER_GIG
CUST_KIR_04116,kirana_msme,38501.05,0.4303,0.2646,0.1615,69.7,0.0728,0,-2068.03,8.63,19.45,0.0193,0.0966,1.2758,0,MSME_KIRANA_SEASONAL
CUST_RUR_04117,rural_agri,17921.19,0.6077,0.073,0.1583,57.2,0.0367,2,1276.24,16.89,5.22,0.0062,0.0237,0.5721,0,RURAL_AGRI_ALLIED
CUST_KIR_04118,kirana_msme,56152.4,0.3216,0.1506,0.1849,28.3,0.1814,0,-6051.49,4.28,15.37,0.0184,0.1015,1.6802,0,MSME_KIRANA_SEASONAL
CUST_SAL_04119,salaried_tier1,56342.18,0.0552,0.2584,0.0667,117.2,0.385,0,-12720.64,26.7,2.02,0.0463,0.1027,1.5595,0,EARLY_CAREER_SALARIED
CUST_GIG_04120,gig_worker,15875.02,0.4157,0.0144,-0.0246,32.9,0.1512,0,-1842.1,4.5,17.97,0.1094,0.092,1.0629,0,EARLY_CAREER_GIG
CUST_SAL_04121,salaried_tier1,89699.1,0.0464,0.2266,0.2594,37.0,0.4935,0,1609.23,-2.0,4.6,0.0557,0.0413,2.4839,0,EARLY_CAREER_SALARIED
CUST_KIR_04122,kirana_msme,18000.0,0.282,0.2617,0.1545,41.2,0.0696,0,-711.42,14.35,6.22,0.0204,0.1889,0.8842,0,MSME_KIRANA_SEASONAL
CUST_GIG_04123,gig_worker,19136.15,0.4323,0.174,-0.1424,36.7,0.1785,0,-1223.17,-13.2,20.14,0.1449,0.0493,0.8931,0,EARLY_CAREER_GIG
CUST_RUR_04124,rural_agri,20662.14,0.5148,0.1322,0.0472,56.4,0.0674,0,2573.29,-11.69,3.82,0.0455,0.0182,0.9634,0,RURAL_AGRI_ALLIED
CUST_GIG_04125,gig_worker,33514.43,0.593,0.1668,0.0142,29.6,0.2013,0,-3708.97,15.66,12.19,0.1046,0.1032,1.3966,0,EARLY_CAREER_GIG
CUST_GIG_04126,gig_worker,20926.99,0.6146,0.0715,-0.1492,11.4,0.2933,0,-6170.06,21.7,22.53,0.1399,0.0753,1.1523,0,EARLY_CAREER_GIG
CUST_GIG_04127,gig_worker,18091.43,0.3962,0.1154,-0.04,37.7,0.1842,0,-4505.28,9.24,14.21,0.1532,0.0575,0.9847,0,EARLY_CAREER_GIG
CUST_RUR_04128,rural_agri,22593.32,0.4923,0.2012,0.0506,6.8,0.1315,3,-2879.25,27.67,1.65,0.0358,0.0798,0.552,0,RURAL_AGRI_ALLIED
CUST_SAL_04129,salaried_tier1,90437.36,0.0434,0.4174,0.2414,75.5,0.3489,0,34062.51,20.89,3.28,0.0151,0.0978,2.2081,0,ESTABLISHED_FAMILY_HIGH_DEBT
CUST_SAL_04130,salaried_tier1,63947.89,0.052,0.3155,0.1361,68.8,0.4612,0,7384.69,6.69,7.05,0.0218,0.0902,2.0643,0,EARLY_CAREER_SALARIED
CUST_SAL_04131,salaried_tier1,52771.87,0.0854,0.3131,0.3162,103.5,0.2271,0,11.54,39.43,5.6,0.0508,0.0324,1.817,0,EARLY_CAREER_SALARIED
CUST_SAL_04132,salaried_tier1,81640.84,0.086,0.4066,0.3198,88.6,0.3244,0,37456.83,-4.43,2.9,0.0233,0.0416,1.5137,0,ESTABLISHED_FAMILY_HIGH_DEBT
CUST_GIG_04133,gig_worker,20235.94,0.4655,0.1226,0.1134,24.1,0.0817,0,-80.5,11.53,10.78,0.161,0.0429,0.8439,0,EARLY_CAREER_GIG
CUST_GIG_04134,gig_worker,26052.41,0.3873,0.0114,-0.0491,18.8,0.108,0,-1994.19,5.54,12.65,0.1453,0.0958,1.2013,0,EARLY_CAREER_GIG
CUST_GIG_04135,gig_worker,25528.58,0.5113,0.1724,0.0423,8.9,0.1369,0,-4741.89,-37.98,25.83,0.0911,0.1297,1.4207,0,EARLY_CAREER_GIG
CUST_SAL_04136,salaried_tier1,97540.16,0.068,0.2999,0.2551,54.8,0.3838,0,1981.02,-23.06,3.61,0.056,0.1011,1.6519,0,EARLY_CAREER_SALARIED
CUST_GIG_04137,gig_worker,30556.35,0.4371,0.0001,0.0814,9.0,0.2285,0,-6752.9,13.26,25.1,0.0562,0.1233,1.1202,0,EARLY_CAREER_GIG
CUST_KIR_04138,kirana_msme,42048.28,0.3401,0.2147,0.2247,44.6,0.1499,0,2758.93,0.76,15.94,0.005,0.2193,1.3659,0,MSME_KIRANA_SEASONAL
CUST_GIG_04139,gig_worker,15394.87,0.4696,0.0045,0.0776,39.2,0.1113,2,-4795.68,34.53,18.85,0.0767,0.0549,1.3658,0,EARLY_CAREER_GIG
CUST_GIG_04140,gig_worker,31392.74,0.6238,0.1593,0.1227,24.0,0.0886,0,2835.48,-24.7,20.28,0.087,0.0499,0.8416,0,EARLY_CAREER_GIG
CUST_KIR_04141,kirana_msme,54562.69,0.1706,0.1862,0.1341,87.6,0.1213,0,9495.06,23.06,7.07,0.0116,0.2274,0.8302,0,MSME_KIRANA_SEASONAL
CUST_SAL_04142,salaried_tier1,54846.48,0.0397,0.4081,0.2986,62.8,0.2274,0,8698.14,7.61,7.7,0.0172,0.1011,1.756,0,ESTABLISHED_FAMILY_HIGH_DEBT
CUST_SAL_04143,salaried_tier1,69614.8,0.0281,0.4979,0.2901,31.4,0.428,0,3775.65,11.98,3.53,0.0192,0.0939,2.0158,0,ESTABLISHED_FAMILY_HIGH_DEBT
CUST_RUR_04144,rural_agri,20829.83,0.787,0.1614,-0.0056,51.9,0.0673,4,367.84,-7.71,5.74,0.0092,0.0108,0.8344,0,RURAL_AGRI_ALLIED
CUST_RUR_04145,rural_agri,28806.48,0.6441,0.2082,-0.0553,7.8,0.0336,0,-469.19,-16.94,5.82,0.0177,0.0417,0.7654,0,RURAL_AGRI_ALLIED
CUST_GIG_04146,gig_worker,13427.05,0.2723,0.1839,-0.0046,24.3,0.214,0,-736.77,18.71,26.3,0.1688,0.0555,1.0,0,EARLY_CAREER_GIG
CUST_SAL_04147,salaried_tier1,100819.48,0.0782,0.4334,0.3021,95.5,0.2471,1,25195.06,5.01,11.11,0.0677,0.0274,1.9362,0,ESTABLISHED_FAMILY_HIGH_DEBT
CUST_KIR_04148,kirana_msme,44459.43,0.1701,0.1233,0.1576,61.4,0.0728,0,4764.87,27.07,21.73,0.0091,0.1399,1.2835,0,MSME_KIRANA_SEASONAL
CUST_GIG_04149,gig_worker,26650.69,0.436,0.1276,-0.0533,9.1,0.1503,0,-1106.36,24.41,22.75,0.1892,0.0767,0.9953,0,EARLY_CAREER_GIG
CUST_GIG_04150,gig_worker,25682.14,0.5754,0.1716,0.0619,6.4,0.1566,3,-4724.69,-9.12,17.08,0.0868,0.0547,0.7735,0,EARLY_CAREER_GIG
CUST_SAL_04151,salaried_tier1,66324.55,0.0699,0.5269,0.3311,78.0,0.2584,0,16027.21,-0.22,11.81,0.0154,0.0989,2.4717,0,ESTABLISHED_FAMILY_HIGH_DEBT
CUST_SAL_04152,salaried_tier1,29432.47,0.072,0.3169,0.0376,70.7,0.1596,0,199.08,-8.04,11.47,0.0172,0.0932,2.179,0,EARLY_CAREER_SALARIED
CUST_GIG_04153,gig_worker,13384.99,0.4223,0.0042,0.104,40.0,0.0887,1,-2143.54,6.98,24.16,0.1342,0.0668,0.665,0,EARLY_CAREER_GIG
CUST_KIR_04154,kirana_msme,38923.52,0.3819,0.0613,0.1361,59.2,0.1382,0,11833.81,-17.29,5.42,0.0124,0.1161,0.8745,0,MSME_KIRANA_SEASONAL
CUST_SAL_04155,salaried_tier1,92169.82,0.0697,0.4084,0.1027,96.6,0.2108,0,-3497.6,-10.04,3.15,0.0157,0.0641,1.5613,0,ESTABLISHED_FAMILY_HIGH_DEBT
CUST_SAL_04156,salaried_tier1,82775.45,0.0206,0.2749,0.1985,106.5,0.4517,0,-612.32,-10.06,7.38,0.0669,0.0972,2.4341,0,EARLY_CAREER_SALARIED
CUST_KIR_04157,kirana_msme,66861.96,0.2111,0.1554,0.2005,66.1,0.0654,0,16044.86,30.67,24.46,0.0095,0.1133,0.8341,0,MSME_KIRANA_SEASONAL
CUST_RUR_04158,rural_agri,15571.16,0.7808,0.2192,-0.0363,36.5,0.0544,1,-3393.66,15.12,2.49,0.0318,0.0276,0.756,0,RURAL_AGRI_ALLIED
CUST_RUR_04159,rural_agri,14579.07,0.4151,0.1648,0.1423,52.3,0.0977,1,3034.23,25.94,1.47,0.0426,0.0152,1.0037,0,RURAL_AGRI_ALLIED
CUST_GIG_04160,gig_worker,24354.12,0.626,0.0132,0.0236,16.8,0.2273,3,-5681.36,12.65,27.12,0.178,0.1028,0.8417,1,EARLY_CAREER_GIG
CUST_KIR_04161,kirana_msme,36096.26,0.3938,0.1284,0.2668,37.9,0.1358,0,10522.32,6.35,20.66,0.0278,0.0873,1.2258,0,MSME_KIRANA_SEASONAL
CUST_SAL_04162,salaried_tier1,31486.6,0.0828,0.4805,0.0828,86.6,0.4068,0,3496.26,14.4,5.46,0.0534,0.058,2.7599,0,ESTABLISHED_FAMILY_HIGH_DEBT
CUST_KIR_04163,kirana_msme,76285.53,0.4332,0.0868,0.2655,46.5,0.1006,0,140.27,25.62,11.97,0.0228,0.0538,1.6986,0,MSME_KIRANA_SEASONAL
CUST_KIR_04164,kirana_msme,55506.52,0.4316,0.1355,0.1641,75.5,0.1766,0,4154.85,6.82,21.41,0.0113,0.131,1.149,0,MSME_KIRANA_SEASONAL
CUST_GIG_04165,gig_worker,29721.96,0.4293,0.1496,-0.0667,10.2,0.2347,0,-11076.67,-5.79,26.82,0.1123,0.0483,1.1072,0,EARLY_CAREER_GIG
CUST_KIR_04166,kirana_msme,34595.91,0.2541,0.0625,0.2255,72.1,0.1186,0,6854.25,-3.47,10.37,0.0182,0.2428,1.5498,0,MSME_KIRANA_SEASONAL
CUST_SAL_04167,salaried_tier1,71715.51,0.0258,0.4206,0.2117,107.0,0.35,0,-7928.45,-10.28,2.03,0.0221,0.0262,1.7366,0,ESTABLISHED_FAMILY_HIGH_DEBT
CUST_SAL_04168,salaried_tier1,47357.93,0.0372,0.4693,0.1806,18.1,0.4894,0,5961.95,-2.41,4.52,0.0487,0.0761,1.7426,1,ESTABLISHED_FAMILY_HIGH_DEBT
CUST_KIR_04169,kirana_msme,78070.63,0.3176,0.0682,0.1528,43.7,0.1989,0,16461.05,15.73,14.67,0.0276,0.1723,1.2352,0,MSME_KIRANA_SEASONAL
CUST_SAL_04170,salaried_tier1,65026.45,0.0515,0.5366,0.1664,60.3,0.2282,0,6242.55,-3.53,2.39,0.0158,0.0205,2.3206,0,ESTABLISHED_FAMILY_HIGH_DEBT
CUST_SAL_04171,salaried_tier1,60858.02,0.0729,0.1973,0.1874,60.7,0.3135,1,7962.74,8.73,7.95,0.0675,0.0914,1.718,0,EARLY_CAREER_SALARIED
CUST_RUR_04172,rural_agri,18950.78,0.6837,0.0456,0.1035,12.7,0.1264,1,-163.41,13.17,1.0,0.0432,0.0123,0.5237,0,RURAL_AGRI_ALLIED
CUST_KIR_04173,kirana_msme,35047.22,0.3828,0.1227,0.0596,70.5,0.1932,0,-4314.05,18.98,13.5,0.0278,0.2032,1.3486,0,MSME_KIRANA_SEASONAL
CUST_KIR_04174,kirana_msme,50237.99,0.4075,0.1876,0.2807,44.0,0.1551,0,9530.66,-7.1,9.96,0.0285,0.0534,1.6954,0,MSME_KIRANA_SEASONAL
CUST_RUR_04175,rural_agri,18672.61,0.7548,0.1788,0.1305,11.6,0.0416,3,4075.52,3.94,5.27,0.0071,0.0316,0.658,0,RURAL_AGRI_ALLIED
CUST_RUR_04176,rural_agri,21045.8,0.3525,0.1122,0.0523,52.3,0.1449,1,-2999.06,-15.87,4.5,0.0096,0.0759,0.8573,0,RURAL_AGRI_ALLIED
CUST_GIG_04177,gig_worker,12820.14,0.4131,0.1656,0.0598,7.0,0.0925,0,-1279.42,24.43,21.29,0.1769,0.046,1.2571,0,EARLY_CAREER_GIG
CUST_RUR_04178,rural_agri,14092.53,0.5704,0.1022,0.1583,57.3,0.0384,1,-1300.72,-22.07,5.44,0.0071,0.0794,0.58,0,RURAL_AGRI_ALLIED
CUST_KIR_04179,kirana_msme,18517.53,0.2204,0.2073,0.2321,86.2,0.1114,0,5650.06,5.48,21.63,0.001,0.1211,1.6336,0,MSME_KIRANA_SEASONAL
CUST_KIR_04180,kirana_msme,48736.49,0.3934,0.138,0.0616,32.1,0.1506,0,-183.41,14.22,12.07,0.0028,0.116,0.9253,0,MSME_KIRANA_SEASONAL
CUST_KIR_04181,kirana_msme,65538.28,0.1537,0.2877,0.1814,45.1,0.1342,0,-2150.12,-9.21,10.82,0.014,0.184,1.0733,0,MSME_KIRANA_SEASONAL
CUST_GIG_04182,gig_worker,21895.75,0.4668,0.1299,0.0353,18.6,0.1453,0,-6743.22,33.64,16.66,0.0528,0.0307,1.1809,1,EARLY_CAREER_GIG
CUST_GIG_04183,gig_worker,35792.14,0.5866,0.1987,0.0635,30.0,0.2825,2,-11129.1,12.93,8.05,0.1175,0.1239,1.3785,0,EARLY_CAREER_GIG
CUST_KIR_04184,kirana_msme,45377.22,0.4054,0.1578,0.2349,57.1,0.1471,0,5225.51,7.24,21.83,0.0028,0.1669,1.2758,0,MSME_KIRANA_SEASONAL
CUST_SAL_04185,salaried_tier1,97268.13,0.0496,0.3581,-0.0041,38.4,0.4246,0,-14137.91,-14.27,10.37,0.0524,0.101,2.3404,0,ESTABLISHED_FAMILY_HIGH_DEBT
CUST_GIG_04186,gig_worker,22708.95,0.4988,0.0879,-0.0526,4.8,0.0877,0,-12362.96,-10.52,16.35,0.0624,0.1287,1.0041,1,EARLY_CAREER_GIG
CUST_SAL_04187,salaried_tier1,52574.87,0.0994,0.2052,-0.0191,69.7,0.3374,0,-14470.55,1.49,6.19,0.0676,0.0908,1.877,0,EARLY_CAREER_SALARIED
CUST_GIG_04188,gig_worker,20233.21,0.253,0.0415,-0.0866,5.6,0.1801,2,-8412.02,7.11,20.57,0.1795,0.0429,0.6036,1,EARLY_CAREER_GIG
CUST_GIG_04189,gig_worker,21638.18,0.5822,0.1084,0.0948,28.9,0.1662,0,256.06,1.29,23.32,0.1712,0.1096,1.1726,0,EARLY_CAREER_GIG
CUST_GIG_04190,gig_worker,15066.68,0.4259,0.1923,-0.1279,23.9,0.1155,2,-5987.3,21.6,17.1,0.0971,0.0411,0.628,0,EARLY_CAREER_GIG
CUST_GIG_04191,gig_worker,22050.32,0.56,0.0715,-0.0059,10.8,0.2374,0,-3036.48,15.42,18.79,0.1232,0.142,1.3639,0,EARLY_CAREER_GIG
CUST_RUR_04192,rural_agri,12612.49,0.4405,0.0038,0.1681,45.7,0.0467,0,2029.25,16.51,3.22,0.0298,0.0431,0.836,0,RURAL_AGRI_ALLIED
CUST_KIR_04193,kirana_msme,59415.6,0.2159,0.0803,0.1099,34.5,0.1978,0,-1268.72,-10.48,18.92,0.0134,0.0947,1.4515,0,MSME_KIRANA_SEASONAL
CUST_GIG_04194,gig_worker,23654.36,0.6379,0.1153,-0.1065,19.1,0.2543,0,-3246.18,6.82,9.92,0.0703,0.0978,0.6898,0,EARLY_CAREER_GIG
CUST_GIG_04195,gig_worker,28710.05,0.4596,0.043,0.115,14.6,0.1356,0,4862.56,21.46,17.97,0.0857,0.0926,0.6861,0,EARLY_CAREER_GIG
CUST_SAL_04196,salaried_tier1,87903.88,0.0627,0.2334,0.3107,26.5,0.4434,0,12395.51,7.87,11.02,0.0321,0.0941,1.5947,0,EARLY_CAREER_SALARIED
CUST_SAL_04197,salaried_tier1,69744.49,0.0437,0.3334,0.2204,61.7,0.5143,1,11228.07,-16.69,9.85,0.076,0.0517,1.6909,0,EARLY_CAREER_SALARIED
CUST_SAL_04198,salaried_tier1,51803.89,0.0607,0.4393,0.1703,18.7,0.4714,1,464.25,22.28,5.66,0.0261,0.0502,2.0725,1,ESTABLISHED_FAMILY_HIGH_DEBT
CUST_KIR_04199,kirana_msme,26841.96,0.2853,0.0926,0.2818,69.4,0.115,0,799.39,15.84,14.67,0.0239,0.0567,1.6488,0,MSME_KIRANA_SEASONAL
CUST_GIG_04200,gig_worker,10000.0,0.3305,0.0604,0.0727,10.7,0.2106,0,-406.2,2.96,12.03,0.0759,0.0778,1.2867,0,EARLY_CAREER_GIG
CUST_RUR_04201,rural_agri,20029.69,0.5969,0.0174,0.038,53.3,0.134,4,-1302.76,-5.2,1.47,0.0002,0.0531,1.126,0,RURAL_AGRI_ALLIED
CUST_SAL_04202,salaried_tier1,77714.57,0.0548,0.4692,0.1084,92.3,0.3087,1,-2004.55,19.23,7.23,0.0465,0.0849,1.9232,0,ESTABLISHED_FAMILY_HIGH_DEBT
CUST_SAL_04203,salaried_tier1,71774.97,0.0755,0.2864,0.081,116.4,0.228,0,-2910.99,6.88,11.05,0.0619,0.1133,1.7388,0,EARLY_CAREER_SALARIED
CUST_RUR_04204,rural_agri,16028.7,0.4009,0.0552,0.0429,52.7,0.0328,0,-1934.22,-15.33,5.26,0.0149,0.0368,0.9178,0,RURAL_AGRI_ALLIED
CUST_SAL_04205,salaried_tier1,90433.87,0.0875,0.517,0.3102,71.7,0.2243,0,33124.6,-0.26,11.18,0.0471,0.1136,2.2673,0,ESTABLISHED_FAMILY_HIGH_DEBT
CUST_KIR_04206,kirana_msme,49606.96,0.2844,0.0756,0.0606,24.4,0.1159,0,-527.55,-8.18,14.77,0.0137,0.174,1.2619,0,MSME_KIRANA_SEASONAL
CUST_GIG_04207,gig_worker,14209.9,0.2781,0.0643,-0.09,15.2,0.2372,3,-5175.15,2.36,24.43,0.1553,0.1434,1.4312,1,EARLY_CAREER_GIG
CUST_KIR_04208,kirana_msme,20840.37,0.151,0.1384,0.1512,71.3,0.1789,1,3169.4,-19.07,24.15,0.024,0.0562,1.1518,0,MSME_KIRANA_SEASONAL
CUST_SAL_04209,salaried_tier1,68774.86,0.0668,0.2509,0.326,79.1,0.2204,0,11240.13,26.25,6.73,0.0684,0.0338,2.1489,0,EARLY_CAREER_SALARIED
CUST_SAL_04210,salaried_tier1,83236.75,0.0489,0.2902,0.0783,92.2,0.5268,1,1964.13,15.45,8.26,0.0797,0.0495,1.6953,0,EARLY_CAREER_SALARIED
CUST_SAL_04211,salaried_tier1,61447.5,0.0275,0.4084,0.3288,68.3,0.3331,1,18973.58,4.86,8.81,0.0372,0.0577,2.052,0,ESTABLISHED_FAMILY_HIGH_DEBT
CUST_GIG_04212,gig_worker,23942.02,0.4684,0.1136,-0.0096,9.0,0.0846,0,-4542.65,-12.06,18.64,0.098,0.0793,1.4488,1,EARLY_CAREER_GIG
CUST_KIR_04213,kirana_msme,35179.43,0.2602,0.2837,0.1151,66.3,0.1047,0,3943.42,6.37,8.34,0.0031,0.2189,0.8452,0,MSME_KIRANA_SEASONAL
CUST_SAL_04214,salaried_tier1,116178.41,0.0789,0.4689,0.0096,19.0,0.5057,0,-9680.51,-2.39,7.33,0.0457,0.0823,2.7626,1,ESTABLISHED_FAMILY_HIGH_DEBT
CUST_GIG_04215,gig_worker,22376.98,0.3432,0.102,0.0423,3.0,0.1805,0,-975.47,11.36,24.79,0.184,0.131,1.3791,0,EARLY_CAREER_GIG
CUST_RUR_04216,rural_agri,15503.33,0.6418,0.2308,0.1001,16.4,0.1434,2,-1897.74,18.5,4.69,0.033,0.0115,1.0016,0,RURAL_AGRI_ALLIED
CUST_SAL_04217,salaried_tier1,86739.58,0.0646,0.4028,0.0459,21.0,0.4526,0,-6339.87,36.3,7.55,0.0674,0.0406,2.4383,1,ESTABLISHED_FAMILY_HIGH_DEBT
CUST_KIR_04218,kirana_msme,47271.65,0.2667,0.0822,0.1468,26.9,0.1832,0,680.17,1.59,10.04,0.0217,0.2072,0.938,0,MSME_KIRANA_SEASONAL
CUST_GIG_04219,gig_worker,21034.77,0.4404,0.1542,0.0063,3.9,0.1865,0,-2508.33,9.85,18.47,0.1941,0.1018,1.2146,1,EARLY_CAREER_GIG
CUST_SAL_04220,salaried_tier1,90059.42,0.0466,0.4369,0.0447,53.6,0.3835,0,-20657.94,7.88,9.0,0.0323,0.1093,2.3692,1,ESTABLISHED_FAMILY_HIGH_DEBT
CUST_KIR_04221,kirana_msme,32229.97,0.2942,0.2048,0.2048,59.0,0.1988,0,900.95,36.59,20.17,0.0171,0.0641,1.0389,0,MSME_KIRANA_SEASONAL
CUST_GIG_04222,gig_worker,27024.88,0.5353,0.1856,-0.1202,27.5,0.2203,0,-6613.55,20.62,12.3,0.1974,0.0952,0.9116,0,EARLY_CAREER_GIG
CUST_RUR_04223,rural_agri,10250.0,0.797,0.2022,0.0201,41.3,0.1153,0,787.75,1.68,5.04,0.0378,0.0256,1.1147,0,RURAL_AGRI_ALLIED
CUST_RUR_04224,rural_agri,11081.33,0.3086,0.0731,0.032,6.1,0.0688,2,298.86,-2.33,3.17,0.0444,0.012,0.6599,1,RURAL_AGRI_ALLIED
CUST_GIG_04225,gig_worker,11439.5,0.4816,0.1461,-0.0895,17.4,0.2048,0,-1844.7,-1.93,17.03,0.0794,0.0662,0.8638,1,EARLY_CAREER_GIG
CUST_GIG_04226,gig_worker,29922.05,0.6272,0.0303,0.0379,27.5,0.2707,2,-120.47,-9.44,19.91,0.0639,0.0632,1.2845,0,EARLY_CAREER_GIG
CUST_KIR_04227,kirana_msme,18000.0,0.4256,0.0519,0.2601,40.8,0.1462,0,5743.54,5.64,21.17,0.0054,0.1828,1.3229,0,MSME_KIRANA_SEASONAL
CUST_GIG_04228,gig_worker,20727.45,0.4341,0.0568,-0.0644,4.6,0.1969,0,388.3,44.29,10.43,0.089,0.1379,0.7689,1,EARLY_CAREER_GIG
CUST_KIR_04229,kirana_msme,45450.69,0.3503,0.0877,0.2959,84.1,0.199,0,5223.34,3.85,11.57,0.0225,0.2396,1.6223,0,MSME_KIRANA_SEASONAL
CUST_SAL_04230,salaried_tier1,70522.31,0.0733,0.3589,0.2596,104.2,0.5298,0,9966.4,-23.71,11.23,0.0423,0.0688,2.0742,0,ESTABLISHED_FAMILY_HIGH_DEBT
CUST_GIG_04231,gig_worker,25765.99,0.4493,0.1248,0.0098,19.7,0.2264,1,-2782.05,12.32,19.81,0.0441,0.0957,0.928,1,EARLY_CAREER_GIG
CUST_GIG_04232,gig_worker,20239.04,0.4467,0.0175,0.06,21.6,0.1967,0,773.1,11.04,23.44,0.0981,0.0984,1.4976,0,EARLY_CAREER_GIG
CUST_KIR_04233,kirana_msme,34782.3,0.4433,0.1254,0.1942,69.0,0.0907,1,8353.64,3.7,13.84,0.0054,0.225,1.0161,0,MSME_KIRANA_SEASONAL
CUST_RUR_04234,rural_agri,14906.21,0.3464,0.0244,0.1006,21.5,0.0975,0,60.19,-11.36,2.17,0.0389,0.0679,1.1245,0,RURAL_AGRI_ALLIED
CUST_SAL_04235,salaried_tier1,103249.71,0.0597,0.5019,0.2499,24.0,0.4509,0,11237.68,-6.95,11.49,0.0751,0.0325,2.505,0,ESTABLISHED_FAMILY_HIGH_DEBT
CUST_KIR_04236,kirana_msme,61179.13,0.3426,0.0663,0.2977,44.9,0.1071,0,15223.25,19.75,10.42,0.024,0.1883,0.9671,0,MSME_KIRANA_SEASONAL
CUST_SAL_04237,salaried_tier1,100321.18,0.0715,0.1554,0.2122,90.6,0.5444,0,3104.25,-7.94,9.89,0.0167,0.0935,2.3897,0,EARLY_CAREER_SALARIED
CUST_GIG_04238,gig_worker,14417.42,0.4652,0.0562,-0.1186,13.5,0.1765,0,-1885.4,-6.97,14.42,0.1761,0.1392,0.7336,1,EARLY_CAREER_GIG
CUST_GIG_04239,gig_worker,12583.11,0.6474,0.1491,-0.0784,14.4,0.2227,0,-1646.37,-0.62,23.62,0.0754,0.1146,0.9198,0,EARLY_CAREER_GIG
CUST_KIR_04240,kirana_msme,29981.83,0.4253,0.2436,0.1992,51.7,0.0715,0,314.23,13.34,10.58,0.0284,0.237,1.5497,0,MSME_KIRANA_SEASONAL
CUST_GIG_04241,gig_worker,26474.44,0.6179,0.1072,0.0789,9.0,0.2193,0,-3228.56,32.87,20.68,0.1274,0.0695,0.6332,0,EARLY_CAREER_GIG
CUST_KIR_04242,kirana_msme,35804.42,0.3534,0.2149,0.2174,79.3,0.1365,0,5097.64,0.48,20.04,0.0108,0.0786,1.78,0,MSME_KIRANA_SEASONAL
CUST_GIG_04243,gig_worker,10000.0,0.6352,0.1415,0.0105,16.8,0.2289,1,-282.22,10.12,11.91,0.1485,0.0998,1.2409,0,EARLY_CAREER_GIG
CUST_KIR_04244,kirana_msme,38443.11,0.3731,0.235,0.1057,44.8,0.0523,0,-3712.41,8.27,22.46,0.02,0.2438,0.8263,0,MSME_KIRANA_SEASONAL
CUST_KIR_04245,kirana_msme,60432.91,0.2395,0.1059,0.1525,23.7,0.0953,0,3229.99,2.67,16.03,0.0212,0.1573,0.8527,0,MSME_KIRANA_SEASONAL
CUST_RUR_04246,rural_agri,21146.76,0.7132,0.0292,-0.0799,27.3,0.0664,0,-5822.86,22.9,2.24,0.0483,0.07,0.648,0,RURAL_AGRI_ALLIED
CUST_SAL_04247,salaried_tier1,88719.87,0.0907,0.2425,0.0057,104.0,0.3137,0,-22829.27,12.59,3.76,0.059,0.0621,2.2124,0,EARLY_CAREER_SALARIED
CUST_SAL_04248,salaried_tier1,61778.88,0.0264,0.2189,0.152,44.7,0.4851,0,2273.82,12.6,4.1,0.013,0.0465,2.4363,0,EARLY_CAREER_SALARIED
CUST_GIG_04249,gig_worker,32402.75,0.4309,0.1947,0.0708,4.9,0.1039,0,-8274.66,32.48,13.81,0.1447,0.0992,1.1686,0,EARLY_CAREER_GIG
CUST_RUR_04250,rural_agri,17917.78,0.6956,0.003,-0.0746,57.2,0.1137,1,-2588.63,-10.07,1.51,0.019,0.0519,0.7338,0,RURAL_AGRI_ALLIED
CUST_KIR_04251,kirana_msme,75814.94,0.438,0.1874,0.1951,73.6,0.1128,0,-8043.63,9.3,20.67,0.0191,0.0872,1.3909,0,MSME_KIRANA_SEASONAL
CUST_SAL_04252,salaried_tier1,25000.0,0.0618,0.4192,0.1372,62.4,0.4706,0,1862.06,16.11,11.96,0.0147,0.0526,2.0491,0,ESTABLISHED_FAMILY_HIGH_DEBT
CUST_KIR_04253,kirana_msme,55409.43,0.2566,0.2671,0.0999,35.2,0.1941,0,-6349.58,-7.13,12.03,0.0249,0.1205,1.2464,0,MSME_KIRANA_SEASONAL
CUST_KIR_04254,kirana_msme,57144.54,0.4373,0.2989,0.1683,74.2,0.1329,0,4172.68,12.83,21.71,0.0006,0.2386,1.6062,0,MSME_KIRANA_SEASONAL
CUST_SAL_04255,salaried_tier1,70721.69,0.0819,0.3895,0.1672,37.2,0.489,1,14669.16,11.03,3.2,0.0304,0.0885,2.7626,0,ESTABLISHED_FAMILY_HIGH_DEBT
CUST_GIG_04256,gig_worker,35959.19,0.2788,0.1325,-0.1476,5.0,0.2466,0,-10368.58,-1.18,17.64,0.0407,0.0715,0.6536,0,EARLY_CAREER_GIG
CUST_RUR_04257,rural_agri,15500.32,0.354,0.1319,0.0221,51.2,0.1291,2,-3414.46,36.8,2.1,0.0208,0.0581,0.8287,0,RURAL_AGRI_ALLIED
CUST_KIR_04258,kirana_msme,52754.15,0.4332,0.2601,0.0663,88.6,0.1555,0,-264.35,5.92,14.59,0.0188,0.1057,0.8231,0,MSME_KIRANA_SEASONAL
CUST_KIR_04259,kirana_msme,36293.15,0.3058,0.0769,0.1561,38.9,0.1956,0,1739.63,36.64,8.04,0.0096,0.0868,1.36,0,MSME_KIRANA_SEASONAL
CUST_KIR_04260,kirana_msme,54009.53,0.2194,0.1995,0.2937,79.4,0.118,0,18873.7,-3.52,16.4,0.0084,0.0716,0.9329,0,MSME_KIRANA_SEASONAL
CUST_SAL_04261,salaried_tier1,61774.48,0.0993,0.4734,0.1667,39.4,0.3576,0,1284.36,36.77,11.88,0.0539,0.1188,1.5059,0,ESTABLISHED_FAMILY_HIGH_DEBT
CUST_RUR_04262,rural_agri,17230.57,0.7249,0.1123,0.0413,24.8,0.0819,2,-1052.83,3.8,4.95,0.0487,0.0374,0.9904,0,RURAL_AGRI_ALLIED
CUST_KIR_04263,kirana_msme,51899.59,0.3243,0.1028,0.266,63.3,0.0551,0,4778.76,10.99,12.62,0.0295,0.156,1.6911,0,MSME_KIRANA_SEASONAL
CUST_KIR_04264,kirana_msme,50656.25,0.357,0.0623,0.1691,57.2,0.1875,0,4132.32,-3.18,8.72,0.0073,0.1597,1.3935,0,MSME_KIRANA_SEASONAL
CUST_GIG_04265,gig_worker,11069.97,0.5293,0.0011,0.0038,3.1,0.2106,0,-1647.67,8.31,17.56,0.1463,0.1324,1.4461,0,EARLY_CAREER_GIG
CUST_KIR_04266,kirana_msme,46736.67,0.2678,0.1422,0.146,63.1,0.0568,0,8398.87,32.93,20.73,0.0159,0.2352,1.3606,0,MSME_KIRANA_SEASONAL
CUST_GIG_04267,gig_worker,25576.7,0.6285,0.1506,-0.0151,35.7,0.1829,0,914.31,9.08,25.31,0.1012,0.1122,0.6424,0,EARLY_CAREER_GIG
CUST_SAL_04268,salaried_tier1,66410.41,0.0738,0.3586,0.1709,108.3,0.5368,0,15165.68,-13.52,5.04,0.064,0.0923,1.9313,0,ESTABLISHED_FAMILY_HIGH_DEBT
CUST_RUR_04269,rural_agri,17770.0,0.7387,0.0916,0.1087,54.5,0.0503,1,-1618.11,12.66,1.56,0.0494,0.0356,1.1354,0,RURAL_AGRI_ALLIED
CUST_RUR_04270,rural_agri,33148.67,0.5448,0.1609,-0.0894,24.3,0.1089,0,-7789.72,6.36,5.78,0.0019,0.0699,1.043,0,RURAL_AGRI_ALLIED
CUST_GIG_04271,gig_worker,35113.17,0.6172,0.0465,-0.0353,20.5,0.2661,0,-5302.2,1.38,15.02,0.1805,0.0708,1.1607,0,EARLY_CAREER_GIG
CUST_RUR_04272,rural_agri,25062.42,0.7073,0.1744,0.1911,30.1,0.1476,0,-389.92,11.16,0.71,0.0266,0.0439,1.0922,0,RURAL_AGRI_ALLIED
CUST_SAL_04273,salaried_tier1,88553.53,0.0909,0.1599,0.2984,70.3,0.4856,0,16090.73,17.85,9.22,0.0293,0.0759,1.6964,0,EARLY_CAREER_SALARIED
CUST_KIR_04274,kirana_msme,58586.04,0.2637,0.0726,0.2638,79.2,0.0509,0,20124.98,28.19,11.66,0.0124,0.1859,0.951,0,MSME_KIRANA_SEASONAL
CUST_GIG_04275,gig_worker,24522.63,0.4327,0.105,0.0554,42.7,0.2758,0,502.95,14.62,14.93,0.0915,0.0647,0.7899,0,EARLY_CAREER_GIG
CUST_GIG_04276,gig_worker,29624.98,0.5438,0.0882,0.0596,35.3,0.2034,0,-2831.47,11.27,8.03,0.1893,0.0621,0.6915,0,EARLY_CAREER_GIG
CUST_KIR_04277,kirana_msme,42420.37,0.3906,0.2316,0.1323,68.3,0.1739,0,2110.56,-6.0,6.58,0.0158,0.0966,1.669,0,MSME_KIRANA_SEASONAL
CUST_KIR_04278,kirana_msme,32323.82,0.3936,0.0831,0.2308,69.5,0.0714,0,2832.81,8.83,16.89,0.0281,0.0661,1.2969,0,MSME_KIRANA_SEASONAL
CUST_SAL_04279,salaried_tier1,75784.02,0.0762,0.3695,0.1512,48.4,0.4256,0,-3825.22,-28.01,10.57,0.0163,0.0728,2.098,0,ESTABLISHED_FAMILY_HIGH_DEBT
CUST_KIR_04280,kirana_msme,41794.39,0.2977,0.1714,0.179,34.9,0.0811,0,3518.74,33.45,11.12,0.0249,0.0708,0.8927,0,MSME_KIRANA_SEASONAL
CUST_SAL_04281,salaried_tier1,58605.27,0.0647,0.2809,-0.006,39.4,0.1938,3,-11952.22,29.87,7.31,0.04,0.077,1.8063,1,EARLY_CAREER_SALARIED
CUST_GIG_04282,gig_worker,20102.75,0.3234,0.1969,0.1098,18.3,0.2769,1,1816.47,23.68,25.47,0.1448,0.1292,0.9937,0,EARLY_CAREER_GIG
CUST_SAL_04283,salaried_tier1,98045.4,0.0548,0.3121,0.2687,28.1,0.5213,0,7439.89,22.71,6.05,0.0552,0.091,2.3269,0,EARLY_CAREER_SALARIED
CUST_SAL_04284,salaried_tier1,83376.47,0.0913,0.4828,0.2371,93.6,0.473,0,18842.24,10.14,9.82,0.0764,0.0433,1.9585,0,ESTABLISHED_FAMILY_HIGH_DEBT
CUST_GIG_04285,gig_worker,21859.28,0.3793,0.0295,-0.0863,8.7,0.1697,0,-11083.28,-3.22,25.02,0.1413,0.1095,0.9631,1,EARLY_CAREER_GIG
CUST_GIG_04286,gig_worker,13152.19,0.2923,0.0347,0.1369,28.2,0.1843,1,-1177.97,30.11,10.21,0.156,0.1419,1.3324,0,EARLY_CAREER_GIG
CUST_RUR_04287,rural_agri,21692.73,0.7976,0.0707,0.1536,38.7,0.0739,3,3230.25,6.39,0.82,0.0463,0.0242,1.1974,0,RURAL_AGRI_ALLIED
CUST_GIG_04288,gig_worker,24138.89,0.2981,0.1503,-0.0273,5.2,0.2625,0,-4543.43,14.96,21.49,0.1038,0.1138,1.2956,0,EARLY_CAREER_GIG
CUST_KIR_04289,kirana_msme,48838.64,0.4327,0.1894,0.1751,33.8,0.1668,0,8900.83,-9.88,6.74,0.0038,0.0729,1.2608,0,MSME_KIRANA_SEASONAL
CUST_RUR_04290,rural_agri,21211.59,0.5982,0.2227,0.0219,8.4,0.0864,1,978.93,9.03,1.37,0.0392,0.0612,0.8846,0,RURAL_AGRI_ALLIED
CUST_KIR_04291,kirana_msme,41706.13,0.4035,0.2497,0.0877,52.4,0.0957,0,-9348.08,3.57,14.99,0.0042,0.0743,1.3406,0,MSME_KIRANA_SEASONAL
CUST_SAL_04292,salaried_tier1,72771.99,0.0471,0.2336,0.3494,50.8,0.4064,1,8105.84,28.92,6.1,0.0783,0.0925,2.6991,0,EARLY_CAREER_SALARIED
CUST_GIG_04293,gig_worker,15365.46,0.4845,0.0654,0.0806,13.5,0.2553,0,-3770.05,-4.83,23.06,0.0747,0.1254,0.7957,0,EARLY_CAREER_GIG
CUST_RUR_04294,rural_agri,23424.66,0.4915,0.0411,-0.0774,16.9,0.1476,0,-2861.51,30.36,4.82,0.0308,0.0474,0.5603,0,RURAL_AGRI_ALLIED
CUST_KIR_04295,kirana_msme,35113.31,0.2203,0.2603,0.0912,57.4,0.1539,0,6978.69,25.45,18.25,0.0263,0.1231,1.4188,0,MSME_KIRANA_SEASONAL
CUST_SAL_04296,salaried_tier1,86771.76,0.0724,0.3198,0.2882,66.4,0.3621,0,18324.83,-5.18,9.23,0.0169,0.1069,1.9196,0,EARLY_CAREER_SALARIED
CUST_SAL_04297,salaried_tier1,55909.17,0.0844,0.1626,0.1372,41.7,0.5,0,-6921.22,6.94,5.58,0.0331,0.0526,2.4073,0,EARLY_CAREER_SALARIED
CUST_SAL_04298,salaried_tier1,80752.63,0.0412,0.3697,0.1666,62.3,0.3495,1,-6011.15,11.28,10.3,0.0424,0.0534,1.6152,0,ESTABLISHED_FAMILY_HIGH_DEBT
CUST_KIR_04299,kirana_msme,68418.75,0.2445,0.1482,0.2784,87.3,0.161,0,17372.79,15.7,16.74,0.0179,0.2428,1.4944,0,MSME_KIRANA_SEASONAL
CUST_GIG_04300,gig_worker,28155.68,0.5354,0.008,0.0117,40.5,0.0914,2,-2379.96,-6.85,8.89,0.0935,0.0336,1.1521,0,EARLY_CAREER_GIG
CUST_SAL_04301,salaried_tier1,72704.1,0.0328,0.4226,0.3496,97.7,0.3286,0,24342.75,8.28,2.89,0.0748,0.1084,2.4676,0,ESTABLISHED_FAMILY_HIGH_DEBT
CUST_RUR_04302,rural_agri,23175.43,0.5159,0.1448,-0.049,16.8,0.1482,0,-4802.9,13.82,5.06,0.0491,0.0788,1.071,0,RURAL_AGRI_ALLIED
CUST_GIG_04303,gig_worker,32671.89,0.5787,0.1828,0.0072,20.6,0.2403,0,-9353.35,-0.55,24.08,0.173,0.0605,1.2046,0,EARLY_CAREER_GIG
CUST_GIG_04304,gig_worker,20552.81,0.5987,0.0814,-0.0998,36.4,0.1241,0,-3467.71,11.22,15.2,0.0604,0.0787,1.1102,0,EARLY_CAREER_GIG
CUST_RUR_04305,rural_agri,18514.89,0.5802,0.2363,-0.0765,56.2,0.055,2,-6139.3,8.46,5.94,0.0404,0.0144,0.5633,0,RURAL_AGRI_ALLIED
CUST_SAL_04306,salaried_tier1,118039.26,0.0571,0.4437,0.0894,33.5,0.1635,0,4622.96,-17.21,8.59,0.0665,0.044,2.0549,0,ESTABLISHED_FAMILY_HIGH_DEBT
CUST_KIR_04307,kirana_msme,47125.81,0.3534,0.1828,0.1205,34.0,0.1485,0,3414.71,-17.15,16.44,0.0159,0.1783,1.0129,0,MSME_KIRANA_SEASONAL
CUST_GIG_04308,gig_worker,14724.81,0.5112,0.06,-0.1253,8.3,0.2635,0,-1675.35,-2.76,13.75,0.0398,0.1019,0.8975,0,EARLY_CAREER_GIG
CUST_RUR_04309,rural_agri,16691.7,0.5852,0.1649,-0.0106,37.0,0.0361,0,-75.96,-15.65,2.46,0.0117,0.0672,0.765,0,RURAL_AGRI_ALLIED
CUST_GIG_04310,gig_worker,25171.0,0.3821,0.0553,-0.0386,26.3,0.1156,3,-5524.5,-5.58,8.94,0.0822,0.036,1.2594,0,EARLY_CAREER_GIG
CUST_SAL_04311,salaried_tier1,89635.44,0.0236,0.3853,0.3344,81.0,0.5342,0,31548.6,5.43,6.95,0.0747,0.058,2.0977,0,ESTABLISHED_FAMILY_HIGH_DEBT
CUST_RUR_04312,rural_agri,17100.68,0.3864,0.0098,0.1077,33.4,0.1186,2,-264.47,22.16,1.14,0.0093,0.0484,1.152,0,RURAL_AGRI_ALLIED
CUST_SAL_04313,salaried_tier1,76050.36,0.023,0.4981,0.0786,111.8,0.239,0,-2028.36,2.93,5.81,0.0142,0.0906,2.0531,0,ESTABLISHED_FAMILY_HIGH_DEBT
CUST_RUR_04314,rural_agri,21113.55,0.4155,0.1486,0.184,55.7,0.0541,0,-853.15,13.03,5.06,0.0125,0.0299,0.5299,0,RURAL_AGRI_ALLIED
CUST_RUR_04315,rural_agri,21972.86,0.5644,0.1804,-0.0893,8.4,0.1125,0,-1151.82,-18.23,4.8,0.0289,0.0664,0.8422,0,RURAL_AGRI_ALLIED
CUST_SAL_04316,salaried_tier1,56886.36,0.0229,0.1713,0.0584,44.2,0.3027,0,-4849.13,-0.62,3.98,0.0631,0.0339,2.4871,0,EARLY_CAREER_SALARIED
CUST_GIG_04317,gig_worker,15215.34,0.2515,0.0503,-0.0632,22.0,0.1106,0,-5876.7,4.32,15.43,0.0695,0.0957,1.2016,0,EARLY_CAREER_GIG
CUST_SAL_04318,salaried_tier1,25000.0,0.0476,0.4893,0.3236,101.9,0.1895,0,6632.87,2.07,11.74,0.027,0.1098,2.4247,0,ESTABLISHED_FAMILY_HIGH_DEBT
CUST_KIR_04319,kirana_msme,75620.02,0.3462,0.2766,0.2597,23.9,0.123,0,9718.3,-12.73,13.55,0.0205,0.1069,1.7971,0,MSME_KIRANA_SEASONAL
CUST_KIR_04320,kirana_msme,59947.38,0.1558,0.1761,0.2956,31.1,0.0775,0,13742.43,3.55,16.26,0.0153,0.0674,1.671,0,MSME_KIRANA_SEASONAL
CUST_GIG_04321,gig_worker,18976.77,0.4157,0.0917,0.0566,39.5,0.0926,0,-4259.6,-2.3,8.22,0.1688,0.0425,0.9726,0,EARLY_CAREER_GIG
CUST_RUR_04322,rural_agri,28166.43,0.3271,0.2151,-0.002,38.4,0.0314,0,-7101.44,11.52,1.41,0.0224,0.0475,0.5014,0,RURAL_AGRI_ALLIED
CUST_GIG_04323,gig_worker,21747.33,0.3834,0.1103,0.1467,20.6,0.1737,0,662.09,14.27,11.64,0.1566,0.1393,1.2892,0,EARLY_CAREER_GIG
CUST_KIR_04324,kirana_msme,30127.38,0.1934,0.2447,0.1693,63.8,0.1061,0,10122.39,3.42,11.85,0.026,0.2431,1.6065,0,MSME_KIRANA_SEASONAL
CUST_RUR_04325,rural_agri,19445.1,0.4207,0.0233,-0.0164,12.6,0.0331,4,456.74,28.8,4.56,0.0097,0.0119,1.0821,1,RURAL_AGRI_ALLIED
CUST_RUR_04326,rural_agri,17153.62,0.3777,0.0619,-0.0584,48.9,0.1384,0,-1900.05,17.91,0.8,0.0339,0.0469,1.1138,0,RURAL_AGRI_ALLIED
CUST_SAL_04327,salaried_tier1,59205.25,0.0768,0.2853,0.2921,105.9,0.231,0,1622.5,-0.55,6.1,0.0451,0.0274,2.0616,0,EARLY_CAREER_SALARIED
CUST_RUR_04328,rural_agri,12449.19,0.7763,0.0913,0.1464,23.5,0.0358,2,2409.51,1.68,2.36,0.0358,0.0325,0.7451,0,RURAL_AGRI_ALLIED
CUST_SAL_04329,salaried_tier1,63679.08,0.0644,0.2029,-0.0303,54.8,0.4132,0,-6984.76,18.06,6.91,0.0689,0.1019,2.0795,0,EARLY_CAREER_SALARIED
CUST_RUR_04330,rural_agri,19968.93,0.721,0.0638,-0.0384,30.7,0.1455,1,-3930.84,5.01,0.61,0.0278,0.0344,0.7971,0,RURAL_AGRI_ALLIED
CUST_SAL_04331,salaried_tier1,61456.31,0.078,0.443,0.1975,103.3,0.2313,0,5239.7,1.44,2.6,0.0718,0.0691,2.0963,0,ESTABLISHED_FAMILY_HIGH_DEBT
CUST_SAL_04332,salaried_tier1,41761.72,0.0558,0.3428,0.1233,72.5,0.4634,0,-3915.36,21.89,4.29,0.0276,0.0799,2.555,0,EARLY_CAREER_SALARIED
CUST_KIR_04333,kirana_msme,42278.75,0.3319,0.0788,0.0695,68.7,0.155,0,-1150.53,49.99,12.58,0.0004,0.1229,0.8034,0,MSME_KIRANA_SEASONAL
CUST_GIG_04334,gig_worker,32996.78,0.4162,0.1034,0.09,10.3,0.1506,0,-3703.94,19.41,16.51,0.0424,0.1487,1.2909,0,EARLY_CAREER_GIG
CUST_KIR_04335,kirana_msme,80283.05,0.4482,0.1988,0.1047,87.5,0.1307,0,-16430.41,-25.86,6.41,0.0158,0.2151,1.3734,0,MSME_KIRANA_SEASONAL
CUST_SAL_04336,salaried_tier1,67670.16,0.0986,0.2212,0.0693,60.0,0.1904,0,-19776.68,7.35,4.28,0.058,0.0548,2.2081,0,EARLY_CAREER_SALARIED
CUST_GIG_04337,gig_worker,32405.52,0.3941,0.0039,-0.136,36.4,0.1703,3,-6635.5,26.34,8.32,0.1779,0.0555,1.3473,0,EARLY_CAREER_GIG
CUST_RUR_04338,rural_agri,32077.97,0.4322,0.1316,0.0137,39.7,0.0809,3,-6647.37,22.07,5.52,0.0084,0.042,1.1886,0,RURAL_AGRI_ALLIED
CUST_KIR_04339,kirana_msme,55765.09,0.3328,0.0779,0.1895,37.3,0.081,0,-8836.71,-10.74,6.39,0.0194,0.2382,0.8994,0,MSME_KIRANA_SEASONAL
CUST_SAL_04340,salaried_tier1,79120.23,0.0893,0.231,0.1374,67.4,0.5225,0,-16166.98,15.31,2.88,0.0329,0.0811,2.5151,0,EARLY_CAREER_SALARIED
CUST_KIR_04341,kirana_msme,20645.21,0.3117,0.2279,0.2461,86.1,0.0786,0,4744.56,-3.12,11.36,0.0043,0.2046,1.0003,0,MSME_KIRANA_SEASONAL
CUST_SAL_04342,salaried_tier1,104734.04,0.0605,0.2425,0.3125,77.3,0.5225,0,21150.79,15.19,5.62,0.0791,0.1052,2.6396,0,EARLY_CAREER_SALARIED
CUST_RUR_04343,rural_agri,24742.14,0.3031,0.0056,0.1084,20.3,0.037,0,2970.53,8.77,3.09,0.0308,0.066,1.0865,0,RURAL_AGRI_ALLIED
CUST_RUR_04344,rural_agri,37889.25,0.6802,0.0287,0.1202,21.4,0.0766,0,-2348.89,19.57,2.49,0.0047,0.0691,0.6075,0,RURAL_AGRI_ALLIED
CUST_GIG_04345,gig_worker,15776.11,0.5355,0.1248,-0.0846,28.7,0.0811,0,-4193.21,35.72,16.2,0.0646,0.0907,1.255,0,EARLY_CAREER_GIG
CUST_KIR_04346,kirana_msme,43927.02,0.3631,0.1362,0.2775,72.9,0.1139,0,4188.9,11.54,21.03,0.0058,0.1039,0.8434,0,MSME_KIRANA_SEASONAL
CUST_GIG_04347,gig_worker,28194.75,0.5808,0.0373,0.1437,12.8,0.113,0,3671.18,27.76,10.49,0.1556,0.0746,1.0774,0,EARLY_CAREER_GIG
CUST_GIG_04348,gig_worker,24826.33,0.4619,0.1072,-0.1025,9.2,0.1171,0,-4970.84,25.37,15.72,0.0517,0.0757,0.9737,0,EARLY_CAREER_GIG
CUST_RUR_04349,rural_agri,9651.75,0.4363,0.0329,-0.01,7.4,0.0544,0,-3186.31,-5.47,4.16,0.014,0.0531,0.602,1,RURAL_AGRI_ALLIED
CUST_GIG_04350,gig_worker,39339.48,0.355,0.0042,0.0435,28.6,0.1848,2,-8647.61,10.76,14.07,0.1513,0.1455,1.0578,1,EARLY_CAREER_GIG
CUST_GIG_04351,gig_worker,26577.17,0.4059,0.0955,-0.0714,33.9,0.266,0,-7145.96,15.74,14.79,0.0776,0.0938,0.7735,0,EARLY_CAREER_GIG
CUST_GIG_04352,gig_worker,18877.09,0.3955,0.0295,-0.1225,13.2,0.1667,0,-5318.51,33.77,12.46,0.1692,0.034,1.251,0,EARLY_CAREER_GIG
CUST_KIR_04353,kirana_msme,60181.95,0.4101,0.0723,0.1781,21.3,0.0919,0,-3603.36,-5.95,9.97,0.0085,0.0911,1.4243,0,MSME_KIRANA_SEASONAL
CUST_RUR_04354,rural_agri,20011.68,0.5451,0.1501,0.1454,31.2,0.0662,4,1059.83,19.44,1.71,0.0352,0.0553,1.1343,0,RURAL_AGRI_ALLIED
CUST_KIR_04355,kirana_msme,48161.42,0.4038,0.1162,0.2198,69.1,0.1805,1,17549.32,-9.09,14.69,0.018,0.1817,1.3576,0,MSME_KIRANA_SEASONAL
CUST_GIG_04356,gig_worker,10000.0,0.2655,0.1219,0.1124,41.7,0.1938,1,-154.21,10.58,12.58,0.0407,0.1197,1.2412,0,EARLY_CAREER_GIG
CUST_SAL_04357,salaried_tier1,97435.02,0.0716,0.4889,0.2509,120.0,0.4955,0,15886.69,11.51,5.4,0.0525,0.1141,2.7498,0,ESTABLISHED_FAMILY_HIGH_DEBT
CUST_GIG_04358,gig_worker,18714.25,0.4128,0.1521,-0.1146,40.3,0.1263,0,-2275.09,-3.17,11.7,0.1295,0.1062,0.6946,0,EARLY_CAREER_GIG
CUST_GIG_04359,gig_worker,32069.47,0.3306,0.1383,-0.0342,42.6,0.0982,0,-3627.86,2.05,23.65,0.1869,0.1287,0.7119,0,EARLY_CAREER_GIG
CUST_SAL_04360,salaried_tier1,55127.06,0.0722,0.2214,0.3071,83.9,0.3385,0,26424.83,5.22,5.08,0.0196,0.0386,2.5691,0,EARLY_CAREER_SALARIED
CUST_SAL_04361,salaried_tier1,78341.3,0.0801,0.3832,0.2956,108.7,0.435,0,17127.03,14.65,5.36,0.0798,0.0664,1.8793,0,ESTABLISHED_FAMILY_HIGH_DEBT
CUST_GIG_04362,gig_worker,24907.66,0.3495,0.0173,-0.1007,27.4,0.2001,3,36.5,-0.46,19.52,0.173,0.1275,1.4615,1,EARLY_CAREER_GIG
CUST_GIG_04363,gig_worker,12033.84,0.6248,0.1669,-0.0969,13.6,0.2079,0,-3359.06,14.76,23.82,0.0303,0.0712,0.7925,0,EARLY_CAREER_GIG
CUST_KIR_04364,kirana_msme,40635.02,0.4288,0.2611,0.0619,55.9,0.158,0,-6228.12,12.35,12.39,0.0082,0.1285,1.5225,0,MSME_KIRANA_SEASONAL
CUST_SAL_04365,salaried_tier1,33221.99,0.0519,0.3234,0.2433,78.6,0.4767,0,5775.11,9.82,9.93,0.0144,0.0576,2.4667,0,EARLY_CAREER_SALARIED
CUST_GIG_04366,gig_worker,13545.3,0.2886,0.0459,-0.0766,18.6,0.1189,0,-2919.11,-20.11,12.99,0.1255,0.0539,1.3596,0,EARLY_CAREER_GIG
CUST_SAL_04367,salaried_tier1,25000.0,0.0359,0.3481,0.2041,47.0,0.3422,0,-67.38,-4.94,9.87,0.0142,0.0718,2.186,0,EARLY_CAREER_SALARIED
CUST_KIR_04368,kirana_msme,18000.0,0.2313,0.1818,0.2223,75.0,0.1451,0,4388.11,-2.75,15.35,0.0292,0.1553,1.5773,0,MSME_KIRANA_SEASONAL
CUST_SAL_04369,salaried_tier1,27815.14,0.0327,0.3226,0.3088,41.8,0.2947,0,5526.3,15.5,10.25,0.0604,0.075,1.607,0,EARLY_CAREER_SALARIED
CUST_SAL_04370,salaried_tier1,70230.75,0.0622,0.5303,0.2814,83.9,0.1652,0,14298.96,17.08,5.47,0.0373,0.1139,1.9007,0,ESTABLISHED_FAMILY_HIGH_DEBT
CUST_SAL_04371,salaried_tier1,27291.21,0.0296,0.3314,0.0321,56.1,0.2126,0,-4593.31,10.72,2.06,0.0709,0.0841,1.5559,0,EARLY_CAREER_SALARIED
CUST_KIR_04372,kirana_msme,59082.96,0.4306,0.1111,0.2463,89.4,0.0544,0,15034.35,12.56,21.44,0.0004,0.1697,1.236,0,MSME_KIRANA_SEASONAL
CUST_SAL_04373,salaried_tier1,91415.21,0.0938,0.443,0.1092,76.3,0.1894,0,-2487.62,-2.46,2.29,0.0134,0.0708,2.5179,0,ESTABLISHED_FAMILY_HIGH_DEBT
CUST_KIR_04374,kirana_msme,53086.82,0.2351,0.1709,0.1427,25.7,0.1801,0,-13346.94,4.89,16.4,0.006,0.056,1.4094,0,MSME_KIRANA_SEASONAL
CUST_KIR_04375,kirana_msme,66959.2,0.1599,0.2413,0.1522,58.6,0.1629,0,-329.65,-17.28,19.57,0.0236,0.1424,0.8618,0,MSME_KIRANA_SEASONAL
CUST_KIR_04376,kirana_msme,57634.76,0.3468,0.2428,0.2594,35.8,0.1103,0,11383.49,5.82,5.98,0.0177,0.0677,1.3589,0,MSME_KIRANA_SEASONAL
CUST_KIR_04377,kirana_msme,36904.81,0.1973,0.2348,0.2246,59.9,0.1917,1,8765.44,-10.86,10.86,0.0068,0.2171,1.6615,0,MSME_KIRANA_SEASONAL
CUST_RUR_04378,rural_agri,26620.37,0.3816,0.236,0.09,48.5,0.0745,1,-1155.34,-0.7,2.89,0.0244,0.0507,1.025,0,RURAL_AGRI_ALLIED
CUST_SAL_04379,salaried_tier1,75573.73,0.0587,0.2891,0.1098,71.1,0.315,0,5573.21,-11.81,9.08,0.0527,0.1192,1.7641,0,EARLY_CAREER_SALARIED
CUST_KIR_04380,kirana_msme,26391.42,0.2949,0.2028,0.1645,42.4,0.1673,0,3132.71,13.6,21.27,0.0117,0.1475,1.078,0,MSME_KIRANA_SEASONAL
CUST_SAL_04381,salaried_tier1,72401.3,0.0992,0.4514,0.308,63.7,0.2068,0,7491.14,-20.97,7.02,0.0555,0.0624,1.5637,0,ESTABLISHED_FAMILY_HIGH_DEBT
CUST_SAL_04382,salaried_tier1,65016.8,0.0638,0.5431,0.0889,86.2,0.479,0,-7164.25,22.01,5.39,0.0779,0.0202,2.7089,1,ESTABLISHED_FAMILY_HIGH_DEBT
CUST_GIG_04383,gig_worker,18416.51,0.2597,0.0149,0.0129,38.2,0.0939,0,-2379.57,-12.98,13.65,0.1866,0.0632,0.6046,0,EARLY_CAREER_GIG
CUST_GIG_04384,gig_worker,22410.98,0.3342,0.0261,0.0875,23.0,0.1987,0,-536.07,-0.69,9.88,0.0429,0.0522,0.7897,0,EARLY_CAREER_GIG
CUST_RUR_04385,rural_agri,25651.45,0.5557,0.1665,-0.0417,33.8,0.1221,0,-9471.78,2.85,3.68,0.0337,0.0421,1.1803,0,RURAL_AGRI_ALLIED
CUST_GIG_04386,gig_worker,21865.47,0.5963,0.1279,0.0897,4.6,0.141,2,687.03,-11.57,22.25,0.1987,0.0513,0.8865,0,EARLY_CAREER_GIG
CUST_RUR_04387,rural_agri,21753.81,0.3957,0.1207,0.1934,23.3,0.1348,0,-637.14,38.92,2.35,0.0064,0.0575,0.684,0,RURAL_AGRI_ALLIED
CUST_SAL_04388,salaried_tier1,90541.8,0.0332,0.411,-0.0175,57.0,0.3939,1,-24926.67,30.21,7.27,0.0718,0.0706,2.5561,1,ESTABLISHED_FAMILY_HIGH_DEBT
CUST_SAL_04389,salaried_tier1,73709.77,0.0955,0.243,0.3197,38.3,0.3606,0,24638.92,13.0,4.78,0.079,0.0281,2.5421,0,EARLY_CAREER_SALARIED
CUST_SAL_04390,salaried_tier1,83372.31,0.0925,0.4113,0.2014,52.8,0.2096,0,10521.73,9.06,7.45,0.0136,0.0345,2.5632,0,ESTABLISHED_FAMILY_HIGH_DEBT
CUST_SAL_04391,salaried_tier1,39961.17,0.0635,0.2604,0.2719,49.5,0.4077,0,18688.96,0.61,4.57,0.0776,0.0391,1.5938,0,EARLY_CAREER_SALARIED
CUST_KIR_04392,kirana_msme,39469.48,0.2752,0.1275,0.2972,90.0,0.1224,0,11187.46,-6.52,12.49,0.0204,0.1073,1.0201,0,MSME_KIRANA_SEASONAL
CUST_GIG_04393,gig_worker,15646.14,0.2774,0.0921,-0.0489,24.2,0.2925,0,-2565.39,-13.83,9.95,0.1806,0.1267,1.1424,0,EARLY_CAREER_GIG
CUST_SAL_04394,salaried_tier1,30109.86,0.0996,0.3463,0.1189,32.8,0.2456,0,-1705.41,6.83,5.58,0.0308,0.0401,2.1954,0,EARLY_CAREER_SALARIED
CUST_RUR_04395,rural_agri,26150.78,0.4281,0.1275,-0.0393,47.4,0.0897,1,-4400.58,36.58,4.57,0.0483,0.0384,1.1016,0,RURAL_AGRI_ALLIED
CUST_RUR_04396,rural_agri,8000.0,0.4703,0.208,0.06,38.4,0.0545,0,-1570.4,8.89,3.06,0.0022,0.0722,0.7379,0,RURAL_AGRI_ALLIED
CUST_SAL_04397,salaried_tier1,46718.75,0.0787,0.2645,0.1936,110.2,0.3142,0,-4327.19,15.13,5.41,0.0632,0.0955,2.7072,0,EARLY_CAREER_SALARIED
CUST_SAL_04398,salaried_tier1,84745.71,0.0421,0.326,0.2339,85.9,0.3105,0,-394.09,4.65,4.7,0.0279,0.0527,2.1294,0,EARLY_CAREER_SALARIED
CUST_SAL_04399,salaried_tier1,85492.55,0.0765,0.3479,0.1185,101.0,0.2192,0,-999.65,19.28,2.07,0.0752,0.0714,1.5273,0,EARLY_CAREER_SALARIED
CUST_SAL_04400,salaried_tier1,90038.65,0.0756,0.3382,0.0145,55.9,0.4649,0,-6091.0,35.94,4.47,0.0424,0.0285,2.4261,0,EARLY_CAREER_SALARIED
CUST_SAL_04401,salaried_tier1,25000.0,0.0496,0.2602,0.2568,97.2,0.3432,0,8023.51,-4.27,7.58,0.0567,0.0506,2.3286,0,EARLY_CAREER_SALARIED
CUST_KIR_04402,kirana_msme,29394.85,0.4066,0.2111,0.1088,79.6,0.1557,0,-552.11,12.53,11.74,0.003,0.1967,1.7898,0,MSME_KIRANA_SEASONAL
CUST_SAL_04403,salaried_tier1,38224.78,0.052,0.256,0.1297,26.9,0.2714,0,3366.53,-0.59,4.97,0.0513,0.0656,2.1394,0,EARLY_CAREER_SALARIED
CUST_KIR_04404,kirana_msme,55425.7,0.1599,0.2973,0.2106,34.5,0.1761,0,14927.35,7.3,22.71,0.0009,0.239,1.3737,0,MSME_KIRANA_SEASONAL
CUST_RUR_04405,rural_agri,16744.75,0.7646,0.0338,0.1561,23.2,0.1189,0,723.21,-4.01,4.9,0.0283,0.0315,0.9084,0,RURAL_AGRI_ALLIED
CUST_GIG_04406,gig_worker,25714.7,0.4535,0.0499,-0.0199,29.0,0.0958,0,328.5,8.34,20.93,0.1331,0.0659,0.8156,0,EARLY_CAREER_GIG
CUST_RUR_04407,rural_agri,18520.69,0.6073,0.2199,-0.0265,15.2,0.0508,0,-5191.57,-10.72,4.2,0.0105,0.0192,0.9544,0,RURAL_AGRI_ALLIED
CUST_SAL_04408,salaried_tier1,78763.41,0.0458,0.3122,0.2194,34.5,0.5061,0,20572.22,23.95,7.07,0.0417,0.067,2.4882,0,EARLY_CAREER_SALARIED
CUST_KIR_04409,kirana_msme,47063.86,0.1863,0.2403,0.1,20.9,0.0913,0,758.46,12.96,19.85,0.0025,0.1152,1.6098,0,MSME_KIRANA_SEASONAL
CUST_GIG_04410,gig_worker,37622.74,0.6143,0.0842,0.0468,41.6,0.1992,0,39.97,9.12,23.09,0.1524,0.1198,0.9626,0,EARLY_CAREER_GIG
CUST_SAL_04411,salaried_tier1,80316.6,0.0659,0.4077,0.3371,106.4,0.4609,0,23049.87,9.59,7.48,0.0139,0.0616,1.9661,0,ESTABLISHED_FAMILY_HIGH_DEBT
CUST_SAL_04412,salaried_tier1,81004.6,0.0669,0.3853,0.1752,37.9,0.2473,2,1994.04,-8.63,2.9,0.0256,0.0827,2.4405,0,ESTABLISHED_FAMILY_HIGH_DEBT
CUST_GIG_04413,gig_worker,18864.37,0.4953,0.1812,-0.0417,8.1,0.1073,3,-3854.58,16.1,17.33,0.1814,0.0909,1.0759,1,EARLY_CAREER_GIG
CUST_GIG_04414,gig_worker,10000.0,0.4827,0.1954,0.1391,35.6,0.1898,2,-278.03,17.8,20.8,0.0605,0.1094,0.9774,0,EARLY_CAREER_GIG
CUST_KIR_04415,kirana_msme,18651.33,0.374,0.1563,0.2285,79.9,0.0705,0,-929.82,-8.06,21.24,0.0292,0.2221,1.7449,0,MSME_KIRANA_SEASONAL
CUST_KIR_04416,kirana_msme,35364.6,0.1727,0.2767,0.1756,27.1,0.1644,0,-112.29,11.8,8.8,0.0197,0.2088,0.871,0,MSME_KIRANA_SEASONAL
CUST_KIR_04417,kirana_msme,79362.38,0.1639,0.0845,0.2831,35.6,0.164,0,11847.35,3.75,9.08,0.0073,0.1632,1.1216,0,MSME_KIRANA_SEASONAL
CUST_SAL_04418,salaried_tier1,68222.96,0.0996,0.4163,0.0329,67.4,0.4754,0,6680.61,2.59,2.33,0.076,0.0863,2.4482,1,ESTABLISHED_FAMILY_HIGH_DEBT
CUST_KIR_04419,kirana_msme,46881.32,0.2546,0.2576,0.0992,22.5,0.0543,0,344.16,36.84,6.01,0.0293,0.0984,0.9542,0,MSME_KIRANA_SEASONAL
CUST_SAL_04420,salaried_tier1,59538.25,0.0718,0.4059,0.2868,60.9,0.5059,0,4282.65,16.27,3.17,0.0502,0.0795,2.2307,0,ESTABLISHED_FAMILY_HIGH_DEBT
CUST_SAL_04421,salaried_tier1,121526.19,0.0818,0.2906,0.004,106.8,0.536,0,-208.98,9.32,5.23,0.0147,0.0772,2.7874,0,EARLY_CAREER_SALARIED
CUST_RUR_04422,rural_agri,24171.29,0.4265,0.1175,0.1883,30.3,0.0463,3,3527.05,15.65,2.39,0.0049,0.0421,0.8466,0,RURAL_AGRI_ALLIED
CUST_GIG_04423,gig_worker,36606.04,0.3903,0.1471,-0.1243,11.4,0.2731,0,-8333.86,16.75,9.78,0.0968,0.038,0.7853,0,EARLY_CAREER_GIG
CUST_GIG_04424,gig_worker,16102.71,0.2768,0.0217,0.1224,16.0,0.1663,0,-777.81,-9.92,23.97,0.1938,0.0553,1.2704,0,EARLY_CAREER_GIG
CUST_KIR_04425,kirana_msme,65266.4,0.2218,0.2457,0.101,69.7,0.1699,0,-1818.43,8.29,11.57,0.0232,0.1142,1.3103,0,MSME_KIRANA_SEASONAL
CUST_KIR_04426,kirana_msme,67782.8,0.4255,0.0839,0.1893,59.1,0.1793,0,-9427.91,-13.99,15.39,0.005,0.1441,1.2012,0,MSME_KIRANA_SEASONAL
CUST_SAL_04427,salaried_tier1,62460.71,0.0445,0.2021,-0.0141,115.8,0.5481,1,1986.07,12.43,10.08,0.0684,0.05,2.0962,0,EARLY_CAREER_SALARIED
CUST_SAL_04428,salaried_tier1,88329.14,0.073,0.3311,0.1461,62.9,0.3584,0,-9149.93,-0.75,8.61,0.0782,0.0446,2.5332,0,EARLY_CAREER_SALARIED
CUST_SAL_04429,salaried_tier1,36072.07,0.0568,0.407,-0.0275,94.6,0.5259,0,-4392.87,18.45,6.18,0.0565,0.0943,2.5091,1,ESTABLISHED_FAMILY_HIGH_DEBT
CUST_GIG_04430,gig_worker,14390.75,0.3055,0.1624,0.0258,43.0,0.2225,0,-2237.96,-6.87,13.62,0.0794,0.0334,1.3528,0,EARLY_CAREER_GIG
CUST_GIG_04431,gig_worker,16032.47,0.4807,0.0433,0.041,8.6,0.2848,0,-3700.18,-7.68,18.94,0.1507,0.0658,1.4174,0,EARLY_CAREER_GIG
CUST_KIR_04432,kirana_msme,47853.83,0.3164,0.2433,0.2888,41.5,0.1583,0,4007.65,-12.32,8.29,0.015,0.0654,1.5838,0,MSME_KIRANA_SEASONAL
CUST_KIR_04433,kirana_msme,45972.26,0.3088,0.2931,0.1746,67.4,0.057,0,6457.51,4.32,20.6,0.0263,0.1131,0.9043,0,MSME_KIRANA_SEASONAL
CUST_RUR_04434,rural_agri,8000.0,0.5383,0.2271,0.1842,29.5,0.0917,0,2135.41,20.16,3.32,0.0101,0.0504,0.7279,0,RURAL_AGRI_ALLIED
CUST_SAL_04435,salaried_tier1,101232.16,0.0456,0.3377,0.0581,78.4,0.3263,0,-8162.37,12.55,4.79,0.0738,0.0722,1.9006,0,EARLY_CAREER_SALARIED
CUST_SAL_04436,salaried_tier1,93232.04,0.0334,0.2592,0.0277,83.6,0.2063,0,-5315.82,1.09,4.55,0.0297,0.0946,1.8256,0,EARLY_CAREER_SALARIED
CUST_KIR_04437,kirana_msme,60887.29,0.255,0.2657,0.0826,64.7,0.091,0,10181.15,16.69,24.59,0.0146,0.2452,1.1875,0,MSME_KIRANA_SEASONAL
CUST_GIG_04438,gig_worker,28673.54,0.5274,0.1365,0.0482,44.4,0.1302,0,140.22,-6.94,11.45,0.1455,0.0684,1.2102,0,EARLY_CAREER_GIG
CUST_RUR_04439,rural_agri,20522.88,0.7377,0.1705,0.1976,33.9,0.0365,0,3821.38,32.12,2.41,0.0056,0.0267,0.9119,0,RURAL_AGRI_ALLIED
CUST_SAL_04440,salaried_tier1,70096.37,0.0291,0.4251,0.156,63.2,0.4124,0,-14914.61,-3.04,3.63,0.0467,0.0572,1.9411,0,ESTABLISHED_FAMILY_HIGH_DEBT
CUST_RUR_04441,rural_agri,18334.82,0.4205,0.2044,0.0422,39.3,0.055,0,-4684.97,6.7,2.21,0.0168,0.0665,0.9219,0,RURAL_AGRI_ALLIED
CUST_RUR_04442,rural_agri,21026.26,0.3277,0.1399,0.1093,34.7,0.1298,0,1419.61,13.13,3.98,0.0365,0.0636,0.5458,0,RURAL_AGRI_ALLIED
CUST_SAL_04443,salaried_tier1,108382.04,0.0246,0.4829,0.0305,65.2,0.3447,0,-6831.7,17.58,5.0,0.0564,0.0613,1.7509,0,ESTABLISHED_FAMILY_HIGH_DEBT
CUST_KIR_04444,kirana_msme,23286.67,0.2726,0.0828,0.2041,66.9,0.1108,0,2765.74,-1.37,16.52,0.02,0.0755,1.6498,0,MSME_KIRANA_SEASONAL
CUST_KIR_04445,kirana_msme,54336.23,0.1662,0.0989,0.1438,42.7,0.1266,0,1117.62,27.17,20.36,0.0232,0.1239,1.5883,0,MSME_KIRANA_SEASONAL
CUST_RUR_04446,rural_agri,27270.58,0.6968,0.0936,-0.0695,55.6,0.0714,0,-4165.56,-18.01,5.55,0.0131,0.0162,1.1363,0,RURAL_AGRI_ALLIED
CUST_SAL_04447,salaried_tier1,50828.72,0.041,0.4934,0.2071,102.0,0.4942,0,-2540.67,-10.32,11.78,0.0672,0.0998,2.1209,1,ESTABLISHED_FAMILY_HIGH_DEBT
CUST_GIG_04448,gig_worker,23507.32,0.4567,0.0541,-0.1058,26.2,0.1451,0,-4590.95,1.88,8.69,0.1632,0.043,0.6952,0,EARLY_CAREER_GIG
CUST_KIR_04449,kirana_msme,55129.13,0.3878,0.2682,0.1349,89.0,0.0919,0,5517.15,12.11,6.14,0.0235,0.2075,1.2374,0,MSME_KIRANA_SEASONAL
CUST_GIG_04450,gig_worker,21376.54,0.5736,0.058,-0.1269,43.2,0.2025,0,-5396.59,-5.61,21.41,0.1765,0.1107,1.0537,0,EARLY_CAREER_GIG
CUST_KIR_04451,kirana_msme,64785.89,0.3358,0.1177,0.2937,28.3,0.0668,0,-1462.9,0.42,5.73,0.0296,0.2475,1.5539,0,MSME_KIRANA_SEASONAL
CUST_GIG_04452,gig_worker,19923.51,0.4631,0.1645,-0.1393,44.4,0.2869,0,-7923.59,-20.79,19.01,0.0331,0.1185,1.0328,0,EARLY_CAREER_GIG
CUST_RUR_04453,rural_agri,8000.0,0.65,0.1536,0.0164,22.3,0.1354,1,-993.69,15.2,3.9,0.0038,0.0141,1.001,0,RURAL_AGRI_ALLIED
CUST_RUR_04454,rural_agri,26433.88,0.3483,0.1811,-0.0264,33.8,0.0652,2,-3119.77,8.04,3.04,0.0123,0.0297,0.7806,0,RURAL_AGRI_ALLIED
CUST_RUR_04455,rural_agri,15891.58,0.5652,0.0687,0.0765,5.8,0.1468,2,-1669.58,0.44,5.56,0.0435,0.0357,0.8527,0,RURAL_AGRI_ALLIED
CUST_SAL_04456,salaried_tier1,82730.36,0.0638,0.49,0.1459,95.8,0.2794,0,-3948.09,-12.74,9.59,0.066,0.0477,2.3312,0,ESTABLISHED_FAMILY_HIGH_DEBT
CUST_GIG_04457,gig_worker,16616.83,0.4064,0.1606,-0.0481,15.2,0.2233,3,-625.78,27.8,24.7,0.0507,0.0714,0.6564,1,EARLY_CAREER_GIG
CUST_SAL_04458,salaried_tier1,49677.29,0.0922,0.2613,0.2275,32.3,0.5332,0,13175.61,-2.48,8.76,0.0697,0.1194,1.8027,0,EARLY_CAREER_SALARIED
CUST_KIR_04459,kirana_msme,37079.61,0.3566,0.1812,0.2068,66.7,0.1447,0,11083.37,-1.15,19.28,0.0233,0.2076,1.3683,0,MSME_KIRANA_SEASONAL
CUST_KIR_04460,kirana_msme,63867.05,0.2374,0.0939,0.1616,76.5,0.0961,0,-666.95,2.35,9.36,0.0183,0.0987,1.0777,0,MSME_KIRANA_SEASONAL
CUST_KIR_04461,kirana_msme,18000.0,0.4388,0.156,0.1909,73.4,0.0757,0,3953.06,9.4,16.01,0.0086,0.1425,1.2549,0,MSME_KIRANA_SEASONAL
CUST_KIR_04462,kirana_msme,28617.28,0.1568,0.1276,0.1396,53.4,0.1673,0,8597.85,10.51,10.8,0.0104,0.08,1.6453,0,MSME_KIRANA_SEASONAL
CUST_RUR_04463,rural_agri,17430.52,0.3764,0.2423,-0.0026,32.3,0.0681,0,-2797.75,12.4,2.08,0.0141,0.036,1.199,0,RURAL_AGRI_ALLIED
CUST_SAL_04464,salaried_tier1,95233.85,0.0729,0.1642,0.2076,70.9,0.1831,0,-10863.02,11.18,5.46,0.0406,0.0836,2.073,0,EARLY_CAREER_SALARIED
CUST_GIG_04465,gig_worker,12545.15,0.4228,0.1231,-0.0937,8.6,0.2403,1,-3658.09,21.22,18.03,0.0759,0.0695,1.0148,0,EARLY_CAREER_GIG
CUST_KIR_04466,kirana_msme,70252.39,0.3272,0.1864,0.1301,47.7,0.1831,0,5558.94,-3.14,6.06,0.0201,0.1872,1.3245,0,MSME_KIRANA_SEASONAL
CUST_SAL_04467,salaried_tier1,47414.24,0.0861,0.5423,0.1159,73.2,0.1529,0,-7496.02,20.98,9.19,0.0225,0.0958,1.5969,0,ESTABLISHED_FAMILY_HIGH_DEBT
CUST_SAL_04468,salaried_tier1,99931.75,0.073,0.2247,0.1026,116.0,0.459,0,2884.97,-22.51,4.54,0.033,0.1128,1.8653,0,EARLY_CAREER_SALARIED
CUST_RUR_04469,rural_agri,21840.93,0.7787,0.0809,0.085,57.7,0.0899,0,-1034.69,5.98,0.68,0.015,0.0589,0.8694,0,RURAL_AGRI_ALLIED
CUST_RUR_04470,rural_agri,16833.29,0.545,0.0381,-0.0012,29.5,0.0614,0,-4348.11,-5.37,3.87,0.0289,0.0486,0.6934,0,RURAL_AGRI_ALLIED
CUST_RUR_04471,rural_agri,25606.33,0.4007,0.0414,-0.0565,22.6,0.0653,0,-677.29,-0.3,5.44,0.0269,0.0145,0.8975,0,RURAL_AGRI_ALLIED
CUST_RUR_04472,rural_agri,17258.39,0.676,0.0096,0.1164,7.3,0.0714,3,1816.82,-31.5,5.59,0.0248,0.0524,0.9922,1,RURAL_AGRI_ALLIED
CUST_SAL_04473,salaried_tier1,56787.89,0.0349,0.2358,0.1031,60.6,0.4459,0,767.52,-14.45,4.72,0.0461,0.0827,2.2409,0,EARLY_CAREER_SALARIED
CUST_KIR_04474,kirana_msme,59364.17,0.4296,0.2085,0.2301,76.8,0.0659,0,17013.1,16.24,21.46,0.0144,0.1661,1.1186,0,MSME_KIRANA_SEASONAL
CUST_GIG_04475,gig_worker,19424.5,0.2504,0.0626,-0.0335,12.8,0.1306,2,-3967.09,20.81,22.45,0.0704,0.1271,0.8938,1,EARLY_CAREER_GIG
CUST_KIR_04476,kirana_msme,60195.06,0.2622,0.2002,0.21,86.7,0.0702,0,5456.92,-8.78,23.36,0.0007,0.1053,1.2621,0,MSME_KIRANA_SEASONAL
CUST_KIR_04477,kirana_msme,44822.86,0.1669,0.2497,0.2366,70.5,0.1604,0,4725.79,17.3,22.23,0.0055,0.1403,1.2168,0,MSME_KIRANA_SEASONAL
CUST_KIR_04478,kirana_msme,62052.81,0.4002,0.1316,0.0923,61.4,0.0927,0,-9465.2,16.59,8.03,0.0203,0.2447,0.9347,0,MSME_KIRANA_SEASONAL
CUST_GIG_04479,gig_worker,32086.07,0.4056,0.1943,-0.1253,44.4,0.2662,2,-6793.71,14.88,25.24,0.1686,0.1379,1.3582,0,EARLY_CAREER_GIG
CUST_GIG_04480,gig_worker,33967.31,0.5341,0.1642,0.0715,4.5,0.2426,0,-3968.12,-12.02,24.78,0.171,0.131,1.0799,0,EARLY_CAREER_GIG
CUST_SAL_04481,salaried_tier1,139937.95,0.046,0.3196,0.2989,69.4,0.4319,0,54851.64,16.2,2.93,0.0752,0.0636,2.3027,0,EARLY_CAREER_SALARIED
CUST_KIR_04482,kirana_msme,43140.99,0.3889,0.1938,0.1759,74.9,0.1442,0,9784.57,-1.93,17.44,0.0271,0.2366,1.1145,0,MSME_KIRANA_SEASONAL
CUST_GIG_04483,gig_worker,10000.0,0.4255,0.01,-0.0979,9.4,0.2158,0,-3220.08,-11.97,16.88,0.0851,0.1209,0.8919,0,EARLY_CAREER_GIG
CUST_GIG_04484,gig_worker,19108.6,0.3488,0.0308,-0.0628,16.8,0.1889,0,-2724.5,-1.83,14.63,0.1204,0.1488,1.1671,0,EARLY_CAREER_GIG
CUST_SAL_04485,salaried_tier1,61457.57,0.0878,0.3199,-0.0413,54.4,0.3941,0,-303.7,12.38,11.98,0.0481,0.0897,2.0971,0,EARLY_CAREER_SALARIED
CUST_GIG_04486,gig_worker,17194.26,0.3958,0.0607,0.0391,7.1,0.1438,0,1462.78,11.26,20.15,0.1655,0.0496,1.0817,0,EARLY_CAREER_GIG
CUST_SAL_04487,salaried_tier1,76664.96,0.0367,0.1733,0.1594,106.4,0.245,1,8282.78,1.7,4.98,0.0309,0.0351,1.684,0,EARLY_CAREER_SALARIED
CUST_KIR_04488,kirana_msme,39310.66,0.2763,0.0543,0.0803,20.3,0.0537,1,-2344.85,5.87,19.58,0.0221,0.2261,1.2489,0,MSME_KIRANA_SEASONAL
CUST_GIG_04489,gig_worker,26927.49,0.3828,0.0367,0.0518,4.6,0.277,0,-7518.92,7.36,23.08,0.0424,0.1384,1.1536,0,EARLY_CAREER_GIG
CUST_GIG_04490,gig_worker,20559.67,0.4273,0.0812,-0.0487,35.2,0.2604,0,-5856.81,12.8,16.44,0.1309,0.048,1.0344,0,EARLY_CAREER_GIG
CUST_SAL_04491,salaried_tier1,101180.8,0.0991,0.519,0.1946,68.7,0.3638,0,16296.08,-4.9,9.32,0.0794,0.0245,2.1243,0,ESTABLISHED_FAMILY_HIGH_DEBT
CUST_GIG_04492,gig_worker,20836.03,0.4601,0.0938,0.1061,24.0,0.2269,0,3118.47,-4.69,12.82,0.1774,0.1202,1.1872,0,EARLY_CAREER_GIG
CUST_GIG_04493,gig_worker,13737.03,0.4757,0.1611,0.1387,3.2,0.1952,0,1790.67,4.99,18.08,0.0986,0.0713,0.973,0,EARLY_CAREER_GIG
CUST_GIG_04494,gig_worker,16325.38,0.4025,0.1976,0.0526,33.2,0.2125,0,1016.01,12.79,17.15,0.1715,0.0985,1.2076,0,EARLY_CAREER_GIG
CUST_GIG_04495,gig_worker,20239.31,0.3975,0.1738,-0.1071,14.7,0.1066,0,-1258.38,25.41,26.02,0.052,0.1255,1.1543,0,EARLY_CAREER_GIG
CUST_GIG_04496,gig_worker,28866.03,0.3047,0.0231,0.1273,6.3,0.128,0,4188.14,-3.59,20.05,0.1271,0.113,1.3389,0,EARLY_CAREER_GIG
CUST_KIR_04497,kirana_msme,52507.95,0.3632,0.0972,0.2016,56.4,0.173,0,7363.4,22.32,15.25,0.0153,0.2116,1.5429,0,MSME_KIRANA_SEASONAL
CUST_SAL_04498,salaried_tier1,63772.17,0.0455,0.3443,0.1355,90.0,0.4002,1,-1837.08,-1.64,6.32,0.038,0.0313,1.7349,0,EARLY_CAREER_SALARIED
CUST_SAL_04499,salaried_tier1,52883.96,0.0412,0.4206,0.1887,26.0,0.5275,0,7615.32,17.91,5.04,0.0119,0.0231,1.5798,0,ESTABLISHED_FAMILY_HIGH_DEBT
CUST_KIR_04500,kirana_msme,20652.69,0.4244,0.0654,0.1683,37.7,0.1073,0,-570.24,-14.12,14.07,0.0296,0.0551,1.3451,0,MSME_KIRANA_SEASONAL
CUST_GIG_04501,gig_worker,23446.09,0.4351,0.1904,0.0664,43.0,0.235,0,-453.13,2.19,27.61,0.0664,0.1251,1.1547,0,EARLY_CAREER_GIG
CUST_KIR_04502,kirana_msme,41326.0,0.3829,0.0613,0.13,64.1,0.1923,0,-1922.84,5.05,9.07,0.0071,0.1777,0.9732,0,MSME_KIRANA_SEASONAL
CUST_SAL_04503,salaried_tier1,88320.93,0.0327,0.162,0.1921,37.1,0.3097,0,-925.72,5.36,5.38,0.0414,0.0435,2.6935,0,EARLY_CAREER_SALARIED
CUST_SAL_04504,salaried_tier1,60132.39,0.0825,0.163,0.0442,28.8,0.3112,1,3060.1,-5.07,8.03,0.0729,0.056,1.9856,0,EARLY_CAREER_SALARIED
CUST_KIR_04505,kirana_msme,63949.63,0.4034,0.2307,0.0517,28.2,0.1596,0,-9031.68,-12.56,9.52,0.0032,0.2254,1.4954,0,MSME_KIRANA_SEASONAL
CUST_SAL_04506,salaried_tier1,56595.17,0.0955,0.2,0.3225,49.3,0.4786,2,9913.41,21.24,9.7,0.0286,0.0583,2.175,0,EARLY_CAREER_SALARIED
CUST_GIG_04507,gig_worker,21262.9,0.3719,0.173,-0.0779,18.5,0.1657,0,-3633.98,10.34,24.35,0.1743,0.0997,0.9148,1,EARLY_CAREER_GIG
CUST_SAL_04508,salaried_tier1,69490.51,0.0997,0.2411,0.3429,119.8,0.2066,1,15567.46,34.54,6.66,0.0341,0.083,2.3782,0,EARLY_CAREER_SALARIED
CUST_GIG_04509,gig_worker,23967.84,0.2968,0.1865,0.0915,4.2,0.2074,0,1286.96,6.39,11.85,0.0974,0.1352,0.727,0,EARLY_CAREER_GIG
CUST_RUR_04510,rural_agri,25605.25,0.309,0.1297,0.0408,33.7,0.0819,3,2379.51,22.94,1.19,0.0266,0.0772,1.1223,0,RURAL_AGRI_ALLIED
CUST_SAL_04511,salaried_tier1,36739.13,0.0461,0.1587,0.3199,51.7,0.2968,0,1617.43,5.59,5.62,0.0719,0.1025,2.185,0,EARLY_CAREER_SALARIED
CUST_KIR_04512,kirana_msme,28481.89,0.1799,0.0765,0.2115,27.9,0.186,0,7252.07,9.69,10.58,0.0213,0.2148,1.0262,0,MSME_KIRANA_SEASONAL
CUST_SAL_04513,salaried_tier1,75517.34,0.0833,0.4841,0.0131,86.9,0.5341,0,-9918.41,-14.2,4.59,0.0315,0.0685,2.4317,1,ESTABLISHED_FAMILY_HIGH_DEBT
CUST_GIG_04514,gig_worker,31004.94,0.2572,0.1096,-0.1332,7.9,0.2319,0,-7409.54,24.63,11.28,0.0655,0.1224,0.6374,1,EARLY_CAREER_GIG
CUST_GIG_04515,gig_worker,16596.24,0.5721,0.0281,-0.0352,14.0,0.1452,0,-2815.93,-15.55,16.92,0.1386,0.1343,0.7479,0,EARLY_CAREER_GIG
CUST_KIR_04516,kirana_msme,45208.72,0.2439,0.1126,0.1438,74.4,0.0879,0,-10534.37,-5.13,17.06,0.0291,0.2404,1.0851,0,MSME_KIRANA_SEASONAL
CUST_KIR_04517,kirana_msme,47667.55,0.4303,0.2163,0.2988,52.7,0.0994,0,11327.36,-8.27,13.02,0.0266,0.1684,1.1503,0,MSME_KIRANA_SEASONAL
CUST_RUR_04518,rural_agri,22162.55,0.7195,0.0984,0.0623,27.8,0.0653,2,-2307.75,14.06,3.17,0.0228,0.0226,1.0299,0,RURAL_AGRI_ALLIED
CUST_SAL_04519,salaried_tier1,69145.22,0.0231,0.5221,0.0732,46.5,0.3378,0,13222.64,18.44,3.65,0.0582,0.0307,2.7511,0,ESTABLISHED_FAMILY_HIGH_DEBT
CUST_SAL_04520,salaried_tier1,64861.17,0.0831,0.5241,0.3243,51.0,0.2749,0,25414.3,-9.79,5.92,0.026,0.0818,2.3503,0,ESTABLISHED_FAMILY_HIGH_DEBT
CUST_RUR_04521,rural_agri,28755.53,0.4821,0.208,-0.0779,32.3,0.1448,0,-1727.92,2.97,2.58,0.0134,0.0255,0.6206,0,RURAL_AGRI_ALLIED
CUST_GIG_04522,gig_worker,35497.16,0.3969,0.187,-0.0637,30.8,0.2614,0,-7366.37,24.73,23.85,0.1939,0.1407,1.3214,0,EARLY_CAREER_GIG
CUST_RUR_04523,rural_agri,10218.88,0.6694,0.1991,0.1139,59.8,0.0875,1,830.17,13.7,5.86,0.0461,0.0791,0.7863,0,RURAL_AGRI_ALLIED
CUST_GIG_04524,gig_worker,19117.98,0.6166,0.1542,0.0212,25.4,0.2062,0,-616.02,13.99,26.18,0.073,0.0346,1.3229,0,EARLY_CAREER_GIG
CUST_RUR_04525,rural_agri,16461.94,0.3762,0.2146,-0.0356,18.3,0.0411,3,-489.9,-6.52,1.45,0.0477,0.0335,0.7287,1,RURAL_AGRI_ALLIED
CUST_KIR_04526,kirana_msme,31381.23,0.3413,0.1602,0.2497,71.1,0.1903,0,7592.59,0.7,24.38,0.0101,0.108,1.5543,0,MSME_KIRANA_SEASONAL
CUST_GIG_04527,gig_worker,30549.28,0.6242,0.0168,-0.0103,7.6,0.2744,0,-11568.37,-30.52,27.28,0.1258,0.1291,0.6807,0,EARLY_CAREER_GIG
CUST_RUR_04528,rural_agri,24040.48,0.7314,0.136,0.1823,16.6,0.1362,0,2568.07,27.99,4.83,0.0465,0.0252,0.5214,0,RURAL_AGRI_ALLIED
CUST_GIG_04529,gig_worker,16292.17,0.4069,0.0913,0.0727,11.3,0.2593,0,-1279.17,1.23,19.32,0.106,0.0644,1.4135,0,EARLY_CAREER_GIG
CUST_SAL_04530,salaried_tier1,101566.44,0.0888,0.3355,0.0757,106.7,0.4436,0,-25988.61,19.0,4.91,0.0187,0.1103,1.717,0,EARLY_CAREER_SALARIED
CUST_SAL_04531,salaried_tier1,60255.54,0.0554,0.5388,0.0435,20.3,0.2884,0,-1051.83,-1.95,6.27,0.0277,0.0412,1.5726,0,ESTABLISHED_FAMILY_HIGH_DEBT
CUST_SAL_04532,salaried_tier1,71653.51,0.0958,0.4719,0.2836,92.2,0.5324,2,6845.48,8.45,9.16,0.0314,0.0291,2.5118,1,ESTABLISHED_FAMILY_HIGH_DEBT
CUST_SAL_04533,salaried_tier1,42513.11,0.0526,0.4313,0.06,33.2,0.4452,1,-4261.47,45.04,7.24,0.0628,0.0933,2.2612,0,ESTABLISHED_FAMILY_HIGH_DEBT
CUST_KIR_04534,kirana_msme,39121.67,0.2414,0.2162,0.1591,44.4,0.159,0,889.6,4.76,13.9,0.0215,0.227,1.6692,0,MSME_KIRANA_SEASONAL
CUST_GIG_04535,gig_worker,28664.82,0.3546,0.1594,0.1226,34.1,0.2296,0,-291.53,7.58,21.33,0.1635,0.0376,0.7831,0,EARLY_CAREER_GIG
CUST_GIG_04536,gig_worker,16802.49,0.2969,0.0102,0.1051,22.8,0.1908,0,2162.97,13.87,20.92,0.0509,0.1383,1.0397,0,EARLY_CAREER_GIG
CUST_KIR_04537,kirana_msme,18000.0,0.3421,0.1063,0.0842,57.7,0.1218,0,679.83,13.42,15.93,0.0261,0.2018,1.3304,0,MSME_KIRANA_SEASONAL
CUST_GIG_04538,gig_worker,17805.34,0.6468,0.0353,0.0753,19.6,0.1585,0,1377.89,21.22,23.82,0.19,0.0799,0.997,0,EARLY_CAREER_GIG
CUST_SAL_04539,salaried_tier1,74319.8,0.0854,0.1936,0.2837,80.7,0.3542,0,20793.59,10.13,4.98,0.076,0.0508,2.4678,0,EARLY_CAREER_SALARIED
CUST_SAL_04540,salaried_tier1,59842.25,0.0255,0.235,0.3315,58.9,0.1604,0,-2725.48,-9.81,5.33,0.0199,0.0844,2.7931,0,EARLY_CAREER_SALARIED
CUST_SAL_04541,salaried_tier1,80779.7,0.088,0.3116,0.1135,31.3,0.4591,0,6047.96,-5.81,2.2,0.0766,0.0217,1.6297,0,EARLY_CAREER_SALARIED
CUST_KIR_04542,kirana_msme,43042.32,0.3547,0.2037,0.2634,56.3,0.1592,0,7486.65,-5.22,16.19,0.0226,0.0686,1.784,0,MSME_KIRANA_SEASONAL
CUST_SAL_04543,salaried_tier1,68376.77,0.0482,0.3339,0.1485,31.8,0.2963,1,-5350.71,6.67,6.91,0.0624,0.0954,2.6136,0,EARLY_CAREER_SALARIED
CUST_SAL_04544,salaried_tier1,76706.76,0.0633,0.3625,0.1532,96.7,0.407,0,15884.59,-5.76,7.29,0.0393,0.0438,2.0634,0,ESTABLISHED_FAMILY_HIGH_DEBT
CUST_KIR_04545,kirana_msme,50700.72,0.2258,0.168,0.0856,59.7,0.0535,0,6823.37,15.24,10.54,0.0126,0.2164,1.5123,0,MSME_KIRANA_SEASONAL
CUST_RUR_04546,rural_agri,22703.59,0.4759,0.0709,-0.0301,36.6,0.1328,0,-4000.17,-13.17,2.81,0.0452,0.0334,0.6768,0,RURAL_AGRI_ALLIED
CUST_SAL_04547,salaried_tier1,84793.31,0.0679,0.529,0.1906,117.4,0.4395,0,11245.36,-0.48,2.11,0.028,0.0416,2.5788,0,ESTABLISHED_FAMILY_HIGH_DEBT
CUST_GIG_04548,gig_worker,31503.62,0.557,0.1209,0.0747,19.9,0.2991,0,-6466.67,-10.42,24.64,0.0719,0.1201,0.9598,0,EARLY_CAREER_GIG
CUST_GIG_04549,gig_worker,33127.32,0.2948,0.1032,0.0724,34.6,0.1657,0,-2735.98,9.89,12.17,0.1987,0.0803,1.3711,0,EARLY_CAREER_GIG
CUST_GIG_04550,gig_worker,13585.07,0.6208,0.1671,-0.0692,16.9,0.1206,0,-1094.1,27.24,15.92,0.1553,0.149,1.231,1,EARLY_CAREER_GIG
CUST_RUR_04551,rural_agri,24315.56,0.5845,0.1559,0.1755,5.4,0.0488,3,5210.28,8.52,5.47,0.0015,0.0646,0.5057,0,RURAL_AGRI_ALLIED
CUST_SAL_04552,salaried_tier1,57771.29,0.0369,0.5098,0.2795,21.3,0.4752,0,11383.54,21.73,3.08,0.0379,0.0635,2.2289,0,ESTABLISHED_FAMILY_HIGH_DEBT
CUST_SAL_04553,salaried_tier1,57321.05,0.0329,0.2141,0.3051,109.7,0.4726,0,12104.42,6.75,3.88,0.0488,0.0934,2.5922,0,EARLY_CAREER_SALARIED
CUST_RUR_04554,rural_agri,18899.28,0.492,0.1716,0.0468,21.6,0.1392,4,-4794.7,18.02,3.69,0.0442,0.0521,1.0613,0,RURAL_AGRI_ALLIED
CUST_KIR_04555,kirana_msme,27995.41,0.3282,0.1587,0.108,75.9,0.0724,0,1941.2,7.88,11.07,0.0129,0.0733,1.4108,0,MSME_KIRANA_SEASONAL
CUST_GIG_04556,gig_worker,15289.73,0.6122,0.1138,-0.1416,35.0,0.1842,0,-3583.15,19.15,9.89,0.1911,0.0606,1.1519,0,EARLY_CAREER_GIG
CUST_GIG_04557,gig_worker,31422.44,0.6456,0.1704,0.0838,21.5,0.1793,0,-6089.45,4.01,10.89,0.1764,0.0322,1.2214,0,EARLY_CAREER_GIG
CUST_GIG_04558,gig_worker,17588.54,0.383,0.0538,-0.0359,24.2,0.1848,2,-5198.94,7.12,13.64,0.1158,0.0358,0.8773,0,EARLY_CAREER_GIG
CUST_RUR_04559,rural_agri,13712.1,0.5202,0.0996,-0.0262,25.5,0.0526,0,-1747.95,26.16,3.84,0.0471,0.023,0.786,0,RURAL_AGRI_ALLIED
CUST_RUR_04560,rural_agri,33035.76,0.434,0.1586,-0.0396,11.9,0.1298,0,-2298.27,-2.95,5.61,0.0355,0.0574,0.7781,0,RURAL_AGRI_ALLIED
CUST_GIG_04561,gig_worker,39212.71,0.4081,0.0128,0.0549,35.5,0.2877,0,-2896.76,-0.83,26.52,0.1516,0.0377,0.8322,0,EARLY_CAREER_GIG
CUST_SAL_04562,salaried_tier1,66910.23,0.0439,0.1852,0.1428,89.4,0.1713,1,-8781.92,-5.9,7.19,0.0377,0.0593,2.349,0,EARLY_CAREER_SALARIED
CUST_RUR_04563,rural_agri,17375.21,0.6335,0.0721,0.1437,25.9,0.1057,0,-306.24,-8.71,1.88,0.0257,0.0177,0.8485,0,RURAL_AGRI_ALLIED
CUST_SAL_04564,salaried_tier1,50824.81,0.0732,0.2198,-0.0399,68.1,0.3395,0,2623.74,27.05,2.3,0.0606,0.1142,1.9076,0,EARLY_CAREER_SALARIED
CUST_SAL_04565,salaried_tier1,117371.76,0.0894,0.4445,0.2579,24.5,0.2087,0,39935.54,21.38,9.74,0.0165,0.0766,2.2026,0,ESTABLISHED_FAMILY_HIGH_DEBT
CUST_RUR_04566,rural_agri,15323.79,0.3752,0.1129,0.1644,41.9,0.1193,0,-1009.85,3.52,5.11,0.0419,0.0792,0.8164,0,RURAL_AGRI_ALLIED
CUST_SAL_04567,salaried_tier1,58307.07,0.0761,0.2062,0.3313,61.8,0.1623,0,11027.49,1.44,9.04,0.0616,0.0413,1.8776,0,EARLY_CAREER_SALARIED
CUST_SAL_04568,salaried_tier1,69838.61,0.0763,0.5157,0.1251,27.6,0.5216,0,-6191.97,35.77,10.54,0.051,0.0501,2.1467,1,ESTABLISHED_FAMILY_HIGH_DEBT
CUST_SAL_04569,salaried_tier1,61998.19,0.0648,0.5182,-0.0318,35.4,0.2885,0,-5188.41,-1.34,3.99,0.0273,0.1023,2.5944,1,ESTABLISHED_FAMILY_HIGH_DEBT
CUST_RUR_04570,rural_agri,13787.72,0.714,0.1226,0.0343,12.4,0.1116,3,-47.53,3.15,2.24,0.0349,0.0457,0.9845,1,RURAL_AGRI_ALLIED
CUST_KIR_04571,kirana_msme,39624.42,0.2343,0.1909,0.0925,22.8,0.1173,0,-1419.4,15.4,14.08,0.023,0.2422,1.2204,0,MSME_KIRANA_SEASONAL
CUST_GIG_04572,gig_worker,20422.4,0.54,0.1802,0.1291,31.8,0.253,0,934.72,-4.6,13.25,0.1203,0.0763,0.7451,0,EARLY_CAREER_GIG
CUST_SAL_04573,salaried_tier1,84232.85,0.0798,0.4815,0.2837,96.9,0.1764,0,25076.06,-11.5,9.44,0.0143,0.1183,1.5257,0,ESTABLISHED_FAMILY_HIGH_DEBT
CUST_GIG_04574,gig_worker,32686.47,0.322,0.1074,-0.1489,36.1,0.1228,0,-8628.4,15.73,10.9,0.1875,0.0863,1.0772,0,EARLY_CAREER_GIG
CUST_GIG_04575,gig_worker,10000.0,0.6217,0.0106,0.0752,10.5,0.1824,3,-1386.54,-6.77,18.47,0.0405,0.0633,1.123,0,EARLY_CAREER_GIG
CUST_KIR_04576,kirana_msme,62060.95,0.1921,0.1076,0.1854,30.1,0.1074,1,1583.44,0.25,19.03,0.0199,0.0923,1.3439,0,MSME_KIRANA_SEASONAL
CUST_KIR_04577,kirana_msme,42397.72,0.3477,0.1801,0.2033,22.2,0.062,0,2929.78,29.96,12.19,0.005,0.1117,1.6479,0,MSME_KIRANA_SEASONAL
CUST_SAL_04578,salaried_tier1,87434.21,0.0521,0.2225,0.0493,63.8,0.463,1,-6542.84,7.86,2.03,0.0709,0.0428,1.7409,1,EARLY_CAREER_SALARIED
CUST_RUR_04579,rural_agri,11454.25,0.636,0.2045,0.0383,29.5,0.1206,1,-1108.59,6.16,0.8,0.0429,0.0283,1.0499,0,RURAL_AGRI_ALLIED
CUST_GIG_04580,gig_worker,31030.52,0.3671,0.1613,0.1339,18.5,0.2638,1,4566.94,7.73,15.35,0.1006,0.0669,1.1306,0,EARLY_CAREER_GIG
CUST_RUR_04581,rural_agri,28931.05,0.4598,0.1167,-0.0749,47.0,0.1093,0,-9123.76,20.94,5.3,0.0022,0.0751,0.8674,0,RURAL_AGRI_ALLIED
CUST_KIR_04582,kirana_msme,55706.23,0.163,0.2851,0.2086,31.7,0.0685,0,11821.37,-12.88,8.29,0.0285,0.1989,0.8588,0,MSME_KIRANA_SEASONAL
CUST_GIG_04583,gig_worker,20885.64,0.5516,0.0008,-0.1367,39.5,0.2591,1,-8615.43,26.26,10.9,0.0474,0.1386,1.0496,0,EARLY_CAREER_GIG
CUST_GIG_04584,gig_worker,35803.82,0.3273,0.0969,-0.0369,13.3,0.2115,0,-6294.22,20.61,19.82,0.0542,0.0745,1.0461,0,EARLY_CAREER_GIG
CUST_GIG_04585,gig_worker,21221.04,0.3108,0.1515,-0.1356,20.9,0.2682,3,-3735.15,1.63,13.92,0.1264,0.0572,0.8241,0,EARLY_CAREER_GIG
CUST_RUR_04586,rural_agri,10404.79,0.6957,0.0854,0.1283,15.0,0.0935,2,-1258.49,-19.25,0.89,0.0368,0.0446,0.8149,0,RURAL_AGRI_ALLIED
CUST_KIR_04587,kirana_msme,18854.35,0.361,0.1636,0.2416,76.9,0.1486,0,4506.64,-9.04,11.13,0.0154,0.1541,1.7885,0,MSME_KIRANA_SEASONAL
CUST_SAL_04588,salaried_tier1,41851.81,0.092,0.4122,0.0651,74.4,0.4913,1,-4520.7,18.28,9.87,0.0776,0.0667,1.5975,0,ESTABLISHED_FAMILY_HIGH_DEBT
CUST_GIG_04589,gig_worker,26664.93,0.4868,0.1019,0.1007,40.4,0.2343,0,-743.34,5.99,24.43,0.1227,0.1422,1.1375,0,EARLY_CAREER_GIG
CUST_GIG_04590,gig_worker,18507.88,0.503,0.0532,0.0505,36.5,0.1699,0,-1203.01,-7.3,18.98,0.0835,0.1061,1.3787,0,EARLY_CAREER_GIG
CUST_GIG_04591,gig_worker,12961.32,0.5714,0.1883,-0.1192,41.5,0.2788,0,-1412.31,3.39,21.26,0.0886,0.053,0.626,0,EARLY_CAREER_GIG
CUST_SAL_04592,salaried_tier1,83933.22,0.0827,0.3478,0.1713,111.4,0.5132,0,-486.61,13.92,5.67,0.0722,0.1127,1.9866,0,EARLY_CAREER_SALARIED
CUST_KIR_04593,kirana_msme,18000.0,0.2222,0.0851,0.2321,74.4,0.1038,0,3888.45,-0.09,13.74,0.0292,0.1855,1.7386,0,MSME_KIRANA_SEASONAL
CUST_KIR_04594,kirana_msme,63899.2,0.2196,0.0942,0.1192,75.1,0.0863,0,11392.59,-8.57,12.83,0.0002,0.0784,1.67,0,MSME_KIRANA_SEASONAL
CUST_KIR_04595,kirana_msme,50643.77,0.1563,0.0661,0.2639,56.6,0.1903,0,-2625.77,5.29,19.79,0.0143,0.2328,0.8002,0,MSME_KIRANA_SEASONAL
CUST_GIG_04596,gig_worker,33279.35,0.5715,0.0554,0.0524,30.0,0.2683,2,-1962.14,-18.38,25.59,0.1872,0.0432,0.8415,0,EARLY_CAREER_GIG
CUST_GIG_04597,gig_worker,35021.25,0.3018,0.164,-0.142,27.3,0.1296,1,-11699.16,-22.63,28.0,0.1766,0.0704,1.0729,0,EARLY_CAREER_GIG
CUST_SAL_04598,salaried_tier1,55948.65,0.0292,0.4143,-0.0456,46.2,0.5129,0,2700.57,-3.48,9.95,0.0733,0.076,2.1558,1,ESTABLISHED_FAMILY_HIGH_DEBT
CUST_KIR_04599,kirana_msme,53655.98,0.1826,0.0824,0.099,47.7,0.0784,0,-4183.48,9.38,23.39,0.0295,0.201,1.0577,0,MSME_KIRANA_SEASONAL
CUST_SAL_04600,salaried_tier1,56473.97,0.0239,0.2281,0.017,96.1,0.2178,0,-11342.54,17.92,9.58,0.0415,0.1101,2.1606,0,EARLY_CAREER_SALARIED
CUST_SAL_04601,salaried_tier1,67076.54,0.0537,0.3995,0.1264,76.8,0.4947,0,-1974.18,-6.63,10.03,0.026,0.1106,1.8174,0,ESTABLISHED_FAMILY_HIGH_DEBT
CUST_GIG_04602,gig_worker,19871.71,0.3463,0.1908,0.0469,10.0,0.1787,2,306.45,11.91,16.15,0.0557,0.1171,1.1591,0,EARLY_CAREER_GIG
CUST_RUR_04603,rural_agri,27234.57,0.4232,0.1771,0.0698,27.2,0.0363,0,6121.06,8.46,4.85,0.0257,0.0752,0.7467,0,RURAL_AGRI_ALLIED
CUST_KIR_04604,kirana_msme,37666.24,0.198,0.1607,0.2306,73.2,0.0644,0,2297.41,39.92,13.78,0.009,0.1452,1.2814,0,MSME_KIRANA_SEASONAL
CUST_GIG_04605,gig_worker,27083.15,0.3855,0.179,0.0904,22.5,0.1892,2,-748.14,-2.08,21.59,0.1676,0.1389,1.0435,0,EARLY_CAREER_GIG
CUST_RUR_04606,rural_agri,21106.16,0.6251,0.1337,0.1114,48.6,0.0502,1,-2779.09,0.09,1.15,0.0114,0.0394,0.8938,0,RURAL_AGRI_ALLIED
CUST_RUR_04607,rural_agri,23062.12,0.7879,0.1118,0.005,19.0,0.036,0,-4494.58,0.41,3.22,0.0489,0.0651,0.5654,1,RURAL_AGRI_ALLIED
CUST_SAL_04608,salaried_tier1,34841.06,0.0343,0.3859,0.1612,114.2,0.4099,0,8090.1,21.36,9.61,0.0788,0.0857,1.6205,0,ESTABLISHED_FAMILY_HIGH_DEBT
CUST_RUR_04609,rural_agri,9198.72,0.6291,0.0641,0.1978,23.1,0.0447,0,-1192.8,-3.4,2.23,0.0306,0.0755,1.0992,0,RURAL_AGRI_ALLIED
CUST_KIR_04610,kirana_msme,43015.05,0.1813,0.1635,0.2657,74.4,0.1373,0,2508.73,-18.86,17.19,0.0035,0.1464,0.9003,0,MSME_KIRANA_SEASONAL
CUST_KIR_04611,kirana_msme,37443.53,0.3156,0.1706,0.1579,22.3,0.1545,0,4915.75,-20.67,10.33,0.0036,0.1334,1.6205,0,MSME_KIRANA_SEASONAL
CUST_SAL_04612,salaried_tier1,82295.82,0.028,0.2423,-0.0419,107.9,0.3279,1,-8293.92,24.48,10.62,0.0766,0.0535,2.1085,0,EARLY_CAREER_SALARIED
CUST_KIR_04613,kirana_msme,44276.45,0.4066,0.2866,0.2748,88.1,0.148,0,5754.05,22.23,13.42,0.0078,0.2046,1.3754,0,MSME_KIRANA_SEASONAL
CUST_SAL_04614,salaried_tier1,78289.2,0.0391,0.3908,-0.0272,71.8,0.1895,0,-12469.37,-15.06,10.94,0.0637,0.0568,2.6189,0,ESTABLISHED_FAMILY_HIGH_DEBT
CUST_SAL_04615,salaried_tier1,43124.84,0.0377,0.384,-0.0053,87.1,0.2248,0,2298.61,10.31,7.66,0.0272,0.051,2.0103,0,ESTABLISHED_FAMILY_HIGH_DEBT
CUST_KIR_04616,kirana_msme,42234.01,0.2847,0.0988,0.1462,49.3,0.0836,0,-1299.9,17.4,8.95,0.0187,0.1755,0.8309,0,MSME_KIRANA_SEASONAL
CUST_RUR_04617,rural_agri,33851.24,0.4663,0.2461,0.1212,18.7,0.0584,2,-8837.78,28.21,1.0,0.0018,0.039,0.7716,0,RURAL_AGRI_ALLIED
CUST_RUR_04618,rural_agri,29265.27,0.4589,0.1561,0.1657,8.8,0.115,2,3348.61,21.34,1.98,0.0208,0.0268,1.0558,0,RURAL_AGRI_ALLIED
CUST_KIR_04619,kirana_msme,41036.53,0.4477,0.2602,0.1707,41.7,0.0613,0,9816.79,-7.57,19.23,0.0006,0.2163,1.16,0,MSME_KIRANA_SEASONAL
CUST_RUR_04620,rural_agri,26775.25,0.4187,0.0242,0.0907,59.1,0.1076,1,-1306.37,3.73,2.06,0.0215,0.0204,0.8096,0,RURAL_AGRI_ALLIED
CUST_RUR_04621,rural_agri,21580.65,0.3058,0.0804,0.055,56.1,0.0988,0,-2134.47,-19.55,2.37,0.009,0.0201,0.7465,0,RURAL_AGRI_ALLIED
CUST_GIG_04622,gig_worker,22332.53,0.4583,0.0514,-0.0787,29.1,0.2317,0,-4333.66,23.99,23.29,0.1473,0.0383,1.0249,0,EARLY_CAREER_GIG
CUST_SAL_04623,salaried_tier1,57351.43,0.0704,0.2635,0.0795,69.9,0.4502,0,-4687.49,-2.84,3.07,0.0628,0.0744,2.6615,0,EARLY_CAREER_SALARIED
CUST_GIG_04624,gig_worker,32861.94,0.5827,0.0752,0.0967,31.7,0.1701,3,-396.6,8.55,15.65,0.0822,0.1423,0.6278,0,EARLY_CAREER_GIG
CUST_RUR_04625,rural_agri,13038.54,0.375,0.012,-0.0523,49.5,0.1433,3,-1072.28,5.75,4.49,0.0414,0.0669,0.7557,0,RURAL_AGRI_ALLIED
CUST_GIG_04626,gig_worker,35204.49,0.4391,0.0748,-0.0456,9.6,0.1965,0,-9988.63,-14.19,10.32,0.1855,0.119,1.1317,1,EARLY_CAREER_GIG
CUST_KIR_04627,kirana_msme,58529.2,0.2535,0.208,0.1843,38.4,0.0997,0,1560.63,21.86,20.68,0.0258,0.0642,1.1314,0,MSME_KIRANA_SEASONAL
CUST_KIR_04628,kirana_msme,72942.7,0.1985,0.1296,0.2269,62.2,0.0705,1,-6260.9,25.21,9.48,0.0263,0.1034,1.7378,0,MSME_KIRANA_SEASONAL
CUST_GIG_04629,gig_worker,28260.93,0.4301,0.152,-0.0064,26.8,0.266,1,-9732.71,15.4,17.23,0.0516,0.0368,1.0748,0,EARLY_CAREER_GIG
CUST_KIR_04630,kirana_msme,50546.2,0.3989,0.2945,0.0639,48.0,0.187,0,384.18,8.2,5.35,0.0151,0.2345,1.6713,0,MSME_KIRANA_SEASONAL
CUST_SAL_04631,salaried_tier1,46594.54,0.038,0.269,0.1426,56.0,0.5189,1,1664.55,2.83,8.59,0.0243,0.0802,2.4725,0,EARLY_CAREER_SALARIED
CUST_KIR_04632,kirana_msme,73641.18,0.4005,0.1301,0.0603,23.3,0.1812,0,-6346.09,12.1,5.65,0.0159,0.0774,1.048,0,MSME_KIRANA_SEASONAL
CUST_RUR_04633,rural_agri,14221.42,0.3099,0.1464,-0.0399,53.3,0.1025,1,-3036.66,20.21,1.68,0.0485,0.0777,0.8533,0,RURAL_AGRI_ALLIED
CUST_RUR_04634,rural_agri,20958.9,0.4432,0.0723,0.0522,26.6,0.0441,1,-1957.75,15.79,2.94,0.0116,0.07,0.6497,0,RURAL_AGRI_ALLIED
CUST_SAL_04635,salaried_tier1,46270.6,0.0661,0.3721,0.1976,46.7,0.278,0,1538.73,21.58,8.83,0.0629,0.0394,2.7069,0,ESTABLISHED_FAMILY_HIGH_DEBT
CUST_RUR_04636,rural_agri,12236.42,0.6485,0.1528,0.0727,15.0,0.0615,1,-987.21,-5.52,3.55,0.0384,0.067,0.9295,0,RURAL_AGRI_ALLIED
CUST_KIR_04637,kirana_msme,35291.46,0.4343,0.0843,0.2697,34.2,0.1023,0,2243.12,18.29,6.9,0.0103,0.1547,0.9034,0,MSME_KIRANA_SEASONAL
CUST_GIG_04638,gig_worker,24700.29,0.6254,0.0294,-0.1422,41.5,0.2337,2,-2554.8,-3.13,8.06,0.1121,0.1488,0.8664,0,EARLY_CAREER_GIG
CUST_GIG_04639,gig_worker,25904.9,0.324,0.1066,0.0005,20.4,0.1979,0,-1351.44,-1.11,21.71,0.0406,0.1461,1.0784,0,EARLY_CAREER_GIG
CUST_RUR_04640,rural_agri,14963.23,0.5742,0.2175,0.1703,22.9,0.0971,2,985.74,2.32,3.41,0.0183,0.0365,0.677,0,RURAL_AGRI_ALLIED
CUST_RUR_04641,rural_agri,15527.68,0.4651,0.1076,0.1751,39.7,0.1469,1,-411.53,27.1,5.09,0.037,0.0569,1.0638,0,RURAL_AGRI_ALLIED
CUST_KIR_04642,kirana_msme,52007.57,0.3043,0.2511,0.2756,29.3,0.1536,1,1582.46,7.95,21.69,0.0015,0.1005,1.7179,0,MSME_KIRANA_SEASONAL
CUST_RUR_04643,rural_agri,27677.48,0.4702,0.1213,-0.0294,42.2,0.0802,0,1747.89,2.34,3.26,0.0353,0.0238,1.1655,0,RURAL_AGRI_ALLIED
CUST_SAL_04644,salaried_tier1,33016.28,0.093,0.2357,0.0132,112.7,0.253,1,-2360.61,-15.76,5.82,0.0278,0.0959,2.5043,0,EARLY_CAREER_SALARIED
CUST_GIG_04645,gig_worker,25420.83,0.6137,0.0875,-0.1115,41.8,0.2123,0,-3635.89,11.12,17.45,0.0734,0.1036,1.1258,0,EARLY_CAREER_GIG
CUST_GIG_04646,gig_worker,22125.59,0.5607,0.155,-0.0864,10.8,0.1608,0,-4663.92,11.18,21.4,0.176,0.0816,1.2573,0,EARLY_CAREER_GIG
CUST_GIG_04647,gig_worker,37006.49,0.615,0.0866,-0.0178,10.0,0.2793,0,-2897.98,8.38,19.2,0.0858,0.0477,0.7622,0,EARLY_CAREER_GIG
CUST_SAL_04648,salaried_tier1,99000.06,0.0398,0.5163,0.1574,36.4,0.3153,1,9404.43,14.74,10.75,0.0212,0.1114,2.1216,0,ESTABLISHED_FAMILY_HIGH_DEBT
CUST_RUR_04649,rural_agri,21655.43,0.6364,0.0529,0.0808,35.2,0.0701,1,1841.23,22.95,0.53,0.0209,0.0334,1.1504,0,RURAL_AGRI_ALLIED
CUST_SAL_04650,salaried_tier1,59058.03,0.0975,0.2781,0.1583,58.8,0.5074,3,3821.69,-13.83,9.32,0.0358,0.0339,1.5889,0,EARLY_CAREER_SALARIED
CUST_SAL_04651,salaried_tier1,40046.26,0.0718,0.2321,0.1435,29.8,0.2719,0,-3145.97,2.44,4.82,0.0729,0.1183,2.4034,0,EARLY_CAREER_SALARIED
CUST_GIG_04652,gig_worker,15469.13,0.3561,0.0765,-0.1076,14.8,0.2445,0,-5706.49,-1.82,10.17,0.0892,0.1072,0.7871,0,EARLY_CAREER_GIG
CUST_KIR_04653,kirana_msme,46054.11,0.3096,0.1525,0.1892,88.9,0.0881,0,7463.86,28.56,7.22,0.0196,0.1002,0.9491,0,MSME_KIRANA_SEASONAL
CUST_RUR_04654,rural_agri,16777.83,0.4529,0.0162,0.1778,48.7,0.1481,3,1351.69,25.5,5.35,0.0336,0.0467,0.8327,0,RURAL_AGRI_ALLIED
CUST_KIR_04655,kirana_msme,71164.73,0.2699,0.2348,0.0703,70.8,0.1596,0,9647.34,30.06,15.39,0.0037,0.107,1.0633,0,MSME_KIRANA_SEASONAL
CUST_SAL_04656,salaried_tier1,59041.93,0.0686,0.4218,-0.0165,18.5,0.2089,1,-9520.39,33.77,11.21,0.0565,0.1165,2.3744,1,ESTABLISHED_FAMILY_HIGH_DEBT
CUST_RUR_04657,rural_agri,8000.0,0.5699,0.2001,0.1467,58.7,0.0969,0,798.68,7.85,2.37,0.0162,0.0375,0.7156,0,RURAL_AGRI_ALLIED
CUST_KIR_04658,kirana_msme,25042.59,0.1743,0.0733,0.1863,22.6,0.1587,1,9312.38,19.66,19.47,0.0132,0.1835,1.3974,0,MSME_KIRANA_SEASONAL
CUST_SAL_04659,salaried_tier1,89890.82,0.0645,0.3438,0.1335,56.2,0.2564,0,12118.31,-6.8,11.01,0.0751,0.0781,2.3724,0,EARLY_CAREER_SALARIED
CUST_GIG_04660,gig_worker,22031.06,0.605,0.0495,0.0903,32.9,0.0832,0,3489.43,10.37,11.13,0.1204,0.0665,1.244,0,EARLY_CAREER_GIG
CUST_KIR_04661,kirana_msme,35090.15,0.1913,0.188,0.0953,54.9,0.1535,0,625.29,5.7,19.84,0.0109,0.1858,0.943,0,MSME_KIRANA_SEASONAL
CUST_GIG_04662,gig_worker,21625.93,0.5793,0.1917,-0.1021,31.3,0.1317,0,-1072.16,32.02,10.16,0.1091,0.1063,1.1653,0,EARLY_CAREER_GIG
CUST_KIR_04663,kirana_msme,49832.53,0.318,0.1192,0.1774,47.1,0.0839,0,5417.75,2.85,17.11,0.0246,0.2499,0.8227,0,MSME_KIRANA_SEASONAL
CUST_RUR_04664,rural_agri,14876.59,0.7685,0.0155,0.0174,54.2,0.1438,0,-1094.04,13.43,4.0,0.0204,0.0327,0.8419,0,RURAL_AGRI_ALLIED
CUST_RUR_04665,rural_agri,12380.06,0.3344,0.1277,0.0858,41.2,0.1374,2,-239.94,-1.12,4.87,0.0338,0.068,0.5985,0,RURAL_AGRI_ALLIED
CUST_GIG_04666,gig_worker,25769.25,0.3694,0.0699,-0.1293,44.6,0.148,1,-11043.02,16.12,27.38,0.1378,0.0946,1.4938,0,EARLY_CAREER_GIG
CUST_SAL_04667,salaried_tier1,51639.12,0.0435,0.276,0.2374,32.8,0.2767,0,5196.57,-0.4,9.25,0.0406,0.063,2.6029,0,EARLY_CAREER_SALARIED
CUST_RUR_04668,rural_agri,24981.75,0.5225,0.1757,-0.0689,42.6,0.1283,2,-5610.88,-4.0,5.47,0.0287,0.0673,0.8072,0,RURAL_AGRI_ALLIED
CUST_GIG_04669,gig_worker,28466.17,0.5205,0.0473,-0.0301,13.9,0.095,0,614.81,25.52,12.68,0.0571,0.1136,1.4956,0,EARLY_CAREER_GIG
CUST_GIG_04670,gig_worker,14138.58,0.4504,0.0353,-0.0739,44.5,0.2403,1,-1347.16,16.26,15.64,0.1244,0.048,0.6271,0,EARLY_CAREER_GIG
CUST_KIR_04671,kirana_msme,38158.01,0.2352,0.2616,0.1054,72.2,0.0787,0,4081.04,3.2,20.75,0.0147,0.0568,1.6391,0,MSME_KIRANA_SEASONAL
CUST_RUR_04672,rural_agri,16411.54,0.6747,0.012,0.1951,20.1,0.0684,0,420.23,-12.41,0.61,0.0047,0.0169,0.9217,0,RURAL_AGRI_ALLIED
CUST_GIG_04673,gig_worker,27600.11,0.33,0.014,-0.0176,9.9,0.1118,0,-3527.21,4.82,12.86,0.1789,0.0735,1.2027,0,EARLY_CAREER_GIG
CUST_SAL_04674,salaried_tier1,83803.19,0.0624,0.4901,0.1012,53.2,0.4676,0,4792.86,-27.08,2.77,0.0545,0.1142,2.4322,0,ESTABLISHED_FAMILY_HIGH_DEBT
CUST_KIR_04675,kirana_msme,71488.73,0.2577,0.05,0.1755,49.3,0.1299,0,8196.07,-12.11,15.11,0.0076,0.1419,1.0834,0,MSME_KIRANA_SEASONAL
CUST_RUR_04676,rural_agri,31176.08,0.3063,0.2192,0.0093,40.4,0.0447,1,-103.97,-12.59,1.37,0.0456,0.063,0.9749,0,RURAL_AGRI_ALLIED
CUST_SAL_04677,salaried_tier1,75649.54,0.0403,0.3337,0.1656,63.1,0.1836,0,-1169.54,-10.43,9.39,0.0706,0.0736,1.812,0,EARLY_CAREER_SALARIED
CUST_RUR_04678,rural_agri,9334.66,0.7229,0.1402,0.0134,54.1,0.1294,2,127.42,-9.72,3.88,0.0183,0.0396,1.0098,0,RURAL_AGRI_ALLIED
CUST_GIG_04679,gig_worker,26103.19,0.2931,0.0744,-0.1311,21.2,0.2128,0,-7813.22,7.26,26.76,0.1203,0.1331,1.067,0,EARLY_CAREER_GIG
CUST_GIG_04680,gig_worker,24955.08,0.5238,0.0121,0.0544,9.7,0.1459,1,-5004.06,14.99,18.63,0.1302,0.0497,0.7472,0,EARLY_CAREER_GIG
CUST_SAL_04681,salaried_tier1,113070.47,0.0884,0.204,-0.0217,85.0,0.4583,0,-20507.83,-1.06,7.97,0.0486,0.069,2.0121,0,EARLY_CAREER_SALARIED
CUST_SAL_04682,salaried_tier1,93000.5,0.0921,0.528,0.1531,60.5,0.3516,0,14464.96,-9.58,3.74,0.0735,0.0395,1.5223,0,ESTABLISHED_FAMILY_HIGH_DEBT
CUST_RUR_04683,rural_agri,17606.52,0.547,0.1401,0.1605,9.3,0.0613,1,2491.52,5.75,2.03,0.0205,0.0776,0.8042,0,RURAL_AGRI_ALLIED
CUST_SAL_04684,salaried_tier1,67389.69,0.0887,0.1889,0.0961,54.7,0.2949,0,-2641.06,1.23,9.8,0.0687,0.0631,1.5057,0,EARLY_CAREER_SALARIED
CUST_GIG_04685,gig_worker,16339.75,0.2651,0.0167,-0.0174,44.6,0.1191,2,1131.71,-1.27,16.19,0.1085,0.0903,1.4275,0,EARLY_CAREER_GIG
CUST_KIR_04686,kirana_msme,30476.89,0.4135,0.0676,0.2369,50.8,0.1572,0,2330.41,16.9,9.54,0.0195,0.2495,1.1397,0,MSME_KIRANA_SEASONAL
CUST_SAL_04687,salaried_tier1,36748.53,0.0724,0.2014,0.1455,75.2,0.5127,1,7844.2,2.28,8.32,0.0657,0.0736,1.5782,0,EARLY_CAREER_SALARIED
CUST_SAL_04688,salaried_tier1,92278.1,0.0252,0.3698,-0.0064,56.5,0.3202,0,-23809.03,7.13,2.81,0.0288,0.0841,2.4241,0,ESTABLISHED_FAMILY_HIGH_DEBT
CUST_KIR_04689,kirana_msme,50402.97,0.2974,0.1364,0.2999,26.8,0.1937,0,11635.92,0.17,21.06,0.0133,0.2097,0.8224,0,MSME_KIRANA_SEASONAL
CUST_RUR_04690,rural_agri,19152.47,0.4769,0.2347,0.1952,48.1,0.1161,0,2816.98,-27.69,5.59,0.0184,0.0334,0.7196,0,RURAL_AGRI_ALLIED
CUST_KIR_04691,kirana_msme,64278.82,0.414,0.1539,0.1238,63.9,0.1587,0,9507.85,39.74,10.27,0.0074,0.2001,0.9582,0,MSME_KIRANA_SEASONAL
CUST_KIR_04692,kirana_msme,41798.09,0.1701,0.2236,0.1838,67.4,0.1516,0,9768.81,28.48,5.36,0.0295,0.2113,1.1288,0,MSME_KIRANA_SEASONAL
CUST_KIR_04693,kirana_msme,48143.54,0.3443,0.2962,0.0852,64.0,0.1921,0,-2443.34,7.35,7.39,0.0289,0.0644,1.1361,0,MSME_KIRANA_SEASONAL
CUST_KIR_04694,kirana_msme,42792.52,0.4049,0.1096,0.1667,79.2,0.0678,0,7102.66,-17.9,15.26,0.0174,0.1051,1.2369,0,MSME_KIRANA_SEASONAL
CUST_KIR_04695,kirana_msme,66050.68,0.3011,0.2047,0.1902,20.3,0.1763,0,12804.32,15.34,7.22,0.0199,0.1151,1.2103,0,MSME_KIRANA_SEASONAL
CUST_RUR_04696,rural_agri,14344.74,0.3696,0.1483,0.1872,35.4,0.1154,1,1922.89,8.5,5.71,0.0036,0.0632,0.5734,0,RURAL_AGRI_ALLIED
CUST_KIR_04697,kirana_msme,29031.98,0.2983,0.2403,0.247,25.2,0.1421,1,8643.54,11.68,5.15,0.0067,0.139,1.5853,0,MSME_KIRANA_SEASONAL
CUST_KIR_04698,kirana_msme,47553.24,0.4016,0.1014,0.0669,75.4,0.1461,0,-3299.16,16.67,13.57,0.0289,0.206,1.3666,0,MSME_KIRANA_SEASONAL
CUST_SAL_04699,salaried_tier1,56333.06,0.0485,0.375,0.238,109.8,0.2134,0,4753.54,17.65,6.58,0.0586,0.0713,2.2211,0,ESTABLISHED_FAMILY_HIGH_DEBT
CUST_RUR_04700,rural_agri,20623.29,0.3781,0.2397,0.0868,49.4,0.0366,3,2401.58,11.96,4.27,0.0055,0.0599,0.9854,0,RURAL_AGRI_ALLIED
CUST_SAL_04701,salaried_tier1,59631.21,0.0859,0.3422,0.3332,29.6,0.1714,0,16748.23,6.33,6.57,0.0458,0.1025,1.9706,0,EARLY_CAREER_SALARIED
CUST_SAL_04702,salaried_tier1,26560.03,0.0479,0.5221,0.0572,62.7,0.3471,0,-3745.37,-16.2,8.21,0.0379,0.0919,2.1747,0,ESTABLISHED_FAMILY_HIGH_DEBT
CUST_GIG_04703,gig_worker,27200.08,0.501,0.1044,-0.0875,39.5,0.1014,0,-2916.33,4.26,19.91,0.1046,0.125,1.3673,0,EARLY_CAREER_GIG
CUST_GIG_04704,gig_worker,30262.38,0.4477,0.0998,-0.0435,11.8,0.127,0,-8826.17,-9.6,14.74,0.0854,0.081,1.2137,0,EARLY_CAREER_GIG
CUST_KIR_04705,kirana_msme,43944.78,0.3201,0.0995,0.0532,43.7,0.1459,0,-161.23,0.56,22.21,0.0035,0.0666,1.5539,0,MSME_KIRANA_SEASONAL
CUST_KIR_04706,kirana_msme,51438.6,0.1701,0.1509,0.2604,52.3,0.055,0,3287.03,-5.99,13.16,0.0209,0.1821,0.8864,0,MSME_KIRANA_SEASONAL
CUST_GIG_04707,gig_worker,30218.79,0.3829,0.1332,0.1397,40.5,0.1196,0,-802.81,4.79,27.55,0.1517,0.0603,1.276,0,EARLY_CAREER_GIG
CUST_SAL_04708,salaried_tier1,55028.7,0.0708,0.3559,-0.0017,31.1,0.1578,0,-9986.56,23.66,9.93,0.039,0.0942,2.6535,0,ESTABLISHED_FAMILY_HIGH_DEBT
CUST_RUR_04709,rural_agri,16478.59,0.339,0.0605,-0.0561,48.9,0.0588,1,-3224.34,8.1,4.22,0.0102,0.0154,1.0293,0,RURAL_AGRI_ALLIED
CUST_GIG_04710,gig_worker,16719.26,0.3466,0.1061,-0.1266,36.6,0.224,1,-744.43,14.98,19.56,0.1321,0.1241,1.1123,0,EARLY_CAREER_GIG
CUST_KIR_04711,kirana_msme,40844.96,0.3123,0.1181,0.0593,73.1,0.1874,0,12963.3,10.12,16.11,0.0279,0.1517,1.6379,0,MSME_KIRANA_SEASONAL
CUST_KIR_04712,kirana_msme,38489.49,0.4026,0.0523,0.2499,68.2,0.107,0,11673.1,7.57,9.07,0.016,0.2262,0.9267,0,MSME_KIRANA_SEASONAL
CUST_SAL_04713,salaried_tier1,86128.8,0.0702,0.5264,0.1429,107.4,0.3978,0,12550.04,20.11,3.68,0.0176,0.0882,2.1043,0,ESTABLISHED_FAMILY_HIGH_DEBT
CUST_GIG_04714,gig_worker,29028.45,0.4539,0.0629,0.0828,20.4,0.2861,2,1904.44,23.17,12.82,0.0917,0.1319,1.2722,0,EARLY_CAREER_GIG
CUST_KIR_04715,kirana_msme,64988.1,0.3605,0.2516,0.2234,51.6,0.0981,0,28327.47,14.48,20.67,0.0299,0.1788,1.3208,0,MSME_KIRANA_SEASONAL
CUST_KIR_04716,kirana_msme,30921.2,0.1722,0.0696,0.2656,36.2,0.0663,0,1830.19,4.89,11.79,0.0093,0.1476,1.5135,0,MSME_KIRANA_SEASONAL
CUST_GIG_04717,gig_worker,24533.48,0.4344,0.1652,-0.1204,12.8,0.2541,2,-7078.13,-13.04,8.39,0.1819,0.0759,1.0764,1,EARLY_CAREER_GIG
CUST_RUR_04718,rural_agri,17631.16,0.6039,0.2058,0.0567,11.1,0.1457,0,2187.82,6.8,0.53,0.0242,0.0593,1.196,0,RURAL_AGRI_ALLIED
CUST_KIR_04719,kirana_msme,32253.43,0.257,0.0776,0.2174,85.9,0.1463,0,655.27,20.08,16.85,0.0213,0.209,1.3033,0,MSME_KIRANA_SEASONAL
CUST_RUR_04720,rural_agri,15302.52,0.6088,0.1716,0.1144,52.8,0.1392,1,3858.6,5.33,4.71,0.0101,0.0125,1.1259,0,RURAL_AGRI_ALLIED
CUST_KIR_04721,kirana_msme,73736.03,0.4028,0.0911,0.2641,26.9,0.1825,0,13964.66,0.74,11.0,0.0028,0.2056,1.497,0,MSME_KIRANA_SEASONAL
CUST_SAL_04722,salaried_tier1,110927.6,0.059,0.4278,0.2756,89.9,0.2698,1,23802.82,-1.58,6.65,0.0503,0.0683,2.2157,0,ESTABLISHED_FAMILY_HIGH_DEBT
CUST_SAL_04723,salaried_tier1,83802.73,0.0421,0.1884,0.2904,32.7,0.1625,0,23638.18,-10.39,4.2,0.0221,0.0949,1.8304,0,EARLY_CAREER_SALARIED
CUST_KIR_04724,kirana_msme,18000.0,0.2105,0.287,0.2892,59.5,0.0782,0,3391.54,10.82,12.56,0.0041,0.1887,1.7285,0,MSME_KIRANA_SEASONAL
CUST_SAL_04725,salaried_tier1,46521.42,0.0631,0.4375,0.0192,35.6,0.1693,3,-14703.36,28.16,7.53,0.0401,0.0437,2.6382,1,ESTABLISHED_FAMILY_HIGH_DEBT
CUST_SAL_04726,salaried_tier1,84264.77,0.0292,0.4522,0.2793,44.0,0.4348,0,19230.82,14.9,7.1,0.0695,0.0652,2.344,0,ESTABLISHED_FAMILY_HIGH_DEBT
CUST_RUR_04727,rural_agri,10292.09,0.4369,0.1665,-0.0612,5.6,0.1173,1,-1724.64,25.91,3.48,0.0473,0.0527,1.1319,0,RURAL_AGRI_ALLIED
CUST_RUR_04728,rural_agri,13643.47,0.4863,0.1575,0.0367,34.0,0.1478,0,1183.7,-3.89,5.58,0.0118,0.0248,0.9535,0,RURAL_AGRI_ALLIED
CUST_GIG_04729,gig_worker,37895.27,0.578,0.0132,-0.0191,35.9,0.249,0,-772.0,1.1,23.67,0.0535,0.0993,0.6103,0,EARLY_CAREER_GIG
CUST_SAL_04730,salaried_tier1,78750.06,0.0738,0.2041,-0.0263,64.0,0.2282,0,-16623.38,-5.57,4.15,0.0579,0.1061,1.8436,0,EARLY_CAREER_SALARIED
CUST_SAL_04731,salaried_tier1,42758.67,0.0957,0.2474,-0.0127,73.5,0.365,0,-6835.37,23.52,5.23,0.0352,0.0537,2.7567,0,EARLY_CAREER_SALARIED
CUST_SAL_04732,salaried_tier1,25000.0,0.0542,0.467,0.1937,90.2,0.2607,1,3753.62,-1.08,7.96,0.0669,0.1066,1.5457,0,ESTABLISHED_FAMILY_HIGH_DEBT
CUST_GIG_04733,gig_worker,21537.59,0.6463,0.1835,-0.051,12.4,0.1354,1,-5882.73,16.32,12.33,0.0708,0.0688,1.2532,0,EARLY_CAREER_GIG
CUST_RUR_04734,rural_agri,19457.38,0.7308,0.1808,-0.035,31.2,0.1392,0,-3149.01,17.0,1.29,0.0071,0.0669,1.1913,0,RURAL_AGRI_ALLIED
CUST_KIR_04735,kirana_msme,40284.08,0.3745,0.2147,0.1319,24.6,0.0879,0,-5879.08,11.65,24.5,0.0077,0.2173,0.8211,0,MSME_KIRANA_SEASONAL
CUST_SAL_04736,salaried_tier1,84512.37,0.0707,0.381,0.1448,42.1,0.1759,0,-197.01,-22.64,11.06,0.0681,0.082,1.6289,0,ESTABLISHED_FAMILY_HIGH_DEBT
CUST_KIR_04737,kirana_msme,69861.43,0.1879,0.1828,0.2532,55.7,0.0521,0,8691.76,-19.78,23.68,0.0268,0.2145,1.4686,0,MSME_KIRANA_SEASONAL
CUST_KIR_04738,kirana_msme,45143.8,0.2099,0.2319,0.0723,87.1,0.1815,0,-4544.14,-3.01,17.67,0.0016,0.1825,1.5899,0,MSME_KIRANA_SEASONAL
CUST_KIR_04739,kirana_msme,38519.57,0.2917,0.0999,0.2349,84.8,0.1682,0,16133.47,14.34,12.28,0.007,0.2436,1.7842,0,MSME_KIRANA_SEASONAL
CUST_GIG_04740,gig_worker,17990.56,0.3228,0.1282,-0.0201,42.5,0.1605,2,-3029.85,8.55,22.11,0.0587,0.1199,1.0918,0,EARLY_CAREER_GIG
CUST_GIG_04741,gig_worker,11447.37,0.4422,0.1711,-0.1036,10.1,0.1975,0,-2599.27,-0.61,13.33,0.0414,0.036,0.9782,0,EARLY_CAREER_GIG
CUST_SAL_04742,salaried_tier1,69415.85,0.0707,0.1716,0.2413,118.7,0.3218,0,5024.54,10.16,9.37,0.0653,0.0278,2.3572,0,EARLY_CAREER_SALARIED
CUST_SAL_04743,salaried_tier1,63836.44,0.0984,0.2678,0.1861,68.2,0.3643,0,28598.47,14.43,2.07,0.0691,0.0401,2.1989,0,EARLY_CAREER_SALARIED
CUST_RUR_04744,rural_agri,37301.26,0.5487,0.1045,0.045,12.8,0.1463,1,-5547.71,-4.2,4.42,0.044,0.0308,0.7008,0,RURAL_AGRI_ALLIED
CUST_SAL_04745,salaried_tier1,81626.66,0.0667,0.1728,0.3487,75.4,0.506,0,14762.28,-7.16,6.54,0.0396,0.0418,2.2572,0,EARLY_CAREER_SALARIED
CUST_SAL_04746,salaried_tier1,68413.03,0.0852,0.3752,0.272,71.1,0.328,0,13132.44,-2.47,5.71,0.0766,0.0876,1.503,0,ESTABLISHED_FAMILY_HIGH_DEBT
CUST_SAL_04747,salaried_tier1,91657.24,0.0798,0.1847,0.049,83.9,0.4536,0,2699.55,-11.99,5.51,0.0103,0.0777,2.0281,0,EARLY_CAREER_SALARIED
CUST_SAL_04748,salaried_tier1,44133.61,0.0772,0.3329,0.2988,72.2,0.2239,0,12966.5,-1.47,2.84,0.0134,0.0336,2.511,0,EARLY_CAREER_SALARIED
CUST_KIR_04749,kirana_msme,82659.1,0.373,0.2575,0.179,49.1,0.0794,0,7676.45,0.36,10.82,0.0134,0.1979,1.3499,0,MSME_KIRANA_SEASONAL
CUST_RUR_04750,rural_agri,25271.92,0.6138,0.1146,-0.0284,14.6,0.0707,3,-6928.42,-12.85,5.4,0.0421,0.0421,1.0277,1,RURAL_AGRI_ALLIED
CUST_KIR_04751,kirana_msme,36296.46,0.1984,0.0738,0.224,53.8,0.0513,0,11653.72,26.13,5.77,0.0091,0.1945,1.4195,0,MSME_KIRANA_SEASONAL
CUST_KIR_04752,kirana_msme,51173.41,0.1734,0.1651,0.1297,55.6,0.1949,0,4872.03,-13.35,24.82,0.0297,0.2093,1.6656,0,MSME_KIRANA_SEASONAL
CUST_GIG_04753,gig_worker,34605.14,0.3766,0.1234,-0.115,29.6,0.2773,0,-1141.51,-14.73,20.71,0.0305,0.0446,1.2881,0,EARLY_CAREER_GIG
CUST_KIR_04754,kirana_msme,67596.52,0.1767,0.1038,0.2091,76.1,0.0788,0,19719.99,-14.49,7.36,0.0132,0.2201,1.6705,0,MSME_KIRANA_SEASONAL
CUST_RUR_04755,rural_agri,14820.44,0.6532,0.0316,0.0661,25.9,0.1497,1,2125.47,10.47,1.22,0.0496,0.0136,0.9775,0,RURAL_AGRI_ALLIED
CUST_RUR_04756,rural_agri,21326.14,0.6196,0.1282,0.1026,54.9,0.1005,3,4955.08,36.81,5.26,0.033,0.0463,1.0475,0,RURAL_AGRI_ALLIED
CUST_SAL_04757,salaried_tier1,95708.1,0.0723,0.4733,0.2577,100.3,0.3341,0,28890.31,-5.85,4.1,0.0702,0.0922,2.3314,0,ESTABLISHED_FAMILY_HIGH_DEBT
CUST_GIG_04758,gig_worker,26534.85,0.3574,0.1624,0.015,11.0,0.1472,0,4854.35,-0.95,11.76,0.0931,0.1133,0.8812,0,EARLY_CAREER_GIG
CUST_KIR_04759,kirana_msme,19403.9,0.1951,0.1908,0.1523,49.8,0.1842,0,364.15,3.59,10.08,0.0129,0.2224,1.1883,0,MSME_KIRANA_SEASONAL
CUST_RUR_04760,rural_agri,15897.82,0.4021,0.1415,0.0226,20.8,0.1222,1,-2714.27,24.34,2.22,0.0423,0.0312,1.1969,0,RURAL_AGRI_ALLIED
CUST_KIR_04761,kirana_msme,54546.36,0.2577,0.0721,0.1482,67.8,0.064,0,14849.31,24.09,17.16,0.0057,0.0683,0.8629,0,MSME_KIRANA_SEASONAL
CUST_RUR_04762,rural_agri,18529.99,0.5031,0.1069,0.183,24.2,0.149,1,-789.57,15.19,2.42,0.0042,0.0159,1.0897,0,RURAL_AGRI_ALLIED
CUST_GIG_04763,gig_worker,24540.77,0.4753,0.1305,-0.0853,6.0,0.0964,0,-5919.99,1.51,10.53,0.075,0.0941,0.7923,0,EARLY_CAREER_GIG
CUST_SAL_04764,salaried_tier1,67817.15,0.0983,0.3651,0.3045,62.0,0.3988,0,15292.62,5.11,9.64,0.0138,0.0562,1.7858,0,ESTABLISHED_FAMILY_HIGH_DEBT
CUST_KIR_04765,kirana_msme,40142.24,0.1996,0.228,0.2149,29.5,0.1167,0,1872.03,-19.65,16.52,0.027,0.2295,1.1372,0,MSME_KIRANA_SEASONAL
CUST_RUR_04766,rural_agri,8000.0,0.3309,0.1447,0.0754,29.8,0.0797,3,1624.16,-2.03,4.99,0.0477,0.0667,0.9206,0,RURAL_AGRI_ALLIED
CUST_RUR_04767,rural_agri,14867.21,0.4775,0.2028,0.0083,45.0,0.1385,0,-3176.63,-7.59,5.39,0.0119,0.0207,0.5002,0,RURAL_AGRI_ALLIED
CUST_SAL_04768,salaried_tier1,80112.67,0.0334,0.3834,0.0332,35.7,0.3882,0,6206.78,-12.83,9.63,0.0686,0.1116,1.9501,0,ESTABLISHED_FAMILY_HIGH_DEBT
CUST_GIG_04769,gig_worker,19548.41,0.3225,0.1666,0.1232,5.8,0.1487,0,1138.48,28.83,19.41,0.1696,0.1407,1.4448,0,EARLY_CAREER_GIG
CUST_KIR_04770,kirana_msme,63861.43,0.3051,0.2058,0.1886,64.6,0.1258,0,14790.62,7.36,12.68,0.0038,0.2203,1.4936,0,MSME_KIRANA_SEASONAL
CUST_SAL_04771,salaried_tier1,87420.97,0.0329,0.2277,0.0095,22.6,0.2633,0,5955.57,-4.11,11.71,0.0589,0.0783,1.7248,0,EARLY_CAREER_SALARIED
CUST_KIR_04772,kirana_msme,59922.37,0.3666,0.197,0.2876,66.4,0.1098,0,10684.78,-2.05,23.5,0.0013,0.0869,1.1907,0,MSME_KIRANA_SEASONAL
CUST_SAL_04773,salaried_tier1,78615.08,0.0647,0.3694,0.0675,85.9,0.4947,0,-7083.19,0.72,5.51,0.0698,0.0766,2.2962,0,ESTABLISHED_FAMILY_HIGH_DEBT
CUST_RUR_04774,rural_agri,22723.37,0.487,0.2378,0.0177,29.1,0.1268,0,-1355.01,2.68,2.14,0.0297,0.0643,0.9941,0,RURAL_AGRI_ALLIED
CUST_KIR_04775,kirana_msme,62355.27,0.1738,0.186,0.1333,56.6,0.0671,0,392.66,-1.66,14.06,0.0133,0.1159,0.8765,0,MSME_KIRANA_SEASONAL
CUST_RUR_04776,rural_agri,14512.49,0.7509,0.2062,-0.0953,13.1,0.111,0,-4309.86,-16.61,4.83,0.0438,0.0235,1.1434,0,RURAL_AGRI_ALLIED
CUST_SAL_04777,salaried_tier1,48158.73,0.09,0.5336,0.083,36.8,0.1801,0,8562.35,11.7,2.29,0.0133,0.0709,1.6813,0,ESTABLISHED_FAMILY_HIGH_DEBT
CUST_KIR_04778,kirana_msme,28484.82,0.3666,0.1097,0.1278,46.9,0.0774,0,10082.55,22.53,11.36,0.0034,0.0572,0.9319,0,MSME_KIRANA_SEASONAL
CUST_SAL_04779,salaried_tier1,82869.5,0.0273,0.3005,0.3057,98.8,0.2434,1,19882.21,-9.02,4.64,0.0131,0.0697,2.3851,0,EARLY_CAREER_SALARIED
CUST_SAL_04780,salaried_tier1,98455.88,0.0824,0.4115,0.2111,64.8,0.3167,0,17737.71,10.9,2.71,0.0428,0.0931,2.196,0,ESTABLISHED_FAMILY_HIGH_DEBT
CUST_SAL_04781,salaried_tier1,77409.19,0.0302,0.3672,0.0958,36.7,0.4092,0,8952.12,-4.84,7.87,0.0173,0.055,2.4975,0,ESTABLISHED_FAMILY_HIGH_DEBT
CUST_SAL_04782,salaried_tier1,57124.36,0.0691,0.5028,0.1672,42.1,0.4663,0,12214.2,-4.15,11.02,0.0442,0.0535,2.233,0,ESTABLISHED_FAMILY_HIGH_DEBT
CUST_GIG_04783,gig_worker,14434.08,0.4308,0.0847,-0.0605,10.4,0.138,0,-1862.35,14.63,27.59,0.0667,0.0545,1.2171,0,EARLY_CAREER_GIG
CUST_SAL_04784,salaried_tier1,46717.72,0.0422,0.3201,0.1497,94.6,0.2571,0,-3725.1,13.03,3.79,0.0431,0.0451,2.2782,0,EARLY_CAREER_SALARIED
CUST_KIR_04785,kirana_msme,29821.93,0.2746,0.0886,0.0633,61.0,0.1045,0,1903.11,-3.47,18.6,0.0081,0.2315,0.9146,0,MSME_KIRANA_SEASONAL
CUST_KIR_04786,kirana_msme,48480.99,0.1825,0.1874,0.127,71.6,0.0617,0,7866.8,0.64,19.69,0.0211,0.0857,1.2782,0,MSME_KIRANA_SEASONAL
CUST_RUR_04787,rural_agri,19644.02,0.7923,0.0783,0.1893,28.9,0.1302,1,-1496.2,10.05,5.34,0.0036,0.0578,0.6437,0,RURAL_AGRI_ALLIED
CUST_RUR_04788,rural_agri,10328.67,0.5658,0.1574,0.1669,13.8,0.0858,0,1648.66,31.39,1.51,0.0109,0.0639,0.7994,0,RURAL_AGRI_ALLIED
CUST_KIR_04789,kirana_msme,41278.4,0.2488,0.1272,0.2148,59.4,0.1207,0,6617.81,-10.89,21.32,0.0123,0.2281,1.2839,0,MSME_KIRANA_SEASONAL
CUST_KIR_04790,kirana_msme,72937.73,0.2144,0.061,0.1597,82.6,0.1176,0,673.03,-1.31,14.28,0.0144,0.097,1.0084,0,MSME_KIRANA_SEASONAL
CUST_SAL_04791,salaried_tier1,86418.24,0.045,0.3705,0.2818,103.1,0.4118,0,29175.13,23.11,4.92,0.057,0.0458,1.7118,0,ESTABLISHED_FAMILY_HIGH_DEBT
CUST_RUR_04792,rural_agri,25893.03,0.4238,0.2321,-0.0948,9.5,0.0484,1,-300.74,-8.79,5.7,0.0174,0.0343,0.936,0,RURAL_AGRI_ALLIED
CUST_SAL_04793,salaried_tier1,60578.39,0.0674,0.4636,0.0315,47.3,0.2027,0,-4331.49,6.81,10.26,0.0779,0.1184,2.2332,0,ESTABLISHED_FAMILY_HIGH_DEBT
CUST_SAL_04794,salaried_tier1,81626.16,0.0918,0.3267,0.1208,17.7,0.1563,0,12754.27,8.93,8.6,0.0267,0.1063,2.1129,0,EARLY_CAREER_SALARIED
CUST_SAL_04795,salaried_tier1,48181.76,0.07,0.5263,0.1812,103.1,0.3762,0,-162.73,18.16,7.75,0.0617,0.0596,2.2381,0,ESTABLISHED_FAMILY_HIGH_DEBT
CUST_KIR_04796,kirana_msme,62775.15,0.4298,0.2488,0.0833,75.1,0.1197,0,-3380.18,4.23,12.19,0.0105,0.1026,1.7912,0,MSME_KIRANA_SEASONAL
CUST_SAL_04797,salaried_tier1,87583.38,0.0848,0.223,0.1747,103.9,0.3658,1,6866.13,26.59,5.48,0.0712,0.0785,2.6803,0,EARLY_CAREER_SALARIED
CUST_GIG_04798,gig_worker,27851.77,0.5744,0.1903,0.1119,6.1,0.267,1,3901.7,12.31,22.79,0.1792,0.0312,1.4341,0,EARLY_CAREER_GIG
CUST_SAL_04799,salaried_tier1,30635.45,0.0805,0.3393,0.31,89.6,0.2057,0,6109.58,25.68,5.44,0.0567,0.1094,1.8439,0,EARLY_CAREER_SALARIED
CUST_GIG_04800,gig_worker,24821.57,0.4517,0.1402,0.0054,17.0,0.1337,0,-8250.12,8.73,15.15,0.1671,0.0386,1.4828,0,EARLY_CAREER_GIG
CUST_SAL_04801,salaried_tier1,90587.15,0.089,0.4523,0.2761,106.4,0.4634,0,14699.66,10.99,9.87,0.0322,0.0445,1.8442,0,ESTABLISHED_FAMILY_HIGH_DEBT
CUST_SAL_04802,salaried_tier1,53638.47,0.0767,0.4675,0.0759,103.5,0.1732,3,-9936.87,-13.86,5.25,0.0747,0.0332,2.0419,0,ESTABLISHED_FAMILY_HIGH_DEBT
CUST_RUR_04803,rural_agri,26958.59,0.7247,0.1479,0.1975,51.4,0.1117,0,1830.56,16.6,1.68,0.0151,0.058,0.8848,0,RURAL_AGRI_ALLIED
CUST_SAL_04804,salaried_tier1,58004.69,0.0933,0.4315,0.0041,55.1,0.4524,0,-13917.15,-4.12,2.62,0.0577,0.0809,1.7024,1,ESTABLISHED_FAMILY_HIGH_DEBT
CUST_RUR_04805,rural_agri,21874.25,0.7813,0.0533,-0.015,43.9,0.0933,0,-3574.35,53.33,3.86,0.0151,0.0443,1.15,0,RURAL_AGRI_ALLIED
CUST_KIR_04806,kirana_msme,88327.92,0.268,0.0865,0.2161,75.5,0.1762,0,8923.98,6.81,24.57,0.0019,0.2071,1.2046,0,MSME_KIRANA_SEASONAL
CUST_SAL_04807,salaried_tier1,94330.32,0.0982,0.5258,0.0717,54.4,0.3129,0,7703.31,27.34,11.79,0.0443,0.1153,1.9955,0,ESTABLISHED_FAMILY_HIGH_DEBT
CUST_RUR_04808,rural_agri,19125.71,0.7365,0.1904,-0.0305,23.4,0.0667,2,-5962.49,11.25,2.04,0.0294,0.0792,1.1777,0,RURAL_AGRI_ALLIED
CUST_SAL_04809,salaried_tier1,65348.27,0.0404,0.1627,0.3354,74.7,0.4303,0,7799.11,22.32,3.71,0.0539,0.098,1.693,0,EARLY_CAREER_SALARIED
CUST_RUR_04810,rural_agri,13094.71,0.6658,0.1028,0.1022,20.1,0.0465,0,1300.71,-15.56,1.58,0.0182,0.0638,1.0624,0,RURAL_AGRI_ALLIED
CUST_SAL_04811,salaried_tier1,59476.88,0.0652,0.3069,0.3118,15.4,0.3108,0,3431.37,13.7,5.58,0.0572,0.078,2.6582,0,EARLY_CAREER_SALARIED
CUST_RUR_04812,rural_agri,24537.54,0.733,0.1196,-0.0838,45.6,0.0861,0,-6563.79,5.47,2.1,0.0363,0.0397,0.7318,1,RURAL_AGRI_ALLIED
CUST_SAL_04813,salaried_tier1,89007.79,0.0559,0.204,0.1132,31.8,0.5337,2,11660.01,16.81,2.28,0.0362,0.1095,2.0937,0,EARLY_CAREER_SALARIED
CUST_KIR_04814,kirana_msme,51723.96,0.4176,0.2038,0.2059,46.5,0.1561,0,2775.23,5.84,24.37,0.0247,0.1535,1.5455,0,MSME_KIRANA_SEASONAL
CUST_GIG_04815,gig_worker,23871.67,0.578,0.027,0.0538,41.7,0.1353,0,-1732.04,24.74,23.49,0.1287,0.0814,0.8471,0,EARLY_CAREER_GIG
CUST_RUR_04816,rural_agri,26487.41,0.38,0.0579,0.0,9.9,0.0833,0,-3701.08,13.89,2.85,0.0099,0.0713,0.5804,0,RURAL_AGRI_ALLIED
CUST_RUR_04817,rural_agri,10135.02,0.4694,0.0671,0.1353,20.6,0.0646,0,-1182.4,-7.26,5.37,0.0146,0.0465,1.1758,0,RURAL_AGRI_ALLIED
CUST_RUR_04818,rural_agri,11970.07,0.517,0.022,0.0767,7.7,0.1054,2,-162.82,21.53,3.08,0.003,0.0108,0.8996,0,RURAL_AGRI_ALLIED
CUST_RUR_04819,rural_agri,12935.81,0.644,0.1437,-0.05,46.5,0.1296,0,-1411.61,-2.62,2.58,0.0029,0.0703,0.9451,0,RURAL_AGRI_ALLIED
CUST_SAL_04820,salaried_tier1,94387.38,0.0342,0.2083,0.2877,106.1,0.4401,0,52318.57,19.11,11.81,0.0643,0.0553,2.6819,0,EARLY_CAREER_SALARIED
CUST_SAL_04821,salaried_tier1,52365.03,0.0858,0.2273,0.3129,77.5,0.3721,0,8408.64,12.99,9.14,0.0519,0.0724,1.5214,0,EARLY_CAREER_SALARIED
CUST_SAL_04822,salaried_tier1,66496.87,0.0326,0.5395,0.0278,99.3,0.2552,0,-18092.87,7.8,10.46,0.0581,0.1072,2.0482,1,ESTABLISHED_FAMILY_HIGH_DEBT
CUST_KIR_04823,kirana_msme,52436.12,0.4087,0.1878,0.1507,75.5,0.1811,0,-20.48,35.19,17.53,0.0201,0.1644,1.7069,0,MSME_KIRANA_SEASONAL
CUST_KIR_04824,kirana_msme,69904.49,0.4303,0.1433,0.1528,21.1,0.1291,0,7373.77,34.88,20.59,0.0217,0.1593,1.516,0,MSME_KIRANA_SEASONAL
CUST_KIR_04825,kirana_msme,68965.73,0.4184,0.184,0.0776,29.2,0.1064,0,1343.93,-2.55,14.06,0.0041,0.0982,1.0251,0,MSME_KIRANA_SEASONAL
CUST_SAL_04826,salaried_tier1,41625.12,0.0363,0.2027,0.313,83.2,0.2662,0,5634.67,-1.98,8.97,0.0277,0.0547,2.2666,0,EARLY_CAREER_SALARIED
CUST_GIG_04827,gig_worker,28113.97,0.5121,0.0833,0.145,29.3,0.275,2,-6500.68,-20.25,13.4,0.1033,0.03,1.3393,0,EARLY_CAREER_GIG
CUST_SAL_04828,salaried_tier1,25000.0,0.0411,0.3241,0.0739,119.0,0.2231,0,-710.71,19.42,10.92,0.0586,0.0984,1.669,0,EARLY_CAREER_SALARIED
CUST_KIR_04829,kirana_msme,29944.95,0.3674,0.2074,0.1241,23.7,0.0857,0,5039.98,10.76,15.15,0.0075,0.1389,1.399,0,MSME_KIRANA_SEASONAL
CUST_KIR_04830,kirana_msme,43395.25,0.2139,0.257,0.1283,61.6,0.0613,0,6890.21,5.3,13.47,0.028,0.1483,1.2607,0,MSME_KIRANA_SEASONAL
CUST_GIG_04831,gig_worker,29073.38,0.5217,0.1622,0.081,12.0,0.2341,0,403.71,17.33,10.57,0.1578,0.1465,0.8196,0,EARLY_CAREER_GIG
CUST_GIG_04832,gig_worker,19172.6,0.4843,0.0063,0.0504,9.1,0.1709,0,-2498.47,34.69,19.58,0.0914,0.0353,0.6958,0,EARLY_CAREER_GIG
CUST_GIG_04833,gig_worker,24767.61,0.3708,0.0519,0.0886,22.6,0.1631,2,-3327.16,14.26,14.3,0.0386,0.0949,1.4193,0,EARLY_CAREER_GIG
CUST_SAL_04834,salaried_tier1,91285.39,0.0965,0.4964,0.0027,62.5,0.3319,0,5981.66,-5.1,5.27,0.053,0.1096,2.7099,1,ESTABLISHED_FAMILY_HIGH_DEBT
CUST_KIR_04835,kirana_msme,27027.7,0.2164,0.2096,0.2957,31.7,0.0848,0,1709.7,2.65,17.52,0.0064,0.2108,1.7376,0,MSME_KIRANA_SEASONAL
CUST_SAL_04836,salaried_tier1,56331.75,0.0374,0.2306,0.0183,107.0,0.1844,0,-10772.55,9.8,4.93,0.0595,0.0403,1.5192,0,EARLY_CAREER_SALARIED
CUST_KIR_04837,kirana_msme,44146.75,0.287,0.0506,0.2051,67.0,0.1686,0,11059.67,-2.14,13.8,0.0109,0.2006,0.9281,0,MSME_KIRANA_SEASONAL
CUST_KIR_04838,kirana_msme,75554.81,0.2343,0.0786,0.1598,87.3,0.1951,0,-4114.45,-4.54,9.07,0.0112,0.171,1.5772,0,MSME_KIRANA_SEASONAL
CUST_SAL_04839,salaried_tier1,40877.74,0.0707,0.4589,0.2833,91.9,0.2137,0,6734.04,-1.69,10.36,0.0276,0.0676,1.9347,0,ESTABLISHED_FAMILY_HIGH_DEBT
CUST_SAL_04840,salaried_tier1,68581.16,0.0354,0.2143,0.2246,23.6,0.3259,0,16149.43,0.05,3.29,0.0443,0.054,1.8031,0,EARLY_CAREER_SALARIED
CUST_RUR_04841,rural_agri,11276.51,0.7681,0.1939,-0.0023,19.2,0.1349,0,-1272.2,32.46,4.58,0.0046,0.067,1.1039,0,RURAL_AGRI_ALLIED
CUST_RUR_04842,rural_agri,11672.23,0.5176,0.0227,0.1685,11.5,0.1217,3,11.48,7.51,2.41,0.0366,0.06,0.6038,0,RURAL_AGRI_ALLIED
CUST_KIR_04843,kirana_msme,46823.43,0.2527,0.2174,0.2455,75.4,0.0556,0,3375.68,-7.28,22.91,0.0185,0.1468,1.3866,0,MSME_KIRANA_SEASONAL
CUST_SAL_04844,salaried_tier1,68405.51,0.0323,0.3932,0.0916,51.4,0.4411,0,2237.17,17.86,8.95,0.0283,0.0586,1.5488,0,ESTABLISHED_FAMILY_HIGH_DEBT
CUST_SAL_04845,salaried_tier1,78554.74,0.094,0.4844,0.3128,113.4,0.2989,0,9634.49,9.62,4.7,0.0623,0.0444,2.1433,0,ESTABLISHED_FAMILY_HIGH_DEBT
CUST_KIR_04846,kirana_msme,29959.57,0.4143,0.0839,0.2412,47.0,0.184,0,284.71,-8.24,13.6,0.0251,0.0521,1.209,0,MSME_KIRANA_SEASONAL
CUST_RUR_04847,rural_agri,16977.89,0.4695,0.1782,0.1167,39.9,0.0696,1,2096.7,-0.75,5.75,0.0226,0.0313,0.538,0,RURAL_AGRI_ALLIED
CUST_SAL_04848,salaried_tier1,46711.88,0.0688,0.212,0.2634,29.5,0.2935,0,9965.08,-3.59,8.33,0.0624,0.0444,2.5468,0,EARLY_CAREER_SALARIED
CUST_GIG_04849,gig_worker,18415.18,0.5989,0.1936,0.044,18.0,0.171,0,-1437.9,-16.1,15.12,0.0355,0.0355,1.2401,0,EARLY_CAREER_GIG
CUST_SAL_04850,salaried_tier1,72337.33,0.0423,0.1793,0.0274,96.7,0.4908,1,-16080.23,1.62,11.51,0.0206,0.0878,2.1953,0,EARLY_CAREER_SALARIED
CUST_RUR_04851,rural_agri,19571.53,0.6795,0.0137,0.0622,40.7,0.1468,2,-831.96,30.45,5.5,0.033,0.0752,0.9471,0,RURAL_AGRI_ALLIED
CUST_KIR_04852,kirana_msme,57470.14,0.2472,0.2759,0.1175,31.2,0.1568,0,15387.56,-13.77,22.41,0.0086,0.0628,1.0629,0,MSME_KIRANA_SEASONAL
CUST_GIG_04853,gig_worker,19238.34,0.6499,0.1777,-0.0687,32.3,0.1652,0,3168.64,1.56,20.79,0.1215,0.1206,0.9304,0,EARLY_CAREER_GIG
CUST_KIR_04854,kirana_msme,63957.61,0.2652,0.2709,0.2339,62.4,0.0797,0,12757.56,20.42,19.6,0.0172,0.1929,1.6338,0,MSME_KIRANA_SEASONAL
CUST_GIG_04855,gig_worker,12837.72,0.5791,0.1827,0.0551,24.5,0.1606,0,700.65,7.9,20.14,0.0567,0.0469,1.2509,0,EARLY_CAREER_GIG
CUST_SAL_04856,salaried_tier1,89725.82,0.0398,0.4034,0.1259,72.6,0.3883,0,-2875.29,9.06,7.68,0.0378,0.04,1.5752,0,ESTABLISHED_FAMILY_HIGH_DEBT
CUST_SAL_04857,salaried_tier1,75089.81,0.097,0.2482,0.329,86.8,0.3663,3,1096.65,-5.11,4.78,0.0338,0.0951,1.9338,0,EARLY_CAREER_SALARIED
CUST_RUR_04858,rural_agri,10483.58,0.3021,0.0498,0.1457,56.7,0.1094,0,1276.9,1.85,1.57,0.044,0.0566,0.8055,0,RURAL_AGRI_ALLIED
CUST_RUR_04859,rural_agri,28933.31,0.7603,0.0332,0.1504,8.6,0.0589,0,2087.33,2.61,0.68,0.0073,0.0714,0.5447,0,RURAL_AGRI_ALLIED
CUST_RUR_04860,rural_agri,20341.0,0.4823,0.0663,0.189,37.6,0.0647,0,1797.64,4.4,3.56,0.0362,0.0432,0.5605,0,RURAL_AGRI_ALLIED
CUST_GIG_04861,gig_worker,13658.73,0.3473,0.0633,0.1476,18.2,0.1954,0,-608.49,5.29,20.92,0.1227,0.0381,0.7292,0,EARLY_CAREER_GIG
CUST_RUR_04862,rural_agri,26935.96,0.356,0.1184,0.0646,47.6,0.0744,3,-3112.88,22.9,4.74,0.0485,0.0691,0.9884,0,RURAL_AGRI_ALLIED
CUST_SAL_04863,salaried_tier1,69645.59,0.0746,0.2189,0.2764,94.5,0.5056,0,21455.76,11.06,3.62,0.067,0.1153,2.64,0,EARLY_CAREER_SALARIED
CUST_KIR_04864,kirana_msme,34234.51,0.252,0.2372,0.2376,31.9,0.1205,0,6109.03,-7.94,17.45,0.0191,0.1439,1.7668,0,MSME_KIRANA_SEASONAL
CUST_KIR_04865,kirana_msme,46591.76,0.2325,0.14,0.2928,20.4,0.0954,0,-3252.35,10.94,18.53,0.009,0.1776,1.079,0,MSME_KIRANA_SEASONAL
CUST_GIG_04866,gig_worker,27298.33,0.5087,0.1607,0.0017,18.8,0.194,0,-6682.28,-6.4,12.1,0.174,0.0739,1.3394,1,EARLY_CAREER_GIG
CUST_KIR_04867,kirana_msme,58806.03,0.3174,0.2049,0.2269,68.2,0.1591,0,11999.63,11.05,9.29,0.0291,0.2203,1.0205,0,MSME_KIRANA_SEASONAL
CUST_SAL_04868,salaried_tier1,68392.14,0.0885,0.5465,0.078,18.8,0.2282,1,-5456.29,-10.42,10.53,0.0411,0.0253,2.1064,1,ESTABLISHED_FAMILY_HIGH_DEBT
CUST_GIG_04869,gig_worker,27916.37,0.4328,0.1593,-0.1323,23.1,0.2091,0,-6528.0,15.8,22.79,0.0613,0.0454,0.872,0,EARLY_CAREER_GIG
CUST_RUR_04870,rural_agri,24271.87,0.4612,0.0247,-0.0904,37.2,0.1143,0,-2537.96,5.37,2.03,0.0182,0.0611,0.8702,0,RURAL_AGRI_ALLIED
CUST_KIR_04871,kirana_msme,18000.0,0.4267,0.102,0.2029,42.2,0.1873,0,1743.56,-7.27,13.44,0.0198,0.0815,1.4762,0,MSME_KIRANA_SEASONAL
CUST_SAL_04872,salaried_tier1,67906.22,0.0257,0.157,0.1896,79.5,0.3599,0,6293.42,-18.63,5.59,0.0593,0.0619,1.931,0,EARLY_CAREER_SALARIED
CUST_SAL_04873,salaried_tier1,78127.37,0.0829,0.4654,0.0583,115.7,0.1571,0,-10226.28,7.26,5.85,0.014,0.0845,1.6355,0,ESTABLISHED_FAMILY_HIGH_DEBT
CUST_SAL_04874,salaried_tier1,53539.88,0.0478,0.4064,0.1813,86.4,0.5176,0,851.9,22.87,4.66,0.051,0.0483,2.0374,0,ESTABLISHED_FAMILY_HIGH_DEBT
CUST_SAL_04875,salaried_tier1,94819.17,0.0689,0.4981,0.3222,68.3,0.4663,0,23155.56,0.58,2.38,0.0777,0.1094,2.4168,0,ESTABLISHED_FAMILY_HIGH_DEBT
CUST_GIG_04876,gig_worker,17700.0,0.6021,0.1717,-0.0632,25.8,0.1845,1,-6229.44,6.97,9.7,0.0346,0.0758,0.7925,0,EARLY_CAREER_GIG
CUST_GIG_04877,gig_worker,16700.91,0.3938,0.0363,0.0799,41.1,0.2591,0,-5454.11,26.34,19.84,0.0856,0.048,0.8692,0,EARLY_CAREER_GIG
CUST_GIG_04878,gig_worker,12886.63,0.6326,0.1143,0.0437,18.0,0.1794,0,962.83,5.36,24.19,0.0454,0.0677,1.4426,0,EARLY_CAREER_GIG
CUST_KIR_04879,kirana_msme,39650.39,0.3816,0.0728,0.1179,74.0,0.1267,0,-168.01,40.89,21.3,0.0161,0.0676,1.2145,0,MSME_KIRANA_SEASONAL
CUST_RUR_04880,rural_agri,23741.27,0.3918,0.1515,0.1256,53.9,0.093,0,1113.49,4.36,5.48,0.0053,0.0261,1.0724,0,RURAL_AGRI_ALLIED
CUST_SAL_04881,salaried_tier1,78079.16,0.0567,0.5372,0.0391,53.0,0.2165,0,-14532.22,32.93,10.2,0.0287,0.0896,1.8561,1,ESTABLISHED_FAMILY_HIGH_DEBT
CUST_KIR_04882,kirana_msme,53134.32,0.198,0.1052,0.1859,79.2,0.0728,0,12832.87,-12.11,8.77,0.0298,0.0509,1.3175,0,MSME_KIRANA_SEASONAL
CUST_RUR_04883,rural_agri,26341.78,0.7035,0.1409,-0.0432,7.9,0.1167,0,841.36,12.24,1.89,0.0075,0.0299,0.6555,0,RURAL_AGRI_ALLIED
CUST_SAL_04884,salaried_tier1,68341.18,0.0617,0.2266,0.1846,78.9,0.2326,0,8333.4,26.21,3.72,0.0452,0.0726,1.9794,0,EARLY_CAREER_SALARIED
CUST_SAL_04885,salaried_tier1,43453.79,0.0785,0.3599,0.1249,83.0,0.3505,0,4857.6,19.12,10.02,0.0397,0.0718,1.5302,0,ESTABLISHED_FAMILY_HIGH_DEBT
CUST_RUR_04886,rural_agri,17992.51,0.6343,0.2346,0.1548,58.0,0.1238,1,-208.58,32.06,1.18,0.0125,0.029,0.7963,0,RURAL_AGRI_ALLIED
CUST_KIR_04887,kirana_msme,32668.6,0.2324,0.0641,0.2972,85.8,0.0774,0,15044.56,-3.82,8.89,0.0205,0.2072,1.0957,0,MSME_KIRANA_SEASONAL
CUST_GIG_04888,gig_worker,28845.79,0.6073,0.1314,0.0631,11.5,0.2385,0,-9318.16,16.41,12.33,0.1175,0.0551,1.3384,0,EARLY_CAREER_GIG
CUST_SAL_04889,salaried_tier1,92631.08,0.0255,0.4415,0.1466,63.2,0.3151,1,14541.8,-14.98,10.14,0.075,0.0368,1.7307,0,ESTABLISHED_FAMILY_HIGH_DEBT
CUST_GIG_04890,gig_worker,13787.57,0.2981,0.1408,0.024,26.7,0.1345,0,-1482.39,11.8,20.58,0.1693,0.0754,1.4908,0,EARLY_CAREER_GIG
CUST_KIR_04891,kirana_msme,64729.89,0.4277,0.1034,0.1869,87.7,0.1732,0,-1408.45,4.41,13.13,0.0195,0.1319,0.8698,0,MSME_KIRANA_SEASONAL
CUST_SAL_04892,salaried_tier1,98425.81,0.0557,0.2452,0.2397,26.2,0.3629,0,-6441.31,-0.3,5.04,0.0339,0.0907,2.7565,0,EARLY_CAREER_SALARIED
CUST_GIG_04893,gig_worker,25402.87,0.4327,0.0312,-0.1266,5.4,0.0988,0,-9034.48,-1.15,9.1,0.1485,0.143,0.6777,1,EARLY_CAREER_GIG
CUST_SAL_04894,salaried_tier1,73068.03,0.0998,0.4936,0.156,59.5,0.2091,0,-6162.18,-39.3,7.95,0.049,0.1024,2.2733,0,ESTABLISHED_FAMILY_HIGH_DEBT
CUST_KIR_04895,kirana_msme,31191.69,0.1504,0.1305,0.2083,59.1,0.1296,0,1284.2,9.52,18.57,0.0182,0.1178,1.0328,0,MSME_KIRANA_SEASONAL
CUST_SAL_04896,salaried_tier1,66944.04,0.0768,0.4713,0.0106,19.7,0.2014,0,-1028.28,17.67,2.43,0.0744,0.0761,2.7435,1,ESTABLISHED_FAMILY_HIGH_DEBT
CUST_SAL_04897,salaried_tier1,68770.09,0.0623,0.4982,-0.0411,29.3,0.2183,0,-18868.71,24.94,4.3,0.0504,0.0983,2.3209,1,ESTABLISHED_FAMILY_HIGH_DEBT
CUST_SAL_04898,salaried_tier1,51994.12,0.0213,0.1913,0.2794,57.6,0.4856,0,14659.86,12.91,9.12,0.0491,0.0552,1.7566,0,EARLY_CAREER_SALARIED
CUST_SAL_04899,salaried_tier1,85568.72,0.047,0.3262,0.2338,84.3,0.4592,0,25730.27,13.13,4.66,0.0344,0.1161,1.5058,0,EARLY_CAREER_SALARIED
CUST_RUR_04900,rural_agri,11290.61,0.5018,0.1275,0.0032,17.4,0.0603,1,-542.56,4.15,3.08,0.0471,0.061,0.9817,0,RURAL_AGRI_ALLIED
CUST_SAL_04901,salaried_tier1,68918.17,0.0855,0.3646,0.1772,117.4,0.2965,0,3499.14,1.23,6.64,0.0202,0.0948,2.1566,0,ESTABLISHED_FAMILY_HIGH_DEBT
CUST_KIR_04902,kirana_msme,51809.04,0.2273,0.2809,0.2242,81.5,0.0922,0,15602.43,-3.01,5.19,0.0023,0.0679,1.1647,0,MSME_KIRANA_SEASONAL
CUST_SAL_04903,salaried_tier1,79438.58,0.0583,0.3201,0.1201,42.5,0.3933,0,7791.66,10.22,7.14,0.0672,0.1173,2.3564,0,EARLY_CAREER_SALARIED
CUST_KIR_04904,kirana_msme,23671.48,0.3495,0.1004,0.0551,60.1,0.1091,0,-2014.69,6.58,17.95,0.0236,0.1171,1.4458,0,MSME_KIRANA_SEASONAL
CUST_RUR_04905,rural_agri,21763.71,0.6866,0.0371,0.1559,27.2,0.1068,0,-2928.34,10.49,3.13,0.0145,0.077,0.6561,0,RURAL_AGRI_ALLIED
CUST_SAL_04906,salaried_tier1,25480.24,0.0844,0.305,0.1423,70.5,0.3929,0,-6472.8,-19.93,6.44,0.0307,0.112,2.385,0,EARLY_CAREER_SALARIED
CUST_RUR_04907,rural_agri,19289.85,0.3106,0.1819,-0.0174,19.3,0.0338,2,2918.02,-16.81,3.17,0.0338,0.0342,0.9052,1,RURAL_AGRI_ALLIED
CUST_SAL_04908,salaried_tier1,70160.71,0.0377,0.45,0.1307,41.3,0.3933,0,-3734.69,-11.27,6.52,0.0669,0.0338,2.4899,0,ESTABLISHED_FAMILY_HIGH_DEBT
CUST_GIG_04909,gig_worker,16162.77,0.3485,0.0409,-0.1371,7.3,0.1026,1,-1534.22,-6.83,19.36,0.1549,0.0601,1.1352,0,EARLY_CAREER_GIG
CUST_KIR_04910,kirana_msme,55352.6,0.4089,0.1887,0.2112,89.5,0.1276,0,7081.38,-9.12,5.96,0.028,0.0724,1.3007,0,MSME_KIRANA_SEASONAL
CUST_RUR_04911,rural_agri,17682.25,0.5483,0.2047,0.1287,23.1,0.0762,1,-1837.99,10.31,5.24,0.0236,0.0725,0.8861,0,RURAL_AGRI_ALLIED
CUST_GIG_04912,gig_worker,30442.11,0.4762,0.1751,-0.0806,32.5,0.2668,1,-7951.09,15.66,21.51,0.0634,0.056,1.1094,0,EARLY_CAREER_GIG
CUST_KIR_04913,kirana_msme,37207.95,0.4261,0.2388,0.2333,51.9,0.1554,0,1123.07,15.55,16.53,0.0136,0.0728,0.8715,0,MSME_KIRANA_SEASONAL
CUST_SAL_04914,salaried_tier1,86851.76,0.0311,0.1929,0.0487,48.0,0.3928,1,10170.32,7.53,8.82,0.0502,0.0444,2.6579,0,EARLY_CAREER_SALARIED
CUST_SAL_04915,salaried_tier1,46994.82,0.0861,0.2896,0.3102,32.7,0.1694,0,10334.8,18.74,2.62,0.06,0.0457,1.6018,0,EARLY_CAREER_SALARIED
CUST_RUR_04916,rural_agri,16745.56,0.333,0.1054,-0.0453,10.3,0.068,0,-4468.47,6.59,1.37,0.0313,0.0683,1.0304,0,RURAL_AGRI_ALLIED
CUST_KIR_04917,kirana_msme,41587.87,0.2971,0.1867,0.2175,66.9,0.1678,0,12123.9,13.91,19.18,0.0279,0.2001,1.6826,0,MSME_KIRANA_SEASONAL
CUST_KIR_04918,kirana_msme,29295.31,0.1749,0.129,0.2536,21.5,0.0725,0,6289.44,1.2,21.21,0.0084,0.1958,0.8372,0,MSME_KIRANA_SEASONAL
CUST_GIG_04919,gig_worker,19983.93,0.4167,0.0157,0.0265,35.8,0.0948,0,4268.63,35.45,25.84,0.0747,0.1433,0.8804,0,EARLY_CAREER_GIG
CUST_KIR_04920,kirana_msme,70349.93,0.2779,0.2762,0.1176,26.6,0.1967,0,8646.08,3.11,21.35,0.0126,0.1272,1.4592,0,MSME_KIRANA_SEASONAL
CUST_RUR_04921,rural_agri,17395.63,0.7368,0.0237,0.115,19.7,0.1195,1,-788.31,12.67,1.84,0.0084,0.0144,0.9456,0,RURAL_AGRI_ALLIED
CUST_GIG_04922,gig_worker,29200.0,0.5835,0.0276,0.0641,15.3,0.1828,0,-2824.77,6.35,14.94,0.0425,0.1107,1.1402,0,EARLY_CAREER_GIG
CUST_GIG_04923,gig_worker,13702.88,0.5001,0.1222,0.0356,40.5,0.2376,1,-642.11,-9.35,13.41,0.0652,0.1234,0.882,0,EARLY_CAREER_GIG
CUST_RUR_04924,rural_agri,19439.09,0.4921,0.0474,-0.0567,55.6,0.0456,0,-3197.14,-13.59,2.74,0.0239,0.0662,0.9425,0,RURAL_AGRI_ALLIED
CUST_SAL_04925,salaried_tier1,58065.49,0.0466,0.335,0.3282,45.1,0.4107,0,-2452.59,9.15,6.72,0.0212,0.1072,2.4521,0,EARLY_CAREER_SALARIED
CUST_SAL_04926,salaried_tier1,29376.6,0.0803,0.3318,-0.0157,52.2,0.4735,0,-7214.62,28.73,3.47,0.0271,0.0415,2.6217,1,EARLY_CAREER_SALARIED
CUST_KIR_04927,kirana_msme,67746.17,0.2952,0.0709,0.2253,39.7,0.0614,0,16136.41,-14.28,13.65,0.0258,0.1573,1.0872,0,MSME_KIRANA_SEASONAL
CUST_SAL_04928,salaried_tier1,55800.34,0.0649,0.3055,0.1112,22.6,0.206,2,7259.47,17.02,2.06,0.0666,0.0287,2.2931,0,EARLY_CAREER_SALARIED
CUST_GIG_04929,gig_worker,23384.93,0.269,0.0129,-0.1346,13.7,0.2564,0,-7521.67,5.48,10.5,0.1886,0.0905,1.1756,0,EARLY_CAREER_GIG
CUST_RUR_04930,rural_agri,15471.36,0.6002,0.0566,-0.0358,34.8,0.0583,0,-3071.7,4.93,0.79,0.0453,0.0416,0.7858,0,RURAL_AGRI_ALLIED
CUST_KIR_04931,kirana_msme,24136.87,0.2751,0.1029,0.2373,55.6,0.1627,0,238.88,2.87,24.32,0.0154,0.0659,0.8015,0,MSME_KIRANA_SEASONAL
CUST_KIR_04932,kirana_msme,32316.12,0.396,0.1323,0.0614,20.6,0.1789,1,4947.61,14.5,6.24,0.0274,0.0702,0.9328,0,MSME_KIRANA_SEASONAL
CUST_RUR_04933,rural_agri,18976.27,0.4054,0.2119,0.0183,20.0,0.0888,3,-1275.62,20.22,2.83,0.0222,0.0683,0.6631,1,RURAL_AGRI_ALLIED
CUST_KIR_04934,kirana_msme,56928.83,0.1897,0.2582,0.2018,69.1,0.1668,0,17132.95,15.12,15.83,0.0103,0.1017,1.2373,0,MSME_KIRANA_SEASONAL
CUST_KIR_04935,kirana_msme,52793.08,0.2435,0.1318,0.1819,78.5,0.1019,0,9878.43,12.58,11.77,0.0226,0.1857,1.1057,0,MSME_KIRANA_SEASONAL
CUST_KIR_04936,kirana_msme,54557.07,0.2911,0.1322,0.2624,61.2,0.1896,0,12854.17,-26.24,12.58,0.0115,0.0978,1.7756,0,MSME_KIRANA_SEASONAL
CUST_RUR_04937,rural_agri,22469.71,0.7492,0.0609,0.0493,36.8,0.0769,3,-3274.88,22.46,5.91,0.0148,0.0151,0.8231,0,RURAL_AGRI_ALLIED
CUST_GIG_04938,gig_worker,14022.66,0.5453,0.0542,0.0809,14.0,0.2026,2,-981.41,-1.48,24.41,0.0751,0.1093,0.7842,0,EARLY_CAREER_GIG
CUST_GIG_04939,gig_worker,30398.7,0.4106,0.0073,-0.0074,9.2,0.1591,0,2955.16,5.8,18.23,0.0631,0.1435,1.4454,0,EARLY_CAREER_GIG
CUST_RUR_04940,rural_agri,25135.44,0.4656,0.1072,0.1311,54.4,0.0519,0,-1657.05,-11.77,5.21,0.0474,0.0296,0.503,0,RURAL_AGRI_ALLIED
CUST_KIR_04941,kirana_msme,19119.3,0.2928,0.0884,0.0644,70.6,0.177,0,-4015.19,-9.79,24.38,0.0,0.1139,1.4266,0,MSME_KIRANA_SEASONAL
CUST_KIR_04942,kirana_msme,36569.05,0.3081,0.2035,0.2613,63.1,0.1072,0,10882.79,-14.13,15.57,0.0101,0.0503,1.3155,0,MSME_KIRANA_SEASONAL
CUST_RUR_04943,rural_agri,38718.35,0.58,0.0118,0.1314,45.2,0.1473,0,6034.57,-8.01,4.92,0.0062,0.0653,0.8877,0,RURAL_AGRI_ALLIED
CUST_KIR_04944,kirana_msme,42843.43,0.3253,0.16,0.0695,86.5,0.0821,0,464.56,-21.91,14.97,0.0043,0.176,1.1772,0,MSME_KIRANA_SEASONAL
CUST_GIG_04945,gig_worker,24066.28,0.5863,0.1711,0.144,5.8,0.1691,0,6677.5,12.91,26.44,0.045,0.0814,0.8104,0,EARLY_CAREER_GIG
CUST_RUR_04946,rural_agri,23937.78,0.5045,0.1938,0.0649,49.7,0.0402,0,274.21,4.61,4.85,0.0076,0.0106,0.6054,0,RURAL_AGRI_ALLIED
CUST_GIG_04947,gig_worker,22769.51,0.4863,0.1488,-0.0658,8.6,0.2254,0,-2907.5,24.1,8.9,0.1226,0.0523,1.3441,0,EARLY_CAREER_GIG
CUST_GIG_04948,gig_worker,22008.92,0.4181,0.151,0.03,8.1,0.2949,2,-6083.16,-0.1,23.55,0.0334,0.0542,1.1208,1,EARLY_CAREER_GIG
CUST_RUR_04949,rural_agri,19829.22,0.3171,0.0458,-0.076,34.4,0.1112,0,-4603.94,-1.77,0.61,0.0132,0.0226,0.8281,0,RURAL_AGRI_ALLIED
CUST_RUR_04950,rural_agri,16130.99,0.6141,0.1835,-0.0667,21.2,0.0814,0,-2306.25,-15.34,1.22,0.0222,0.0613,0.8628,0,RURAL_AGRI_ALLIED
CUST_KIR_04951,kirana_msme,38387.72,0.2775,0.1394,0.1224,62.1,0.0782,0,6670.4,5.27,22.67,0.0282,0.1266,1.2817,0,MSME_KIRANA_SEASONAL
CUST_SAL_04952,salaried_tier1,56541.5,0.0502,0.3302,0.1494,80.9,0.1515,0,-8245.54,18.11,9.1,0.0683,0.0926,1.7213,0,EARLY_CAREER_SALARIED
CUST_KIR_04953,kirana_msme,60231.52,0.3185,0.2946,0.1428,49.2,0.0746,0,-1816.76,13.22,13.15,0.0186,0.2005,1.661,0,MSME_KIRANA_SEASONAL
CUST_GIG_04954,gig_worker,24324.38,0.6481,0.0005,-0.1472,5.8,0.2876,0,-4759.68,8.66,10.54,0.0354,0.0952,1.435,0,EARLY_CAREER_GIG
CUST_KIR_04955,kirana_msme,66784.68,0.3049,0.1822,0.2205,43.5,0.1923,0,4619.8,-1.49,19.15,0.0191,0.2492,1.198,0,MSME_KIRANA_SEASONAL
CUST_GIG_04956,gig_worker,20249.23,0.5048,0.1715,0.1469,20.2,0.2,0,-4457.25,21.6,9.81,0.0496,0.1367,1.1027,0,EARLY_CAREER_GIG
CUST_KIR_04957,kirana_msme,22463.25,0.3482,0.1037,0.223,47.2,0.1159,0,1412.43,4.46,10.13,0.0255,0.1871,1.1482,0,MSME_KIRANA_SEASONAL
CUST_GIG_04958,gig_worker,28100.34,0.3055,0.1777,0.0162,19.2,0.2058,0,-9167.32,5.67,18.96,0.042,0.1093,0.6706,0,EARLY_CAREER_GIG
CUST_SAL_04959,salaried_tier1,56967.97,0.0788,0.2511,0.0219,54.0,0.1833,0,-8957.22,-3.79,4.26,0.0709,0.0495,1.6904,0,EARLY_CAREER_SALARIED
CUST_GIG_04960,gig_worker,27823.61,0.5647,0.0592,0.0694,34.5,0.1369,3,629.95,3.81,19.23,0.0838,0.0729,1.4982,0,EARLY_CAREER_GIG
CUST_KIR_04961,kirana_msme,41082.11,0.3373,0.201,0.1978,30.6,0.1917,0,3469.05,-0.08,15.89,0.0157,0.2377,1.3559,0,MSME_KIRANA_SEASONAL
CUST_SAL_04962,salaried_tier1,51116.86,0.0354,0.3257,-0.0437,45.8,0.318,0,-2300.29,0.74,5.67,0.034,0.0201,2.2062,0,EARLY_CAREER_SALARIED
CUST_SAL_04963,salaried_tier1,67843.02,0.0219,0.2505,0.3017,54.4,0.4258,0,18573.98,14.75,10.33,0.0128,0.1112,2.1135,0,EARLY_CAREER_SALARIED
CUST_GIG_04964,gig_worker,26158.21,0.287,0.1863,0.0746,36.9,0.2084,0,-4820.28,-9.92,26.2,0.1403,0.0801,0.799,0,EARLY_CAREER_GIG
CUST_KIR_04965,kirana_msme,58498.2,0.3842,0.2745,0.2871,82.0,0.0815,0,11553.38,0.48,8.1,0.0259,0.2395,1.4203,0,MSME_KIRANA_SEASONAL
CUST_SAL_04966,salaried_tier1,99306.75,0.061,0.2976,0.0724,84.9,0.4478,0,6687.41,10.23,6.6,0.0415,0.1043,1.9238,0,EARLY_CAREER_SALARIED
CUST_RUR_04967,rural_agri,26846.84,0.6795,0.1576,0.0101,19.2,0.1025,1,-5953.63,4.17,2.35,0.0431,0.0667,0.6803,1,RURAL_AGRI_ALLIED
CUST_GIG_04968,gig_worker,27850.63,0.6183,0.013,0.0062,39.8,0.2896,0,-5420.57,-8.68,13.63,0.1221,0.124,1.3119,0,EARLY_CAREER_GIG
CUST_RUR_04969,rural_agri,12306.77,0.4737,0.1396,0.1974,45.0,0.0664,3,1533.48,16.89,2.61,0.0324,0.0387,0.6583,0,RURAL_AGRI_ALLIED
CUST_KIR_04970,kirana_msme,32140.03,0.1665,0.2682,0.0685,52.5,0.0953,0,5924.84,17.66,10.43,0.0287,0.2444,1.0266,0,MSME_KIRANA_SEASONAL
CUST_KIR_04971,kirana_msme,41294.67,0.2772,0.1369,0.0742,30.4,0.1989,0,-2195.39,2.16,11.07,0.0129,0.1756,1.3986,0,MSME_KIRANA_SEASONAL
CUST_RUR_04972,rural_agri,23783.75,0.5263,0.1585,-0.0119,49.6,0.1026,0,-2360.42,12.85,4.32,0.0107,0.0339,0.8798,0,RURAL_AGRI_ALLIED
CUST_KIR_04973,kirana_msme,58076.04,0.2008,0.1412,0.172,34.2,0.0935,0,1268.47,-1.19,22.39,0.0081,0.1725,1.3202,0,MSME_KIRANA_SEASONAL
CUST_GIG_04974,gig_worker,30287.74,0.3063,0.0709,0.0972,12.7,0.2023,0,1126.94,10.29,21.36,0.1283,0.1436,1.1984,0,EARLY_CAREER_GIG
CUST_SAL_04975,salaried_tier1,114591.06,0.0419,0.1878,0.2611,41.4,0.3061,0,16554.16,-9.33,8.87,0.0731,0.1091,2.3453,0,EARLY_CAREER_SALARIED
CUST_KIR_04976,kirana_msme,23753.47,0.1889,0.2868,0.2545,30.2,0.192,0,-608.02,2.33,10.71,0.0101,0.144,1.7189,0,MSME_KIRANA_SEASONAL
CUST_SAL_04977,salaried_tier1,68069.2,0.0943,0.4784,0.2604,78.6,0.3245,0,687.79,7.18,2.65,0.069,0.0609,1.6131,0,ESTABLISHED_FAMILY_HIGH_DEBT
CUST_SAL_04978,salaried_tier1,44332.91,0.0529,0.3794,0.1885,68.7,0.2957,0,7772.92,20.36,6.6,0.0242,0.1138,1.529,0,ESTABLISHED_FAMILY_HIGH_DEBT
CUST_SAL_04979,salaried_tier1,30499.57,0.0344,0.1741,0.2038,96.8,0.4931,0,-253.96,0.44,11.83,0.0773,0.0792,2.666,0,EARLY_CAREER_SALARIED
CUST_SAL_04980,salaried_tier1,65904.81,0.0798,0.5063,0.141,45.9,0.4614,0,-517.81,3.93,10.88,0.0559,0.0237,1.6118,0,ESTABLISHED_FAMILY_HIGH_DEBT
CUST_RUR_04981,rural_agri,10636.14,0.5534,0.0208,0.0852,25.9,0.133,2,-1159.74,16.98,1.42,0.0237,0.0561,0.5129,0,RURAL_AGRI_ALLIED
CUST_SAL_04982,salaried_tier1,101866.88,0.0829,0.2123,0.3375,39.1,0.2501,0,32642.59,-7.51,10.1,0.0104,0.0664,1.5562,0,EARLY_CAREER_SALARIED
CUST_GIG_04983,gig_worker,25223.36,0.5266,0.1073,0.0323,19.5,0.1962,0,-593.7,29.13,12.37,0.0719,0.0553,1.3784,0,EARLY_CAREER_GIG
CUST_RUR_04984,rural_agri,24319.72,0.614,0.0803,-0.0311,53.5,0.0984,2,-6464.53,13.38,1.63,0.0175,0.0404,1.1477,0,RURAL_AGRI_ALLIED
CUST_GIG_04985,gig_worker,21958.83,0.3264,0.1907,0.0382,33.1,0.1039,0,-1941.16,-11.87,19.35,0.0377,0.0979,1.3289,0,EARLY_CAREER_GIG
CUST_SAL_04986,salaried_tier1,41637.55,0.0849,0.3974,0.2985,59.6,0.3548,0,9972.07,4.05,7.72,0.0487,0.0691,2.2102,0,ESTABLISHED_FAMILY_HIGH_DEBT
CUST_GIG_04987,gig_worker,27713.87,0.4648,0.1644,-0.0775,6.1,0.2307,0,-3908.92,4.82,9.55,0.1925,0.0918,1.1711,0,EARLY_CAREER_GIG
CUST_GIG_04988,gig_worker,26109.98,0.4345,0.0252,0.1219,44.2,0.0939,0,1601.18,6.48,18.68,0.1301,0.0681,1.109,0,EARLY_CAREER_GIG
CUST_GIG_04989,gig_worker,19790.11,0.483,0.0417,0.0127,33.0,0.0945,0,-3958.63,-3.09,9.95,0.1501,0.0673,1.0585,0,EARLY_CAREER_GIG
CUST_GIG_04990,gig_worker,39880.08,0.3179,0.1873,-0.0513,14.3,0.1211,0,181.31,7.95,21.49,0.1638,0.0782,1.4839,0,EARLY_CAREER_GIG
CUST_RUR_04991,rural_agri,14743.53,0.3976,0.0707,0.0991,22.0,0.1351,0,-1874.22,-10.13,5.23,0.0311,0.064,0.7483,0,RURAL_AGRI_ALLIED
CUST_GIG_04992,gig_worker,25295.1,0.4037,0.0431,-0.1181,39.2,0.2335,0,-4072.29,12.78,26.3,0.1595,0.0805,1.2989,0,EARLY_CAREER_GIG
CUST_KIR_04993,kirana_msme,56731.73,0.2516,0.0892,0.1137,38.7,0.1068,0,-3996.76,12.56,12.83,0.026,0.0641,1.0256,0,MSME_KIRANA_SEASONAL
CUST_GIG_04994,gig_worker,20141.36,0.3895,0.1596,-0.0382,38.8,0.1802,0,-1186.32,11.34,10.39,0.0903,0.059,1.1048,0,EARLY_CAREER_GIG
CUST_SAL_04995,salaried_tier1,67228.57,0.0605,0.3063,-0.0357,111.8,0.5261,1,-9322.82,12.73,3.22,0.0515,0.0482,1.8647,0,EARLY_CAREER_SALARIED
CUST_RUR_04996,rural_agri,20255.83,0.46,0.1281,0.0799,7.9,0.0833,1,3595.27,-33.24,2.97,0.0173,0.0708,0.5906,0,RURAL_AGRI_ALLIED
CUST_SAL_04997,salaried_tier1,65533.88,0.0943,0.3974,0.2624,24.4,0.1585,0,13694.92,4.39,10.92,0.0674,0.0915,1.5987,0,ESTABLISHED_FAMILY_HIGH_DEBT
CUST_KIR_04998,kirana_msme,28762.22,0.3182,0.0796,0.0864,25.7,0.1808,0,834.46,2.18,5.01,0.0142,0.1526,1.1279,0,MSME_KIRANA_SEASONAL
CUST_RUR_04999,rural_agri,27130.97,0.5886,0.2111,-0.097,15.3,0.0725,0,-5419.17,-0.0,2.67,0.0486,0.0556,1.1627,1,RURAL_AGRI_ALLIED
CUST_GIG_05000,gig_worker,24095.51,0.2973,0.1544,-0.0406,44.7,0.2714,0,-3248.21,-3.49,22.68,0.1598,0.0399,1.2892,0,EARLY_CAREER_GIG
